66684863000133
66685311000140
04944458000150
93040822000187
03357632000103
00097254000170
00170465000190
00173584000105
01820022000160
00216108000116
00226190000160
94861135000195
05194163000176
01909188000158
05282204000186
01985356000194
02004498000196
00475192000192
00479976000199
05499699000108
00545685000151
05527670000184
03875555000175
05590544000174
05614943000128
05659609000190
03483185000201
05825648000110
05842733000197
02488149000197
12980520000359
05902750000172
00905169000190
05952771000100
04323323000177
00978500000100
06013492000136
04355284000190
02632321000134
01007761000138
06052469000150
06052652000156
06069127000143
01144931000126
73727869000106
01176131000197
56192065000130
06320542000128
04650279000100
06336090000172
06342766000130
57816829000184
57910432000157
01366409000199
39183991000120
07004956000100
07037009000116
04882793000170
01479860000112
03110698000196
01505185000159
04926109000105
04939008000179
23004930000119
07140332000110
23083561000105
03255703000159
24188633000133
07266476000118
07285254000142
07305598000176
64113848000100
09263864000170
83099945000130
65064503000176
29235256000160
11829504000135
66952227000145
67093872000112
67400192000102
67460014000169
30572044000157
30952857000172
68033620000160
69060820000175
69280444000124
91595678000110
54610027000125
72651722000117
72729155000174
07498735000136
07687595000144
07756624000182
07759596000157
07780677000139
07793463000105
07904987000118
05527382000120
01384899000156
02353958000191
06887997000120
07010393000163
07484871000177
04904883000115
00649848000146
07779386000120
02011908000126
07448612000190
05296834000100
03712646000190
02067127000153
05453035000108
05472895000180
05918614000170
00923325000146
02766831000102
07969291000170
01361945000100
76525773000153
06982863000198
04872844000183
07081400000118
03287229000147
34195966000143
07471512000185
00935164000291
59773416000861
00178372000102
05117690000187
00399834000111
04108434000160
07727592000197
90569203000277
07931460000182
07917280000146
06291988000171
04908936000176
41936170000160
47385810000177
15977754000173
07458283000169
07966704000162
07685788000166
40156747000158
82883935000128
05399309000110
04897496000107
91183475000116
00318131000111
00467567000172
81341349000199
01835662000144
82121062000116
05300327000100
04271654000100
07289097000143
07782603000131
02479901000133
08183018000188
08262683000167
08323463000104
08531205000105
08659550000129
08694231000154
08701786000186
08791210000157
08883658000109
08996111000101
09014268000157
09216041000194
09358648000109
09401570000168
09444234000100
09624680000199
06067041000505
10305205000139
10219305000142
10261707000105
10275669000140
10490389000154
10518677000170
10527450000190
10561430000136
10600825000109
10602109000152
10723003000107
10872096000131
11064711000146
11117311000151
11222642000151
11266792000167
11275780000107
11314848000101
11097947000340
11384730000150
11393319000140
11604211000150
11638474000180
11771479000186
11830647000167
11890483000163
11980960000181
12019668000160
12071989000103
12116847000115
12029427001416
12224874000101
12357508000120
75872630000236
12506912000119
12564824000173
12679026000197
08877068000165
13094763000190
13215995000150
13236688000155
13247857000152
13364014000136
13373668000126
13420093000155
13554501000161
13596238000173
13765239000102
13934347000153
14062088000180
14158884000111
14202112000130
14275634000161
14288066000133
14503343000183
88200597000320
14792398000150
14922244000136
15044995000160
15076420000129
15145004000135
15226323000175
20431819000110
15283647000145
14605840000192
15437336000193
09111415000107
09168927000100
09317897000156
20443376000188
11617567000128
11688861000120
12974931000170
13090806000160
08360928000199
15522981000104
15533574000100
15542430000102
16403491000151
16434133000106
16732037000144
16752898000194
10884622000183
09023848000100
08384972000139
16778384000108
17081111000172
17489533000181
17600161000119
17682647000143
17692811000101
17820964000189
17825255000196
17873188000185
17891127000140
18083456000128
08504954000143
09664303000183
11501097000132
12201401000199
20481154000150
12301496000112
13259822000133
13658226000126
13686729000105
17327204000134
18373446000127
18499389000127
18545329000101
18592240000198
13492395000139
18956218000180
19010734000180
19094763000177
19292669000122
19348993000115
19349377000189
19726585000150
19968871000121
20050810000160
20142058000187
20511830000190
20654295000127
20804612000144
20891851000189
20927186000136
20946899000147
21001099000116
21100270000144
21167197000128
21213963000143
21241713000117
21337269000138
21640717000178
21725036000102
21783718000171
21838103000103
19913239000180
22090063000119
22131539000112
22223496000103
22238031000118
22337138000113
22371915000146
22386784000170
22670262000104
22730058000123
22812350000195
21182519000108
22967375000168
23085479000101
23182393000105
23313274000136
23318292000100
23351318000112
23512359000143
23531236000150
18914619000177
23811662000147
23812235000183
23835779000160
24215784000133
24259888000140
16458670000196
24437729000198
24598808000180
24817245000174
24933521000160
25055586000112
25209940000116
25210381000164
12950094000149
23659549000198
25426470000142
23532478000168
23035188000109
20640712000182
08895192000153
11189101000179
11622614000121
11413707000146
19110617000198
21163363000118
20369224000182
12438668000102
23007811000110
11360664000188
11216107000198
11054035000120
09024393000148
19805586000190
17770740000100
15349671000130
17550093000120
09363021000146
19649894000173
24680905000118
16783852000132
08354344000100
15668212000119
23928680000103
25276340000170
91595678000381
23180012000140
18731399000146
09526411000190
11685326000116
18073877000178
11566032000175
17305024000151
22723256000160
10864672000107
14475239000122
26063423000144
26090593000118
26105084000111
26406907000149
26572286000173
26656955000195
26793578000136
26994935000124
27126608000113
27262608000140
27343456000100
27550621000103
27679309000106
27710633000140
27786210000103
27803391000139
28127628000171
28225823000134
28226753000139
28247028000147
28464825000186
28542509000185
28881659000113
28932035000188
29069434000120
29099459000176
29234757000121
29405085000170
29587113000117
29771046000196
29792743000123
29982357000102
30046740000120
30231147000153
30424770000122
30705814000192
30847934000124
30633940000189
30893039000146
31165668000112
31203696000187
31266830000199
31306553000109
31326056000164
30682666000138
31472000000118
31528800000103
31579614000101
31919718000100
31976196000188
32257641000112
32670399000104
32682626000111
32857008000165
32884304000155
32932696000180
33088313000100
33091401000153
33189766000115
33372937000147
33463784000143
33765013000100
33811245000158
33843047000176
33930873000152
34234362000169
34355769000144
34396972000169
34425279000177
34559818000160
34627116000177
34631679000139
34639686000187
34831690000142
42179135000378
34889024000165
34929566000114
34983938000190
34991633000120
35049611000109
35209946000147
35714603000130
35796559000154
35806088000118
35809072000169
35977612000113
36028435000191
36120456000132
36284439000130
36307474000128
36315832000144
36418946000110
36502582000151
36567019000161
36623579000196
36756208000182
37068496000145
37145345000143
37212657000122
37250402000154
37318297000148
37409313000108
37650640000157
34656106000160
37597654000154
38001595000172
38142671000160
38312821000136
38401275000100
38455634000101
38578370000183
39238748000162
39270636000199
39411655000198
39440040000190
39513680000182
39908475000116
39913339000114
39986789000137
40122833000140
40139811000192
40402867000198
40580048000130
40647261000112
40661750000129
40718987000107
40768255000113
30582683000101
40898583000134
40918881000149
40932365000179
40995999000170
30906650000161
41159083000143
41394371000182
41517419000100
41521033000164
41571777000193
41731372000175
41788922000192
41838304000100
34772507000185
36358825000120
37348479000161
41974951000149
42090358000100
29291521000127
42175946000139
42274139000173
42373268000119
42398939000104
42400260000102
42401309000133
42453173000105
42472636000186
42725376000103
42951048000125
43137649000161
43195824000177
29761001000130
35576389000100
43427531000178
43489853000141
43526263000141
43574750000180
43625467000130
43713721000151
35643722000149
43795480000137
37239881000108
32105357000120
30836436000186
42418662000126
29350563000191
26715645000102
43327218000168
39955374000104
33083971000100
43363693000190
30995205000115
36400003000160
42527375000154
43942500000155
44089532000112
44193836000125
44273018000132
44359876000102
44381043000130
44621819000141
44851135000136
44873066000161
45033441000128
45178177000110
45298289000105
45324883000123
45337010000155
45559338000116
45596444000170
45726134000122
45771962000182
45923412000131
45934011000187
45934057000104
45951917000100
46071365000108
46188585000116
45776373000197
46338451000134
46364807000104
44258124000147
46508193000197
46622071000127
46843861000132
46872700000177
46905564000174
47075870000193
47148823000122
47498535000106
47567440000199
12753213000688
47993202000145
44958348000161
35444558000221
48286257000188
48548613000194
48683341000135
48769294000147
48778159000168
48922324000103
48964007000150
48965612000145
48967352000147
48782535000198
48847151000106
49086151000101
49104902000167
49313831000102
49614470000134
49296214000146
49855098000158
49960814000167
50136641000146
50383867000141
46346118000177
50902446000180
51031951000169
51048314000103
51300180000168
51561774000122
52176232000107
14644584000819
52351643000183
52545953000139
52993216000107
52997786000167
53011348000140
53067876000111
53108534000100
53369585000188
53521990000170
11239764000584
53648516000103
54001539000194
42023079000205
15106196000251
54404672000191
55009648000110
55174840000162
55193208000166
55952065000129
57078810000188
57337963000100
57465033000124
57527712000180
57247342000128
54110910000156
57766500000156
57923241000120
57964968000155
58454350000108
53522718000295
58704225000109
58858320000167
58920594000139
59211208000100
59273530000156
47774122000107
44564170000174
59809724000123
59869268000107
60066825000130
60068683000140
60112849000189
60354326000149
52136532000154
60501206000127
60533664000148
46110630000110
60843147000175
61069286000156
61101362000163
61123112000124
61127522000143
61293545000128
61325797000191
61425339000124
61660045000187
61703883000190
58530216000149
61927971000176
46812738000154
58227529000122
49396347000194
51331414000134
61965219000110
62073130000101
62180074000104
62192020000169
62329679000114
62397649000145
62407974000141
62453590000165
62501748000125
62536001000102
62604297000151
62640707000110
62654535000133
62851716000150
63326818000119
63794235000112
63903164000149
64043430000173
64069944000106
64105013000108
64258386000119
64480837000168
64575268000134
64776608000195
65285309000110
65422086000196
65524058000180
65636207000100
65835547000152
65878588000126
65972527000123
66062377000183
66172041000173
66427633000199
04941375000107
01657811000122
01673206000145
03323021000136
00055627000140
04980191000156
01713812000147
93393502000100
05037448000101
03392386000112
93709939000100
03468095000160
05145680000155
03492276000122
03512959000102
00266054000101
96344577000190
96641485000171
05329028000190
03688964000162
97479323000141
05457225000195
02197297000152
00675530000130
05784450000136
02427662000178
12029427000444
05896095000197
05904950000164
00911671000104
05937520000149
00943769000143
00958350000165
05999251000145
06039497000138
02657627000145
04424932000112
06101329000125
01066016000160
04430356000116
02726959000134
55233423000143
35946573000197
55999908000142
06244609000192
02831842000110
06272035000166
04630512000192
01259148000108
01270927000104
37664885000133
04727386000199
76523166000154
38982468000100
03018346000105
03024075000109
58700022000144
58724535000195
04823450000135
58825027000101
04856805000192
03090180000138
77940310000110
04889215000166
07086351000106
41237041000183
07156940000113
60577947000191
94121803000300
01607778000126
79591863000130
03296642000178
80358237000188
43948215000141
81259707000119
07382801000108
82027731000195
09123597000136
83274050000194
83509893000122
65779845000172
85473106000165
29370442000101
86386109000124
66832601000179
51143535000152
31105505000144
33111501000102
33183401000183
15911290000100
71688642000173
72237985000184
91865972000102
34732495000165
07628959000115
05969075000107
07730923000148
07786165000180
07635834000112
07910228000168
05495161000117
78579307000186
06326933000150
07676054000110
04857525000107
02114060000160
00798401000139
01326151000105
61872123000107
05071851000149
03435873000115
02124603000120
02427465000159
06031474000187
01054842000199
06348420000140
02906432000191
04805713000183
07093603000124
41485145000107
01634958000105
07246755000110
81429631000122
63881619000172
13476338000166
13884606000189
53639126000177
07807012000171
03677565000104
05660103000100
06178709000168
01225468000147
38922241000160
57551434000105
05014861000142
05021406000174
01833299000128
02652992000167
35346063000189
73514309000173
07872520000133
03967666000101
05309783000103
00687770000154
03088516000128
07872305000132
61024501000100
05139528000160
80755929000160
12029427000100
01427551000107
06062576000160
06993544000188
03591601000104
73223687000106
74697517000118
20219694000160
08165414000182
08270437000157
08314306000124
06067041000343
08575387000116
08907955000139
08835265000111
08972345000119
08976122000120
09131977000112
09254155000129
09461999000140
09530317000104
20245012000193
09592624000110
14720126000145
09612308000162
10322343000126
10441839000119
10494796000130
10610144000113
10855374000142
10864540000177
10961052000188
11141415000100
11097947000260
11476789000178
11571285000137
11597303000150
11650479000128
11715082000177
11812314000105
11983639000150
12029447000172
11987598000170
12980051000106
13089399000170
13152498000150
13210754000118
13271618000138
13420097000133
13482262000181
13529622000153
13567221000198
13576069000100
13595249000139
13648410000195
13660991000180
13729577000180
13806574000101
13858700000163
09361836000196
14142943000163
14159939000108
14241237000179
14298537000194
14314080000164
14623272000152
14638286000140
14817402000198
91595678000624
14904539000180
15003123000153
15062777000158
15088436000151
15395035000144
09407191000185
09424796000184
09617332000194
10226217000178
10973902000168
11246206000112
13450540000119
14854379000101
15477784000110
15534036000122
16575260000125
16638479000126
16714340000114
15539859000140
10529120000134
17046241000174
17090793000180
17155175000170
11280481000233
05752256000250
17734250000158
17831241000185
17900582000165
09590900000100
08204529000139
10928558000195
12298280000145
15174203000171
18332019000109
18563509000108
18728032000173
18755288000170
18774583000173
18810510000190
18812737000174
18813086000137
18840030000171
18872708000106
18953179000167
19045931000134
19569297000139
19722612000116
19912892000125
20001131000109
20088013000171
20191621000107
20616818000140
20691718000189
19044264000418
20961977000182
21090874000157
21227571000133
21262959000175
21267721000132
21332529000182
21693496000104
21746408000187
21795709000109
21899845000130
22136187000198
22372561000154
22372583000114
22577564000124
22627585000107
22741716000182
22860269000180
22884706000104
23227955000181
23283602000107
23304844000121
23378203000111
23558731000152
23562777000145
23565982000164
23660692000108
23828838000173
23852793000172
19113989000178
23983441000156
24034734000150
24153805000133
24187297000104
24330922000125
24668125000152
24692728000190
24752275000140
24772461000140
24857121000112
24877753000148
24971207000171
24988488000175
25080560000124
10713458000141
25175409000170
25194286000114
25196119000102
25448503000155
09249469000133
18979208000160
19320127000116
09088322000109
08791929000198
20879936000141
14803025000138
13854994000155
10633674000187
15691097000101
13599387000196
17281061000177
14193466000165
10856223000109
14814200000192
12266784000183
06067041000424
20898312000171
14958617000129
13262390000110
15555137000180
21598425000114
15759937000112
22193241000137
10768333000119
22706763000195
09247528000134
15514444000112
11182222000199
09486178000169
17440984000124
19707818000177
22721409000130
18092243000162
15071307000150
21346399000137
14063722000108
10823365000170
11763120000167
08284918000111
26080649000153
26334955000179
26445009000108
26712503000183
27292264000112
27579702000128
27621679000192
27621773000141
27686414000172
27737524000116
28030463000115
28430816000174
28444518000133
28464034000156
28596048000123
29014167000193
29121904000157
29133860000185
29178679000195
26701317000149
29791221000107
29979596000103
29998524000103
30353706000106
30466198000164
30739568000190
30873329000128
14530797000305
31084222000163
31255820000158
31546469000154
31599524000174
31623215000192
31659761000183
31762028000190
32044215000109
32091222000153
32457318000192
32591470000163
32989012000187
33059356000150
33185341000138
26762501000107
33375504000145
17335863000384
33735188000175
34052483000190
34072911000146
34136545000141
34163538000139
34164512000105
34170808000139
34430610000147
34589520000101
34714769000193
34953602000185
35046692000193
35067749000130
30695110000186
35503740000125
35553533000185
35723186000191
35736072000186
35889875000170
35912391000103
35943474000151
35980516000124
36061420000125
36177395000140
36209932000196
36440019000104
36448831000178
36489692000120
36499126000108
36648922000157
36652355000102
37041087000155
37074097000197
30179370000107
37251403000113
35988700000110
37497916000109
37564464000130
37565129000157
37679593000174
37848889000171
38229593000135
38458640000112
38493420000120
38657335000150
38658642000155
39846394000139
39848760000199
37959884000205
39984259000150
40044748000100
40132833000120
40254378000136
27987182000192
40316295000124
40399766000105
40433420000186
17281061000258
40819371000114
41142393000155
41284645000180
41285308000108
41382233000183
41497535000105
39751389000142
41767136000109
41910395000147
37292705000130
39465658000104
40515558000124
30365930000100
42019833000144
33988229000135
35748305000160
42388002000140
34024485000175
42581996000116
42624217000112
42776822000109
42896673000111
42928627000157
42991542000113
43017186000102
43251788000111
43309247000105
43311721000125
43344123000152
43400889000107
43421146000113
43473075000100
43490755000124
34290936000116
39967545000107
28025110000127
36658085000147
34850613000130
26459568000169
32625067000108
39663423000127
26460076000193
84959790000399
44012138000186
44034273000122
44072986000180
44167628000151
44262693000166
44403694000183
44631619000170
44893187000175
45002447000138
45084728000187
45288367000190
45339609000128
45519398000105
45582815000164
45695010000127
46055855000110
46108935000197
46249848000150
46327799000126
46338198000119
46564849000199
46704937000149
46837321000146
46893549000153
47025118000138
47078129000186
47124846000105
47282135000150
47487193000110
47679809000155
47736542000190
47768027000192
47828380000110
48036105000127
04050750001362
48232907000102
48283292000143
48339655000115
48618070000134
48698178000184
45026035000138
48933755000175
48949809000190
49129668000122
49163063000158
49297886000176
49749803000132
49757504000140
49838448000178
49875780000102
49963486000152
50013158000174
50115023000110
50271312000108
50349319000103
50478079000139
50486328000138
50703885000163
50725630000100
87792982000260
50779741000190
50893669000128
48397252000122
50821043000106
50965752000165
51015706000168
51293746000171
51341925000137
51464960000143
51534685000197
51558882000146
51636219000112
51725071000192
51760501000107
12755093000224
52077560000148
52427586000179
52437923000109
52714509000108
53017580000196
53024512000154
53132953000170
53408066000181
53516867000160
53614003000181
53628420000183
53649022000143
53683712000119
53718762000194
53752790000128
54006672000133
54298536000164
54373413000140
54225346000117
54513250000154
55053420000128
18441927000203
55189446000106
55256154000130
55331285000135
55457189000138
55575139000155
55632539000155
55883081000107
55963485000100
56195489000159
56915725000164
56919896000161
57183851000134
57314610000187
57353671000153
57553733000170
57586087000148
57805428000129
58009410000183
58255309000102
58327640000190
58330497000196
58233458000170
53522718000376
58480822000105
58495583000159
51883689000180
58760595000163
58799774000104
58822036000130
59190635000141
59466116000163
59473486000128
59709263000117
59748067000151
59809465000130
59853768000150
60000950000148
16516937000235
60570564000191
60667142000139
11239764000665
49532847000106
60623661000103
60939767000102
60972186000172
60995543000118
61080871000157
61252377000122
61269258000182
61472135000144
61582606000177
61860327000128
61922907000100
53742530000171
45381912000199
58312744000121
59662631000119
49523923000117
47096762000105
26355542000251
62556877000110
62714030000117
62716783000161
62738219000140
26834914000222
63014975000199
63214827000118
63276639000114
63330134000190
63477380000170
63503404000118
63649349000179
63681919000108
63740156000129
59171623000250
63852741000110
63135375000189
63888744000104
63235015000159
64103706000161
64108762000199
64119929000117
64325191000144
83573212013840
64879108000189
64913883000103
65179537000106
60850985000257
65526938000195
63511591000181
65746138000180
65769193000195
65814789000160
65952502000168
66030830000170
66175301000164
66295745000133
66406140000172
66429461000192
66436995000146
66499937000161
66515981000118
66635417000139
66676380000197
03336403000102
03351598000151
00074794000138
03359806000169
01794473000170
05109004000126
94120623000141
03468710000139
00215442000155
03536262000163
03599090000177
05278092000190
05323491000125
05377695000149
05409442000100
03749582000100
00493302000149
03828207000147
05572518000113
00607100000180
00608732000169
05609527000131
02253377000188
05673760000183
04018090000107
04115727000175
02427230000167
02437116000118
04174903000140
02465267000180
00849884000153
04246177000123
00988154000133
02632918000189
01017305000179
02661483000109
06074338000174
04403017000140
06080079000194
06099368000135
06126980000150
01106618000101
02793541000140
36297794000144
74470576000159
56990344000140
06327429000174
04656990000171
01288634000154
04712560000120
02958319000150
57908675000150
39129879000101
04787310000159
03033075000167
06997499000130
21676101000157
03059732000145
03081278000129
22038707000120
40460636000130
04875640000104
07075323000193
80330848000207
07163544000113
78995537000126
60489457000133
01587703000120
03235402000163
23707862000154
93277507000330
42272393000132
07266475000173
07323261000191
80822158000186
07345277000103
80976780000149
63979710000125
26747147000133
82520156000168
85016327000104
31775570000187
68875962000128
68972611000135
69965333000151
53510582000112
54348347000159
92387257000166
07407087000165
07621507000101
07662342000116
07669032000123
07689554000197
08008672000155
08018217000130
85473106000246
07166480000104
04808164000109
05205790000165
05584385000103
05648463000188
05755148000150
05434456000183
00315492000104
01957320000105
05532673000106
04385495000175
77619732000199
59974402000130
07157799000173
62610506000170
82795188000176
47273719000160
94372323000150
75127373000127
02929731000141
06993272000116
83061515000129
04760172000114
79471231000133
89570915000146
00270244000194
04565216000155
06327858000141
01493276000111
44888659000100
28143451000105
07410936000130
07244006000153
04668709000110
80306277000186
15496730000100
04485633000198
05282034000130
08030588000138
04477913000154
07505578000149
03649294000175
65504243000102
08229815000159
08335364000134
08495969000192
08603307000199
08741203000140
08770503000158
08165366000122
08937680000186
09060244000134
05504982000253
09082505000117
09113230000131
09154507000174
09211365000130
09251743000109
09307173000121
09307397000133
09357199000184
04079384000211
09641339000141
10374335000123
10420584000108
10198785000102
10202933000115
10641860000168
10466257000197
77890846003941
10516369000105
10517984000136
10673011000196
10684563000108
10731516000160
10994114000158
88760756000422
10929337000131
11172015000153
11175476000180
11273419000133
11339763000188
11449286000103
11449299000182
11473660000106
11511119000145
11517759000162
20315078000102
12104067000155
12029427001505
12415464000148
12431252000154
12483919000162
12561260000115
12680659000115
12699147000109
13356529000194
14100214000144
20396460000198
07976693000444
14194917000189
14229577000184
14456996000159
14699100000162
15008837000154
15141038000151
15387449000121
08490206000159
08943068000116
08992269000103
09588563000117
20443254000191
10659686000180
11157972000100
11222086000113
13246115000102
13459566000128
14709913000196
15037464000140
15509226000190
15640476000164
16585530000189
16621147000139
16685721000112
16709272000103
16710024000174
12298546000150
15281225000130
08187891000149
09504791000161
08487436000169
10502906000168
16979047000189
16985316000110
17077569000158
17246049000121
17337798000164
17353112000129
17480152000131
17695528000125
17736957000101
17742604000106
18126022000168
18152823000106
09626586000179
09677094000102
16983430000100
18308187000150
18532456000168
18575484000162
02632321000215
19019863000139
19065612000190
19100006000169
19404178000126
19408026000100
19521759000148
19554461000134
19580787000136
19860966000127
20088806000190
20555169000115
20635996000119
20953175000120
20956896000194
20969621000195
21054439000177
21116133000106
21472093000127
21523602000101
21528944000106
21535369000179
21544222000145
21613044000167
20656853000193
22281530000198
22332552000130
22382053000157
22518571000155
22317502000183
22839189000143
22918715000160
22992654000181
23025073000133
23075030000162
23119220000134
23146093000162
23171405000198
23263410000120
23388835000166
23395297000137
23459513000160
23468592000176
23729687000104
23829766000189
23966103000106
24031230000186
24128054000103
24196334000140
24350173000106
24353510000100
24362969000170
19269771000107
24607931000110
24773056000147
24793771000141
24817146000192
19642572000100
66687526000361
25096245000195
25134546000166
25527299000168
12592690000102
11450358000132
17791794000151
10763331000137
20963951000173
22388593000148
20131463000108
24396157000146
18787090000178
08220268000140
08915832000140
11360423000139
12302111000131
22477311000189
11134672000106
17448348000149
14033201000108
24428406000138
19850135000174
23656840000102
24869197000168
17616050000109
25207369000109
27018480000255
20831347000193
18686453000189
13417770000186
23287575000132
18327877000157
10266282000127
13745488000128
14219525000127
18470281000101
22315666000171
13062379000106
19944209000131
11032971000130
20119547000118
12863988000100
11246319000118
08645973000190
15495335000103
13992801000122
10989723000119
21206899000173
11006523000161
26118114000124
26719174000100
26808845000100
26916624000147
27019220000113
26721090000101
27146898000167
27179342000177
27318691000122
27655571000110
27730038000176
27750176000117
27815115000190
28313475000157
28356258000144
28681638000154
28859695000180
28911084000134
29013602000165
29237691000123
29249781000134
29519528000153
29549310000141
29459850000134
29642981000152
29709106000140
28513660000195
29811275000197
29813298000130
29823402000178
29842740000157
29877408000128
30349923000114
30357189000135
30549187000148
30850185000194
31187044000104
31483867000179
31553208000161
31771573000142
31831432000178
31937775000111
31941472000172
32334075000103
32479574000180
32568282000114
32639776000142
33136527000105
33519675000109
33658202000184
33660912000149
33823529000164
33827870000198
33864897000150
33866772000160
33936026000103
34172538000103
34269807000146
34282629000193
34454709000189
34561768000156
34860978000145
34867361000151
34920584000135
35003371000101
35505466000123
35512677000193
35604627000136
35812299000163
27162059000132
35952364000156
35324488000197
36139394000100
36348104000139
36425485000102
29651573000167
37322649000139
28700549000108
37447234000191
37716838000196
38370125000186
38597835000143
39232260000128
39416080000104
39522273000131
39581348000155
31857435000180
32136502000130
39698793000108
39720500000133
39794057000145
30179370000280
39878540000108
40013009000151
40020746000181
40111041000170
40217343000127
40338511000132
40363315000118
40216874000103
40622098000133
40654317000166
40813843000121
40824358000153
40824541000159
40996640000118
41018175000103
41037537000103
41057102000120
41308663000155
41406972000168
41408099000142
41523055000163
41572357000121
41642302000140
41733297000181
41775105000108
33493718000116
39158809000181
41984324000199
42034341000128
42078363000190
42123339000125
42172851000161
42223760000108
42238239000144
42313505000156
42350436000150
42358351000119
42384097000123
42384135000148
42404119000170
42478432000152
30950134000134
42905924000187
43484262000181
43556330000170
43728593000110
43792581000154
43801477000189
30294657000170
31799537000197
37501204000116
41062964000141
37576602000100
30220844000109
32267947000150
40982885000196
33267996000155
29710301000190
43837410000102
44042806000118
44100945000150
44264015000132
44368449000182
44728961000192
44849240000130
44951434000142
45041669000160
45828087000128
46322115000101
46437788000107
46674634000120
47111744000147
47128690000122
47145623000116
47202586000130
31799537000278
47342361000180
47009988000113
47524117000138
47621090000100
47876368000181
47909464000189
47982034000192
48017410000171
48163295000143
48321497000176
48368965000168
48451805000188
48486730000170
48589767000124
48634942000158
48708343000131
46586514000171
48947771000117
49269002000170
49422210000167
49501601000177
49551177000175
49696769000185
49783613000131
49817118000104
49837300000119
50037784000109
50125531000189
50164053000116
50216666000150
50262038000100
50322133000152
50393650000112
50459108000115
50544461000101
50627084000166
50747805000171
50760944000135
50897549000107
50969851000115
46099953000150
51147564000192
51406408000107
51416820000108
51675107000170
51799935000110
51805176000151
51843791000152
51972183000148
52006682000143
52046217000136
52096214000107
52349465000156
52448616000123
52606351000144
07440224000244
52867958000188
53109164000118
53271803000147
53280303000171
53404791000181
53618546000177
53738891000144
53846733000108
54042959000119
45726134000203
54164076000181
54193854000160
54284058000133
54302676000169
54381417000170
54598852000151
54618666000137
54629876000120
54662082000169
55266378000123
55396901000136
55429288000106
55499196000100
55532929000153
55587528000109
55727277000102
55769513000153
56430668000123
50285076000189
57248776000142
57318643000103
57423698000175
57616027000120
57922250000104
58037964000194
58070592000106
58233979000128
58257369000164
58391237000120
58442843000128
58198892000167
58522197000109
58580544000150
58941715000129
58980512000141
59146947000158
59225576000108
59324781000112
59507172000107
59541589000188
50747805000252
59853902000113
31799537000510
59990202000170
60049568000129
60073289000109
60109883000102
60307321000165
60391618000151
57598667000155
58253559000103
60707875000150
60832053000109
60983512000147
11938604000280
61086242000134
61137455000148
61152207000176
61152905000171
61272978000105
61501147000150
61565318000104
60219993000119
61641366000134
61645951000102
61660733000147
61844050000140
57181812000106
57394234000188
57716442000156
60048756000132
48706728000160
62056818000183
62221492000100
62247154000130
62325951000198
62571131000186
62606882000190
62799884000143
62833377000189
62993450000180
63071896000110
63247322000150
63366225000186
63531634000190
63615385000111
63630377000144
63807535000199
63810807000100
62244182000101
21417797000288
63927890000100
64153909000162
64216551000170
64446733000137
64711645000115
64773937000182
64923917000140
65186206000101
65215596000192
65258175000149
65260487000197
65815121000137
65897635000189
65927050000164
66086655000132
66114080000114
66267125000190
66465549000160
66637041000100
00000458000140
92556497000147
05065480000192
94459070000156
00254406000109
05211583000113
00256755000151
03580491000185
05251996000121
01944029000194
03626296000149
05303306000130
00364065000116
03834323000179
05609761000169
03966432000140
03971111000133
04010018000125
02358081000121
04067173000188
04092992000185
02406376000126
02446080000139
12029427000878
04216134000103
05930019000150
01025871000122
04432403000160
04441662000158
55401483000128
73361149000170
02784409000171
06230699000162
74140799000158
01239958000100
02862922000133
06322091000168
04696962000188
01314971000179
02940568000118
01324143000111
01332303000174
58007030000100
04749028000187
58061052000158
04759926000116
04804315000142
58698739000107
07017358000176
04892276000182
07151692000118
01578597000119
03240626000163
79403788000137
01634777000170
63288641000103
07925944000119
63987192000191
26775486000123
47368543000120
83133868000197
87209540000168
30712061000142
89186035000170
00792136000181
53497699000103
90575531000103
90947169000146
34248765000167
27721422000293
07692519000127
07715970000112
07731877000100
07845519000110
07893396000192
07902862000159
08047921000111
08100905000145
00716655000160
02467982000151
07335749000139
07545462000133
57997801000190
84829522000190
90118027000176
07630724000168
01612273000150
07892184000190
02197978000110
06991701000116
00726709000179
05548877000135
00825859000130
05810066000160
02608216000160
03299838000116
00188587000104
05188901000172
05391979000190
06008402000119
01046586000198
06183938000170
02882129000104
41554999000106
65585242000130
03284745000207
02852640000155
04666093000149
07040870000133
79973772000160
15108459000180
05736909000126
01461484000139
03557225000131
05700859000127
19398957000166
59721241000172
07163783000173
81893307000160
85270890000104
72494669000198
07534257000172
82160490000158
05775206000107
03432205000134
06215367000109
05792458000144
24998270000100
81360158000174
03799062000101
07886646000167
04813472000114
07305769000167
03765849000144
03466186000167
88259981000137
64853807000150
41855214000127
07065970000114
68523588000100
03025358000167
08210582000142
08419164000160
08312729000105
08574494000120
08668970000171
08681596000144
08723003000165
08805410000111
08815010000197
08628654000176
09018192000138
09054185000191
09123576000110
09146487000190
09286902000100
10638332000150
09391044000164
09406160000100
09524568000186
09574445000150
10334866000192
02720314000275
20266893000129
10199704000199
10537879000169
10648703000184
10667887000120
11013641000105
11076552000108
14718833000105
11107949000101
11232487000154
11280481000152
11524425000116
11788030000120
11920562000170
12029427001254
12192034000104
12433143000176
12753213000173
12879539000141
13232162000105
13429904000189
12755093000143
13819512000126
14053827000178
14303420000151
14400514000149
14429618000186
14812144000157
14975191000111
15068577000102
15077907000126
15151424000124
15193994000187
08282194000177
09119292000150
10861726000172
11192675000104
11734337000149
11983262000130
13554016000198
02600928000485
15479557000124
09413042000129
15795766000187
15869629000140
16731674000104
12131562000153
11627895000105
09613669000123
16857959000188
16874382000112
17093058000120
17167882000187
17306243000155
17309407000106
17340603000135
17374925000103
17424253000195
14517119000140
17489189000120
17493690000160
17533857000170
17728245000132
17904534000145
18174470000137
18180336000149
08632505000180
09639756000150
10483627000102
10849147000104
10955892000138
13610105000104
13711509000194
17871965000152
18294133000183
18419276000174
18458152000106
18541369000177
18591175000186
18711810000111
18718954000108
18812837000109
18853012000124
09311727000164
18904934000113
16696119000180
19010044000120
19123692000193
19380607000172
19464698000124
19511398000159
19658371000193
19670648000101
19726391000154
19775465000142
19880774000182
20071065000135
20632489000121
20870926000145
21160527000153
21869643000146
21974914000123
21974975000190
22047869000124
22162091000102
22393496000143
22426276000179
22444829000116
22869467000105
22968106000116
23169856000190
23546209000150
23702609000108
23834000000192
23873691000133
24073591000195
24111740000163
24173548000100
24593776000120
24634895000184
24689224000110
24692362000159
24713941000130
23212010000196
24971585000155
20593692000136
25209460000155
21598741000196
11416875000195
12458047000182
13378875000173
24145585000104
23377848000130
21148102000129
23652870000140
23688176000183
22908569000192
15657129000144
18414014000117
10922776000112
08624866000185
13982282000111
13840918000190
23292874000165
13332563000129
15112989000100
14850345000149
16725424000153
17209836000101
21850255000113
12370134000183
14528456000133
24544774000141
25382101000103
22211472000126
17211987000196
09173029000140
23040106000114
12670579000189
11236773000198
17757739000145
23693712000139
10789556000162
26125873000114
26159866000133
26299520000130
26330844000194
26354474000125
11413707000227
26672906000146
26744806000188
26871290000132
27058762000103
27201228000104
27415936000130
27452483000111
27574298000108
27610202000101
27818572000139
27857459000162
27876732000104
28097930000124
28254651000127
28278894000103
28583848000100
28803804000148
28932510000116
29190061000140
29202255000119
29308911000162
29457038000170
29732962000117
26607828000104
29848563000116
30090875000192
30161680000196
30209527000191
30296939000106
30380211000168
30553056000134
30193748000119
30733902000106
30737190000195
30763847000199
31174244000114
13306868000328
31593474000118
31607601000190
31631539000172
31671296000104
32042499000196
32125761000166
32196215000116
32228972000124
32266279000146
32392190000126
26649504000120
32667993000146
32678964000180
32787023000184
32933801000104
32989599000124
33252905000108
33265883000110
33309904000152
33331730000124
33372997000160
33460801000199
33629398000189
33656209000167
33804228000193
33838232000172
33844104000131
33942083000197
33969427000151
34052554000154
34058731000100
34262670000106
34308953000133
34467379000166
34480932000109
34505832000181
34546193000100
34546726000146
34647614000181
34804449000124
34883592000159
34935982000125
34937012000169
34940683000189
34942472000185
35075222000158
35378633000112
35737043000139
35739120000190
35761938000109
35819203000199
33199082000102
36192660000169
36360743000110
36413832000187
36506964000153
35114877000198
36581226000170
31314619000285
36696741000104
36732577000135
36772037000185
37364967000162
37576703000172
37627758000164
37697720000168
37843807000104
38097750000104
38176105000179
38317298000130
38419744000118
38456172000147
38505522000118
38595668000100
39330935000171
39511592000141
39578131000196
39651540000170
29682665000104
39977259000122
40049258000105
40068437000181
35157762000180
40109774000170
40157470000188
40174367000146
40185573000151
40350646000113
40357417000120
40504206000173
40514477000100
26985849000236
32021995000163
40833222000100
40838945000100
40850738000162
40902612000194
40944491000143
41112390000179
41131214000184
41148950000145
41358412000185
41588290000113
41593532000167
41630276000130
33238657000140
36323675000119
37033072000145
30195805000107
31320295000107
38490571000124
42044247000150
42072805000190
42147863000136
29237691000204
34479172000101
42768137000130
42798996000172
42830915000174
42988750000163
43003069000181
38145117000136
43037488000134
43352770000106
43374371000146
43634546000107
43716410000146
43792485000106
27404549000106
26359652000100
26903440000142
36997473000152
33493262000194
32033701000113
39328655000129
33743653000110
27774340000126
37814723000134
28625118000124
35981347000147
27201910000199
36223767000127
39749042000165
43858452000111
43890493000195
44015379000189
44121064000116
44121709000110
44136492000112
44289519000107
44372745000157
31314619000366
44571166000133
44680516000108
44732096000158
44773461000172
45412711000101
45564376000167
45645573000100
45721953000187
45787044000141
46032624000191
46325818000185
46412535000170
46458240000135
46510908000146
46624926000159
46942567000188
46984331000104
47120286000102
47208019000191
47215849000146
31799537000359
47414464000108
47435654000101
47505418000114
47610026000115
47712271000133
47712693000109
47769597000105
48558363000173
48692714000134
48867181000184
48893723000193
48900272000174
48910077000125
48952122000104
49441128000180
49537360000116
49795220000148
49951348000153
49962854000148
50389646000180
50395662000186
50465816000169
50533604000171
50672337000113
50740724000140
50839062000160
50954829000100
50962930000102
51036856000158
51107859000135
51235408000183
51291674000123
51422650000166
51440472000104
51658048000122
51851571000170
51868278000116
51110495000142
52013589000166
52278289000109
52348560000135
52394220000140
52589881000121
52674772000102
52810290000132
52907070000121
50117260000110
53108016000189
53131773000173
53134216000106
53204493000148
53205509000137
53212093000184
53277846000130
53551426000108
53587562000140
53594063000180
53653256000164
53965870000161
54071263000110
54095844000192
54229522000199
54305672000134
54340735000193
54453624000193
54509462000168
54686968000142
54802950000169
54832866000198
55464009000145
55527422000101
55599103000101
55617339000123
55748094000173
55771767000106
55806234000112
55873128000151
55896984000122
55905415000104
55965929000147
56019106000191
56963863000119
56972934000140
57012408000109
57397928000179
46729996000171
57536216000193
57716483000142
57772023000131
58017061000141
52666655000105
58220695000105
58313723000120
58343812000110
58346087000133
58715468000142
58925972000177
59121670000109
59160045000176
58428528000146
59260106000177
59305762000149
59335370000122
59497469000120
59550569000173
59576696000141
59777877000136
59909876000106
50535966000100
60164135000114
44768886000193
60360139000178
60413703000173
60497356000104
60566939000140
60707388000197
60727068000107
60816134000107
60828444000141
60850985000176
60857574000102
61003086000109
61075679000172
61187582000151
61489620000120
61598509000172
61766889000107
11861043000269
61877927000107
44265673000149
53456551000120
61804652000173
54365733000159
61976786000171
61980625000151
62056998000101
62140317000180
62584996000187
62718938000107
62721959000173
62749787000146
63013860000180
63030267000141
63069913000184
63265885000170
63303830000108
63586122000121
63659173000136
63662207000141
63837588000152
64184648000148
64200144000174
64374998000177
64692611000120
64759883000109
64965923000160
64186530000159
65250129000101
65293426000126
65558921000110
65567428000166
65596845000137
64683587000163
65915061000124
65929367000130
65947242000132
66058970000156
66108809000140
66120879000113
66497528000126
66627752000195
05156673000159
03556706000122
00317110000181
96332010000101
02025430000193
05460055000106
05501109000126
05518585000150
05560849000133
03914404000189
05581313000102
05584904000125
02245145000188
03978537000119
02349655000103
04075368000170
00754618000147
05738852000102
05755457000120
02455895000184
00853241000183
04191082000150
12029427001092
05888427000191
04233701000121
02539208000109
05923518000110
02579734000100
04309360000120
06006713000149
06016634000119
06029585000159
02637675000171
04396193000100
02675704000190
06092834000150
06105846000172
01107561000157
17621087000117
06159208000134
01132048000116
04503239000135
73959223000154
06237691000128
06243858000163
01216435000130
04619447000102
03608388000104
06346251000109
01308103000186
38518098000146
04725976000182
04727828000105
21254529000101
04814531000179
07073306000117
03127475000131
07116471000109
07122364000193
23253735000122
41972498000131
07203614000110
03244868000125
07216189000101
07221714000179
07268663000130
80479827000169
44006294000134
80986813000131
07367335000191
81872947000194
63932289000105
26817957000119
28708923000111
85183341000100
66494519000181
66855743000151
30036446000137
67794693000102
88200597000169
68099621000108
90925108000188
72134778000102
91846451000108
72576812000190
55002729000199
07462363000198
07504646000155
01009287000183
07784604000115
07938943000109
08103003000162
08113605000109
08114307000125
00285485000107
05266656000174
49591290001075
58491762000118
04900272000107
65925638000189
09456567000141
07864816000102
03390197000100
05063286000178
01951168000145
06132353000121
04603160000186
04718707000199
04924948000194
03284745000118
64161052000122
66134537000152
15420706000180
07768402000180
01988035000143
93277507000259
04576073000187
03620876000129
02158849000113
01023186000167
02850326000133
74547472000103
51812196000150
90120155000154
02274591000110
07107775000100
07670958000139
00120347000178
43665520000126
06315439000190
04288890000130
04625468000122
05741759000149
78427614000141
04336434000118
07737741000107
41096892000153
00922462000166
02305371000107
00264875000109
05218579000187
08064229000100
79333530000101
05905220000188
80364466000105
03928448000168
08188378000172
53312229000390
08532983000119
08664967000180
08692333000130
08805879000150
08969499000151
09017058000112
09116555000178
09136238000113
09136898000102
09372932000130
09490241000130
60480357000499
10333499000102
10380068000105
10417300000124
10264681000159
10278631000120
10463075000162
10581721000196
10616942000152
10725443000101
10831356000120
11140358000136
11236663000126
11311870000106
11477961000108
11615223000180
11721383000103
11770819000154
11802921000194
11849233000180
11868508000122
11900722000119
20324327000126
12115284000140
20327600000176
12316990000150
12318388000152
12333104000105
12508400000191
12601366000103
88200597000240
12905396000103
13024650000119
13125474000101
13553603000162
13599685000186
13684349000131
13727387000124
13779469000112
13801975000160
13882348000100
13937775000130
14239666000101
14372047000190
14553868000123
14840256000111
15099271000113
15164713000168
15186504000115
15229606000170
15248709000188
15262110000107
15432317000174
08626027000104
10193809000130
11904824000102
12004531000131
13392440000183
13481013000171
15250290000107
15559191000101
15635245000162
15835351000190
16569886000129
08926490000163
09402174000155
11916762000159
16809628000172
08886735000176
11457969000102
17434257000154
10444754000194
17794086000174
17864381000150
17204895000189
18208372000173
42179135000297
10249360000185
14442510000123
18352352000171
07197718001564
18448345000178
18554883000147
18676865000138
90383142000259
18726402000133
18963039000170
19059753000109
19091485000102
19157422000101
19242082000109
19273547000199
19336365000110
19407440000196
19431660000155
19614859000119
19679832000104
19720293000100
19777171000150
19907428000140
54041405000369
20090300000116
20519947000110
19608481000221
20948793000182
20962665000193
21003572000102
21226216000140
21333748000186
21380176000196
21535335000184
21581940000191
21600328000119
21618323000113
16506904000123
21758232000183
21915779000145
11339763000340
22091165000159
22177592000154
22330215000103
22416554000107
22802757000131
22866576000179
23142022000191
23206878000183
23226773000196
23273437000102
23283749000199
23608682000115
23678228000130
23704173000196
23726072000116
23789691000150
23822493000140
23859258000143
23861060000102
23952521000144
24197124000177
24226606000108
11191969000103
19936450000119
24363750000196
24483947000169
24569267000162
24806344000150
13097952000117
24625314000148
25101862000131
25106173000110
14695312000171
24714546000172
09446990000160
20741947000160
15542658000100
19533872000143
15322958000176
07884300000391
23530834000104
19072956000127
25345628000150
08832624000187
19157781000150
12679334000112
23100002000158
21159681000105
21202231000158
20944875000159
15555291000151
21869665000106
10203825000167
10984576000194
11882773000165
13453399000108
18188667000125
11403958000140
13184217000140
14412935000190
20273337000180
16560220000100
13499217000130
21743704000124
22204042000187
12060535000137
12449429000140
21974064000163
11314092000109
13873711000112
17177410000105
10297124000134
26164310000135
26214906000100
26475903000112
26055834000198
26966801000108
27045647000196
27181608000116
27421786000177
27435434000170
27443769000130
27634113000103
27849767000146
27977006000170
28113491000104
28222652000190
28539082000166
28596570000105
28787519000180
28874929000169
28845855000132
29025966000165
29138271000190
29154597000100
29162561000179
29162977000197
12753213000416
29375385000153
29612921000197
29643032000197
29686365000101
27968636000188
29034786000140
30035698000141
30036098000106
30040668000123
30083111000170
30436425000109
30518621000122
30789810000130
30881179000102
31118887000140
31265160000196
31607531000170
31667616000144
31792395000136
32060608000106
32185756000149
32253694000165
32374470000101
32390652000176
32190330000183
32635712000173
32695909000106
32702616000109
32754671000134
32924513000185
33022905000111
33044869000197
33111033000168
33144532000151
33187161000195
33214098000139
33249881000138
33332595000131
33343356000187
33683278000160
33820870000166
34177599000155
34400651000190
34744520000120
35002137000160
35067726000126
35151817000145
35157588000176
35170557000155
35344286000107
35366018000196
35546504000196
35802237000170
35819418000100
35825839000143
33218680000173
36210773000140
35793994000125
36713005000109
36937827000173
36949338000131
36991605000139
37025316000148
37209490000140
37324987000100
37465304000134
37484861000100
37833873000195
37878978000160
37922980000190
38096744000124
38161044000176
38215780000160
38394580000111
38419147000193
38482432000159
38491504000124
38594161000123
39341200000143
39520418000165
39721106000110
35441921000174
40066659000165
40114996000180
40185138000127
40280076000132
40311446000151
40359543000114
40610282000163
40632076000154
40805539000132
40894171000126
37108232000178
40956221000152
41227483000149
41403233000112
41405157000184
41535372000108
41608610000150
41615440000130
41852128000160
41876907000104
35036279000148
27510572000177
30671282000110
41303275000181
42070021000123
42257305000123
42262820000100
42273255000178
42314464000112
35153540000190
42469693000106
42572665000110
42592199000134
42652892000155
42686942000115
42704426000176
42844434000118
42872661000157
41043577000168
43396048000173
43488661000110
43510277000177
43541187000143
43558237000103
39892373000150
40908872000177
26708091000108
35557940000160
33497481000141
36881320000145
34502550000120
44049863000129
44152001000127
44199276000116
44206279000130
44374121000179
44664029000143
45075407000116
45199911000128
45253047000103
44957657000117
45381577000129
45489970000130
45602899000150
45636812000166
45775727000189
45981060000170
46057126000101
46208737000103
46670538000104
46794991000122
46952029000174
47029158000158
47163876000112
47416087000146
47467896000187
47648275000108
47791525000156
04050750001443
48246049000155
48278662000154
48432097000138
48438597000187
48659599000104
48749950000140
48794442000183
48862244000100
48862669000119
48973505000169
48991823000152
49058090000160
49237231000102
49694024000187
49945328000170
50166922000141
50249058000141
50295546000195
50306202000134
50437358000154
50545941000189
50815528000197
50943131000180
50956836000132
14488575000290
51302737000108
51398496000134
51502932000173
51575640000160
51582273000122
51664326000154
51723689000113
51942849000115
51951117000191
52127037000189
52213236000100
52365928000173
52531243000150
51147564000273
53281040000115
53430937000163
53473461000148
53480046000111
54047132000106
54166911000112
54398511000132
54502665000122
54573523000156
94121803000490
54583360000192
54705048000124
54714294000142
49359084000224
55173047000149
55761088000156
55700303000290
56100606000153
56210077000140
56747317000140
56881889000118
57089374000142
57715353000195
57725372000100
57951819000151
58054548000102
46572941000109
58132615000151
58317647000121
58235660000131
58405558000137
58436901000100
58501375000115
58531030000104
58625108000150
59118317000170
59171623000170
59420865000150
59510029000166
59686567000106
59715635000118
59798226000122
49893541000185
59928117000182
59991369000156
60000964000161
60012628000139
60018573000174
60174980000170
60220074000165
60310335000138
57834185000157
60435985000100
60509496000155
60519081000162
60526518000195
60755848000152
60798622000139
51787635000111
60995646000188
61013837000160
48691896000129
61845250000117
61845485000109
48879900000187
46688298000175
46942263000110
53157957000102
62071056000194
62148905000160
62239434000104
62337469000178
62349581000129
62666040000124
62843782000188
07900562000300
63024906000166
63189964000140
63303068000160
63307960000119
62639964000131
63530369000126
63594005000100
63704203000189
63744399000135
64004135000108
64332891000166
64540021000182
64749783000193
64761801000152
64951280000104
65225813000125
65279961000122
65506710000133
65511301000125
65661284000102
65705922000140
65789811000169
65837691000128
65858429000160
65862915000151
66007529000145
72870660000215
66468144000185
66571947000160
66603295000107
66641790000100
00079474000170
05025104000174
00182985000113
01940223000100
03622327000193
01203210000220
02027968000137
05539111000194
02205976000126
02027968000218
02240862000117
03958646000174
00647912000150
05651842000127
04096471000104
05752256000179
02394935000125
05759646000170
00781902000102
00821123000193
05813723000123
02510912000139
05906742000102
02572688000100
06007385000103
06012906000102
02639436000150
04383273000113
06056781000112
02675599000199
01084504000108
55153852000100
01100417000199
04478077000122
55396345000106
06637004000161
06175387000101
02768252000190
56067606000107
01180736000151
19167071000101
56589112000184
04851368000114
74509100000184
06321767000107
06324359000109
06340040000169
04659732000149
06885973000131
01345393000138
76525807000100
58166851000199
78215803000150
02998829000150
02999063000129
58613738000104
01460935000113
01477937000115
01492825000133
04910116000119
01499853000182
07116113000104
07185849000126
60519022000194
42179135000106
61192456000195
62095294000130
07324866000105
80772536000164
07638711000135
63806046000112
46266607000119
46376828000140
46848305000159
64578594000103
64685860000199
84984616000134
11665213000159
67131755000104
12797668000190
31700164000155
13809736000157
52447265000136
32302143000144
33899188000100
71847297000173
07402888000138
07455618000195
07609227000188
90089046000111
07631606000174
07634385000198
07657966000145
07780378000102
07872298000179
07918424000189
04589137000184
08056952000139
06130529000106
03331470000126
06002305000119
64947195000164
04741991000114
52391224000175
01677870000162
01816630000100
02105473000189
00745925000161
04162651000139
06082222000187
18364885000173
06237483000129
06307991000136
37150802000198
60240694000166
07168468000139
07190371000122
07198212000174
61885059000107
80437783000104
07352691000131
81004756000100
81480378000131
51518413000101
90334673000170
92030964000109
07566756000141
07754738000193
07976693000100
02437116000207
06067041000262
91805762000110
07812792000148
05286254000131
01403581000175
00095326000140
03378287000186
93812154000169
01060384000362
05883009000101
35684927000172
02960967000140
10880649000106
07503721000163
08109567000102
23487242000157
03052501000100
04193483000149
04415983000188
10903185000106
38845210000153
04945305000127
07507399000140
04619701000164
06204274000189
05616410000185
07814709000170
05350447000104
02657728000116
07111105000167
08658355000184
08215315000168
09043634000104
09082518000196
09110916000179
09250793000171
09443188000117
09445728000100
09477682000100
09478345000120
09485584000107
07603527000230
10199872000184
10449421000158
09406160000290
10798389000116
10910256000190
10914076000186
10928310000124
11107002000109
11164103000103
11206957000105
11236625000173
11308142000137
11328876000188
11603527000127
11749797000140
12252103000128
12255439000144
12298187000130
12402958000198
20336626000180
12632531000186
12717802000104
12770229000194
13024233000176
13066974000110
13103501000145
13475684000120
13534460000141
13626723000142
13632283000136
14245001000100
14267056000111
14507849000160
14510702000120
14531469000161
14569888000192
20410343000131
14942198000137
15120107000140
15191910000176
15385171000153
15418581000153
08791842000110
09171738000196
10336777000185
10374455000120
10379209000161
11034910000101
13186363000105
13599167000162
14793951000170
14974227000142
15444329000119
15471566000179
11902500000135
15668147000121
15706568000108
16492034000180
16673706000154
16673900000130
16736519000172
15716134000180
16829356000172
16866896000126
16937413000137
17142119000100
08112678001654
17312412000160
17361263000129
17526889000148
17609012000110
17648648000171
18005635000147
18019472000151
18158900000127
18202877000120
14907186000171
09465226000132
10593413000180
13173282000170
18541900000101
18568080000141
18811054000100
18821690000105
19240295000100
19315257000160
19348780000193
19827466000193
19859921000132
20199718000166
20717592000174
20821432000170
21129398000130
21379992000180
21794872000149
21896517000180
21943811000104
22180191000153
22376692000100
22734220000181
22813746000157
22905123000104
23188102000188
23254940000102
23343820000181
23407512000172
23484899000160
23586461000193
23603469000110
23803112000186
24018116000116
24045669000168
24079925000138
24153010000125
24357660000192
24484421000101
24608544000107
24948172000150
24960878000137
25034337000140
25164661000183
18905084000178
22761460000175
12407519000178
17689384000102
18500431000182
19769607000169
23459680000101
16825605000151
19703988000183
17637317000136
13669877000111
20968734000176
16875793000122
22860643000148
22038842000175
25422297000104
10142087000195
17803408000102
15478271000124
11327783000139
19316863000109
94534237000520
17435705000134
23235495000133
10936488000117
10451213000193
18616280000122
18627101000152
20386408000150
17889952000100
25370170000199
10912207000196
13362656000104
13176236000125
17213164000108
17852298000160
08583303000196
14322212000108
11013838000136
25499679000136
08612450000147
09640019000177
22817987000174
26105994000102
26171269000124
26294704000108
26355542000170
26683830000154
26707920000138
26814958000100
26840690000180
26877687000131
26855399000186
27171501000197
24833354000266
24833354000347
27391400000121
27572662000192
27929556000113
28275479000198
28375409000101
28383516000181
28660271000192
28675062000112
28939897000132
29260922000110
29265221000173
29650094000126
29664938000198
29985521000127
30064341000191
30064756000165
30079690000187
30524232000100
30378003000124
29889899000127
30971613000137
30984721000144
31082775000187
31158384000107
31552434000128
31708228000164
31800299000192
31866164000120
32007039000127
32043239000135
32174651000194
32241357000158
32533693000174
32880186000107
33106057000129
33117286000149
33253684000192
33068389000166
33328695000194
33339819000137
33471452000100
33472856000119
33591671000123
33881114000147
33883286000150
33911333000121
33966634000152
34025960000128
34055812000156
34436762000157
34445545000123
34446424000104
34594958000170
34611797000185
34624896000100
34632432000137
34704720000150
34859649000184
34952411000107
35013134000121
35151654000109
35444558000140
35646248000109
35747662000104
35916011000109
36120836000177
36199848000139
36293973000103
36424277000199
03905063000770
36605265000160
37022127000111
37155241000110
37253497000160
37394406000106
37663891000176
37680445000170
38119239000158
38137110000172
38228978000188
38304456000118
38336991000150
38345587000143
39249278000132
39314277000124
39314801000167
39374417000150
39487403000142
26877687000212
39686645000165
39990357000108
40361730000132
40453693000192
40468461000108
40475619000177
40515824000119
40688364000120
40731684000116
40920669000116
40971732000143
41058012000154
41096034000109
41285656000185
41369270000151
41501703000180
41646988000148
41811511000170
41858653000193
41901953000108
41941184000171
41955344000131
28974274000109
41999279000146
66134537000233
42087961000125
42093561000122
42153147000161
42226573000188
42752284000112
42876226000109
42919140000108
29321360000177
42995338000170
43036345000108
31560442000116
43559684000179
43573726000126
43715065000126
43795278000105
43694771000139
30229815000108
27618833000177
36073497000115
38257401000102
42992209000129
34710474000149
32725819000102
27806625000100
40949048000165
30899631000155
41314062000155
28481367000193
41499607000145
27874325000150
40935771000195
43928461000131
44485515000102
44534874000102
44915292000168
44942791000144
44988182000126
44999230000181
45175003000102
45178900000161
45201148000122
45343876000179
45451118000174
45736403000131
45797608000127
45881970000181
45988684000110
46125358000141
46255799000168
46289739000166
46326635000184
46400041000176
46584000000187
46804085000161
46872266000125
47097371000105
47272353000104
47291049000104
47333714000185
47406583000119
47448313000170
47467589000104
47775300000106
47893338000183
48050580000158
48223103000147
48224591000107
48242724000178
48244158000133
12564824000416
48730265000171
48877023000105
48892613000107
48897594000101
48987850000151
49056392000108
49086156000126
49099918000129
49270236000137
49289588000134
49717202000148
49833852000159
49959450000103
49909565000185
50186885000133
50373837000154
50390669000105
50391825000152
47520269000162
50481503000102
50461013000136
50690187000170
50721041000145
50561953000105
50893792000149
51040144000102
51377512000102
47691154000130
51564804000154
51817078000134
50633382000169
04050750001524
52036786000109
52218594000105
52242540000185
52279210000164
52405684000105
52459601000160
52540095000130
52706247000121
52961410000100
53162067000199
53411530000199
53672086000165
53779632000161
53885664000141
53889246000122
53976853000120
54105717000127
54595286000124
54827971000139
54890516000188
55202008000122
55228222000158
18441927000394
55651602000109
55896428000156
56008316000184
56172550000142
56923801000183
49359084000496
57047380000137
57056634000183
57060589000130
57149604000111
57203975000134
57241848000120
57295707000190
57383340000166
43841819000194
57731907000148
57877903000172
57904701000172
57925849000193
51214897000197
57936103000185
58028550000107
58104778000120
58117834000161
58185415000167
58237796000180
58337470000125
58112405000282
58406462000193
58726158000123
58760915000185
58873792000199
59106041000100
59305158000112
59519035000184
59774163000174
59960485000108
60320891000195
60322596000178
60476780000172
60815652000106
60888634000154
45827020000179
60918934000139
61182365000179
61215276000181
61216524000109
61269193000175
61605130000142
61766609000160
61886622000153
61897607000100
54755748000123
58192869000165
61809433000187
53920800000197
53808926000174
56444363000170
52865280000102
45805013000176
49424210000104
61898058000199
61986644000195
62188325000105
62252958000127
62310394000131
62390624000110
62746392000190
62769003000141
62904627000124
63001893000100
63104661000187
63140804000106
63167848000120
63174575000140
63403114000100
63508988000114
63635355000177
63918029000177
63972407000109
64407371000175
64653701000102
64737094000169
31799537000600
65110000000190
65376620000175
65475159000108
65492157000127
65663090000146
65948876000100
65987768000146
66030686000171
66038534000115
62584996000268
66297513000114
66549549000148
66656361000107
92759984000107
92997949000126
00068216000199
00074827000140
03446661000133
00161811000174
94210853000100
05156927000139
05296443000195
05390060000181
03720828000102
05444709000108
03807110000158
03905063000185
02231052000102
03928768000118
05614988000100
03979360000175
02286871000149
02312895000125
03905063000428
04031317000146
05725852000160
05728841000133
05769840000137
05774612000155
04164114000128
05834491000190
05854993000182
04216606000110
04256108000109
00915607000100
02595058000150
06037882000146
04377464000172
02669517000101
06101373000135
04503889000180
06196857000105
06203573000107
06210536000118
06246473000150
06248067000126
04609615000170
01303332000108
01320766000116
02984024000158
04378836000185
06942357000175
04790970000199
01398768000128
04799558000130
06995751000171
58772021000105
40171258000175
59025296000148
07178402000120
07192007000100
42132456000155
07238799000106
24423204000101
81572224000170
82069592000162
82983925000164
83156398000187
83616326000175
66093592000141
29371663000102
66774175000164
67256834000133
67320382000101
52153707000131
68781319000135
69012615000134
72183379000123
72235641000136
72887565000143
07526469000108
07604071000142
07658547000128
07718120000178
00278343000112
08086212000145
07889196000166
02281753000148
02825455000171
01631568000173
01975106000173
05470686000106
04483591000156
90148917000120
06067041000181
02454376000100
03363530000192
03524107000127
01873405000105
00452161000116
05567439000114
05596106000113
06180041000193
03051849000182
03283197000101
83171413000166
64957764000152
32679938000176
07464863000169
00565930000192
06970946000167
02379718000166
06026457000151
40840217000124
05297406000100
05232223000106
03369866000162
03608777000121
02048077000167
04197982000104
02617976000133
01111355000110
06057783000126
74318486000147
66097106000163
86430576000104
07951150000120
02656038000142
07052951000153
07860278000188
84528041000145
02960760000176
07970209000127
06962043000134
05638026000183
06979107000100
52516689000105
02518262000178
67140590000129
02916565000149
03420224000140
08164505000101
08237897000183
08279375000144
08375108000170
08578888000156
08619968000102
31700164000236
08852130000164
08877332000160
08156627000148
09038907000114
09064772000161
09227886000185
09228589000154
09453385000117
09521015000170
09533838000115
09542707000102
09596185000113
09602904000161
10359893000110
10378612000176
10143389000188
20270266000161
10491367000109
10536615000190
10572296000179
10591490000100
10651521000162
10939709000100
10955533000180
10994839000146
11036994000112
11051393000189
10925226000157
11082205000180
11173512000176
11324312000177
23004930000208
11524825000121
11738688000128
11921464000157
11994335000199
11877734000170
12145559000199
12148415000196
12029427001335
12217349000169
12336973000185
12346608000151
12408200000167
12559962000164
12745763000140
12746606000150
12998521000169
13012928000138
13013034000162
13180446000197
13223926000198
11899316000183
13520695000184
13708090000111
13719071000190
13800194000151
13817235000112
13835364000133
13859394000180
14105264000114
14254582000147
14488575000100
14529488000153
14602439000107
14649379000170
14727299000195
14756018000122
14877391000131
14908862000121
14929815000164
20587702000120
15057927000135
15076546000101
15407397000108
09119458000139
10801106000148
11221491000117
12642784000130
13697076000160
15457191000192
15557398000139
15615700000168
15706619000193
15863081000120
14911758000196
08856078000114
09154242000104
08304640000105
17048254000182
17527620000186
17645103000101
17707021000144
17790147000125
17867280000132
17951495000137
09631511000186
12774024000187
11601116000100
12335307000122
14448093000126
14874377000184
18158398000154
18355796000160
14658768000161
14872826000155
18469335000119
16886474000112
18532767000127
16756723000236
14443670000197
09301081000134
18846736000140
18866086000103
18919997000143
03591601000295
19166196000117
19181629000103
19187349000102
19238382000114
03379255000529
19916106000168
20077952000110
20089492000140
20944709000152
21057395000139
21199869000187
21409462000137
21465564000170
21479782000163
21534170000126
21576064000105
21592387000192
21746989000157
21747410000170
21985863000135
22014580000109
22016969000193
22266360000172
22296103000183
22351916000129
22444110000185
22597180000173
22702168000181
22720427000105
22940759000197
23055386000134
23074217000141
23331752000130
23340880000140
23414474000185
23602988000164
23824327000183
24058880000115
24070531000119
24070746000130
24355243000100
24362245000127
24366695000198
24665946000135
24675616000120
24900082000199
24913361000197
25167419000163
25199706000155
25206570000163
25236822000105
10335234000143
25305809000152
25320465000150
25464438000151
24434537000128
08759077000151
19898210000177
22038471000121
03379255000448
19011191000115
10583925000166
10370783000159
12001623000168
17153540000108
13184342000150
08531432000130
17696668000118
17966389000127
15492810000180
11033949000104
22271595000152
13059161000100
20907469000116
24576394000199
23880384000180
15089417000140
10444260000100
17930060000106
14755040000158
14608358000106
14949217000157
15380279000153
12079069000131
19822878000130
09369456000106
26127141000163
26136975000135
26148282000162
26165261000155
26278271000105
26389200000171
26587158000101
26689795000180
26736234000195
26781041000156
26887733000183
26994371000120
27116357000196
27338025000156
27462405000106
28080827000171
28368825000182
28421747000132
28513813000102
28526779000100
28661944000129
29032438000133
29141162000121
29202517000145
29271500000140
22839189000224
29530787000185
29689076000158
27517854000104
30189828000109
30494653000135
30538572000190
30806963000148
30926722000132
30953894000103
31147165000114
31297115000113
31431227000115
31575581000113
31616046000163
31770664000163
32078765000130
32253276000178
32399739000104
32553838000107
32637573000117
33247395000180
33517776000132
33807443000148
33909387000152
33846976000309
34154333000197
34200597000130
34445801000182
34501450000180
34523396000173
34821316000166
28931680000186
31615250000160
34963466000104
34974514000160
35225248000135
35616868000103
35734464000106
35769346000133
35857753000100
35920195000172
35939889000151
36149777000160
36311457000164
36647570000115
36683638000111
36711408000119
36282864000190
37058855000183
37066638000135
37328730000126
37536779000174
34994824000146
37636410000133
37667232000108
37782298000149
29944542000102
37943714000143
37969653000193
37994947000175
38033787000160
38182528000100
38194850000140
38216452000188
39234107000130
39479253000125
39559108000154
39604185000189
39917785000105
39990691000153
40071013000176
40120197000117
39555462000100
40151337000114
40222964000107
40619461000161
40727078000127
40761855000150
40889657000176
40909205000109
32894682000110
41146704000154
31416388000130
41238125000131
32545673000113
41296314000160
41687598000116
41811794000150
41827216000102
38157125000100
41899718000149
41902285000133
33629200000167
35663253000120
26080859000141
28609131000190
42281919000140
27778706000135
30911346000102
42446888000130
42588775000170
42623630000162
31771641000173
34307084000122
42592199000215
43187200000108
43292248000186
43332575000114
43528772000103
23546209000231
30957552000153
30995155000176
33454930000174
36233563000177
34445589000153
27260661000102
28464560000116
33042430000125
33437744000127
29880099000145
34980695000137
27240680000177
33448970000103
42345353000173
44070771000120
44191969000162
34136545000222
44490057000191
44616991000107
44769295000130
44786589000170
45055139000170
45264862000160
45278530000134
45320716000104
45379421000103
45423337000140
46013225000183
46151811000194
46220461000170
46413714000122
46756973000156
46778629000168
46886475000128
47207597000103
47235899000195
39983450000268
47397855000161
47402783000101
47722833000120
47991974000148
48037107000130
48094789000113
48135140000101
24365802000244
48327302000103
48368097000116
48371740000160
48511118000100
48618846000116
48653123000158
48678487000192
48791904000109
48968034000109
49102647000113
49270375000160
49344686000127
49359084000143
49387733000110
49721093000132
49807292000168
49819330000100
49905231000133
50294796000100
48904681000149
50389817000171
50458109000145
50513234000100
50677785000100
50737847000121
50782530000107
50787278000129
50813489000199
50815790000131
51180604000106
51304286000130
51565244000152
51021759000191
51651314000195
52245428000106
52246221000148
52830156000101
52910764000118
53385163000104
53429958000169
53660282000110
53699843000194
53702376000104
54080022000138
54126484000149
54206200000124
53522718000104
54456857000140
54616137000102
54631772000150
54804867000129
54808334000115
55072321000193
55112566000105
55417827000197
55445154000189
55785035000175
55838018000159
55851482000185
55912219000159
56025238000126
56051737000198
56085585000144
56444302000103
56689690000192
56929387000110
56949821000123
57058964000108
57126354000102
13660991000261
57258487000124
57704584000101
57753914000140
58107438000153
58319317000175
58331913000170
58406169000126
51523810000163
58449993000163
58454111000158
58484434000194
58529164000190
58637962000136
58737562000100
58929459000154
58977185000179
59031364000181
59162173000159
59241270000137
59375822000108
59510744000107
59768605000170
59777803000108
59825292000144
60042714000194
60068159000170
48634413000154
60579673000170
60582540000152
60859788000118
60940456000163
61331882000162
61764018000154
61837757000129
49993893000102
61509358000139
61992369000112
62000233000141
62093287000107
62172000000126
06538861000295
62300412000102
62516435000140
62655812000122
63010837000131
63089484000107
63195370000141
63442346000160
63554795000108
63591083000150
63847361000198
62050341000129
63903350000188
63943405000183
64035443000109
64036939000199
64069279000142
64092987000102
64221354000149
64650374000135
64322566000112
64891596000140
65228293000104
65442201000194
65489258000149
65601837000131
65612527000112
65671336000121
65778298000100
65952175000144
65976891000161
48103063000442
66174793000173
66188866000186
66420827000162
66547237000103
66668857000192
01674413000114
03356444000152
01710946000104
03398485000101
05101015000160
01818325000149
00200171000164
94432341000180
01890626000183
00295412000104
03596898000109
03598038000104
00312473000124
01989503000102
03699138000119
05386778000102
05390566000190
02058638000109
00476299000155
02096610000166
02115396000148
00566373000124
05606187000195
02330144000131
04068708000135
04098118000155
05753353000186
05789972000120
04165187000134
02472580000145
12029427000363
04243694000149
04265873000187
07820040000129
04288541000118
93277507000410
06027681000168
04359952000157
02642052000197
02690369000107
33215740000366
35509322000145
73668857000158
06206771000116
06223006000104
74095969000120
06249081000144
04586286000190
02837641000120
01239716000109
04643962000110
01272024000162
06334516000159
06369731000195
04706163000145
76274109000189
02983300000163
04813733000104
06538861000104
07005930000187
40263824000179
40356701000182
03081967000133
59363671000160
03105766000129
40793820000100
07085670000105
03151706000142
84693183000400
41992322000141
07216766000157
03270909000158
07254817000135
07323994000126
05409554000160
81725681000157
46626503000178
64032212000133
48871354000138
10909901000154
87439261000190
88865951000174
31665557000175
90429226000103
33410622000147
34519058000168
92076702000177
07404962000155
07450678000115
07493451000157
07542031000113
07674300000103
07983855000129
07998949000171
06002941000140
35597640000105
04729058000121
59067678000134
03958650000132
01512723000132
07545349000158
00011802000105
00227990000103
05633083000170
07471874000176
03376984000106
05161962000146
04063684000121
05928321000174
04452895000156
06243157000124
01250077000182
78166550000172
01539867000182
60323045000129
01634323000108
07268412000156
49080740000174
68719525000115
33067208000187
92136787000131
08112205000170
18364885000254
04129362000138
03887758000181
06854400000140
02510920000185
81876336000114
24082844000197
00675588000183
03590859000196
01683459000108
94736162000136
00349024000150
04862133000128
81360968000120
72686645000130
07528950000132
08084285000106
04339555000113
00950152000155
04996721000154
73766503000146
43518554000198
05086326000105
06373415000197
02542881000106
07250844000130
44189975000185
08156305000107
08415684000102
08778263000138
08798640000109
08899661000102
08291634000152
08937854000100
09048214000102
09062281000181
09157419000126
09247110000127
09262519000112
09311702000160
09361196000114
09468923000147
09503969000150
09550763000180
10329115000188
20255630000114
10368714000100
10141053000186
10256321000105
10443804000119
20275353000101
10525100000195
10594353000110
10687958000156
10787400000142
10793603000141
10797820000100
10808664000135
10859027000198
10878578000107
11115448000177
10814921000222
11154274000151
11220573000147
11228219000169
11244735000187
11346076000190
11429428000170
11581536000164
11593744000183
11614121000140
11593819000126
11951683000189
12229066000137
12254427000103
12266591000122
12287658000105
12554658000124
12467265000183
12885689000168
10999297000102
12974335000190
12982142000180
11587918000103
09259943000370
13042375000166
13202844000167
13565625000142
13625073000110
13675246000105
13682317000105
13783100000183
13927906000106
12753213000335
14499037000110
14660000000122
14744277000133
14767774000157
14841632000192
82883935000209
09424991000104
10426357000190
10595934000177
10743646000112
20446475000113
12657387000132
14550900000117
14902922000107
15450204000100
15503143000193
15531085000101
15809347000157
08647841000105
08752720000115
17031144000108
17245737000177
17330632000116
14244580000177
17490119000192
17821254000173
17845920000103
17872575000105
17874515000113
17890975000135
18118274000145
18157676000159
08198537000110
08222576000105
11095673000199
12559646000192
13025670000104
14363745000120
14673744000181
15102640000180
15453993000124
16901728000124
18415285000197
18446423000103
18493085000152
18615616000132
18632803000124
18685874000195
18706973000106
18738007000170
12335939000196
13745571000288
18978495000193
19163554000138
16703651000188
19218625000152
19312942000133
16382625000103
19518553000169
19654304000109
19762078000171
19833864000112
20020135000126
11346076000270
20175637000126
86430576000457
20495991000138
20595870000168
20667680000109
19044264000337
20972682000101
21378890000140
21491468000104
21500056000185
21601457000121
21908807000105
21995517000138
22217626000197
22509037000182
22805961000106
22844183000164
22975390000158
23263545000196
23372945000130
23485993000134
23613124000148
23630615000105
23717199000179
23865974000133
24013412000124
24075083000146
24139684000175
24285171000172
24450550000170
24602307000120
24774029000199
24833354000185
24837396000194
20695661000196
24930610000152
23351451000179
25074482000155
14247291000121
25242030000135
25318232000113
21551971000108
13229194000143
23739243000141
12967045000119
15081030000147
16693933000141
17822507000123
18342580000160
22706328000160
24074153000141
24345280000138
18716185000109
21102517000161
25532991000184
12184122000164
18627569000147
14755973000145
13109382000138
23870259000199
24119784000130
19225665000121
08542382000197
13927620000112
16614689000184
25204122000120
12026869000194
08202289000133
12631399000198
10821321000100
17733313000151
20033418000102
12196139000131
25058571000108
26111970000158
26245052000111
26396925000197
26941477000165
26953625000161
26994267000135
27022712000168
27102513000160
27160361000151
27170857000106
27251311000180
27251410000161
27448680000167
27633480000184
27782924000143
03905063000690
27918396000107
28091869000108
28186737000160
28250373000130
27832488000170
28306911000160
28362974000134
28420127000189
28638679000168
28644032000149
28648881000170
28929690000187
28954528000119
29276319000126
29446365000126
29461536000196
29490680000150
29619063000102
28582737000189
29780713000105
29935997000153
29945853000188
29975345000142
30196925000110
30200895000179
30227556000186
30232248000149
30320357000118
30508639000143
30611926000184
30637298000106
30664336000110
30805211000162
30812089000151
31135558000108
31314619000102
31429299000128
31536100000160
31771618000189
31897126000134
31897512000126
31350843000141
32139359000130
26332228000172
28369433000138
32520901000109
32772771000193
32983364000125
33064195000192
33095822000152
33288193000187
33751273000127
33788619000161
34254951000109
34292074000160
34627395000179
34717837000178
34806713000169
34823543000120
34930969000183
34999989000100
35125592000152
29144994000100
35278806000120
35373002000100
35588152000131
35664129000189
31624332000170
35979417000122
36044427000139
36225296000196
36243347000102
36310747000193
36662241000143
36889470000103
37308266000106
33145852000126
37665433000176
27053229000140
37927226000142
38044759000149
38045587000128
38064407000155
38230399000170
38232519000178
38611394000197
39227689000127
39314189000122
39364007000128
39420728000108
39422177000111
31860522000197
39762495000121
39825562000100
39983450000187
39987725000150
40105334000144
40362236000192
40470745000139
40805772000204
41251533000123
27664585000109
41551561000166
41643824000167
41684387000120
41719523000170
26926510000188
31028496000135
41982576000189
42154850000194
41281881000143
34289305000187
42347279000124
42457292000136
42588930000158
42836744000190
42879889000179
42972161000197
43270349000156
43334373000101
43364241000122
43441122000126
43521188000126
33833256000139
43798878000127
38309492000174
33749910000120
34415102000190
37583439000102
39764133000170
41523302000121
27586025000175
33834031000105
27037253000196
33910015000146
43238796000128
42224883000163
29982722000170
26897308000175
43129431000165
43841729000101
43852929000151
43899011000168
43944688000170
44066049000112
44079183000158
44245432000138
44288172000188
44445202000112
44544158000106
44606394000100
44660338000145
44835870000156
44853324000148
44886442000152
44948406000176
44970792000100
45044077000100
45193966000120
45235530000157
45251637000199
45287053000173
45432335000117
45526213000190
45567904000131
45680446000142
45815012000102
45854185000130
45951353000105
46023565000195
46040083000143
46116229000197
46133519000149
12264888000230
46371247000115
46473979000116
46627047000180
46951572000157
47262732000113
47322986000180
47502512000110
47920594000112
47999699000109
48008192000109
48141945000150
48259648000103
48970616000111
49034144000158
49118815000169
49218333000180
49292388000130
49413030000119
49442599000102
49495547000102
49533388000185
49637579000197
49729426000170
49883461000149
50070068000115
50136649000102
50397325000128
50472367000186
50474207000176
50726200000102
50887071000126
50970976000165
51115479000142
46198772000261
51581317000108
51619253000189
35802237000251
51801565000109
52024471000133
52161218000121
52238290000100
01140699000310
52286845000199
52476831000138
52548813000114
52566396000132
12564824000335
52684111000168
52899633000187
10745218000200
52958625000164
53209152000165
53279888000100
53299227000146
53372908000192
53419041000183
53438831000106
53440268000100
53552137000115
53688706000154
53762667000198
53843701000159
53978601000130
53998329000150
54024554000158
54045504000157
54083687000103
54208748000103
54398815000108
54483621000100
54517265000190
54658429000108
54685473000107
54894232000160
10209063005256
55133176000103
55295905000128
55320291000197
55342145000162
55426640000150
55647262000134
55781098000153
55835192000148
55887344000156
55963257000130
56101768000106
56322821000107
56946243000171
57015531000175
57113795000161
57117531000186
57140058000158
55966511000154
57186198000167
57211858000112
57357289000118
49359084000658
57582849000138
57719947000174
57772210000115
57826642000161
57896422000104
57898985000131
57961405000103
57965889000169
58110749000171
31314619000447
58150700000142
58197223000170
24960878000218
58883998000108
58990994000110
59312080000163
59644037000103
16383179000224
59832366000170
59940914000185
59947931000144
59972949000104
60055061000188
60088797000152
60106124000188
60160491000160
60253707000131
60321451000152
60533078000101
60784249000167
60943035000196
61250314000137
61291517000171
61315810000121
61349828000144
27689531000270
61416237000142
61473838000197
61477181000136
61569466000105
61595060000199
61606769000142
53924910000127
61866145000164
61950609000116
59706953000112
60238032000151
59603005000151
49049350000131
62019128000154
62050132000185
62359220000163
62456511000170
62467044000183
62621026000104
62846086000125
62882438000106
62919138000146
62742687000198
63123642000106
63390685000140
63450330000107
63512413000175
64081959000181
64115960000180
63866637000185
64184683000167
64205246000182
64293529000123
64538172000104
64578921000119
64688826000178
64766383000196
64827072000190
64854890000181
64896839000132
64913527000190
64933022000197
65023667000155
65293943000103
65571841000102
65595016000130
65645260000160
65871136000112
65937857000188
65940184000115
66066355000191
66086576000121
66396046000180
66606729000114
66656289000100
01381565000129
04973904000154
03374334000113
01753168000130
01759924000139
94268232000179
01874229000118
03587411000113
03597194000142
05955333000198
01957971000197
05335190000111
97451611000198
05427912000168
03765664000130
00466802000191
00492642000155
05521689000113
03892507000195
05566452000159
02217889000199
00601539000104
05584516000144
05658838000190
05694081000190
05741645000107
00770483000103
05758606000104
05824304000197
12029427001173
04213397000150
05885381000157
02517869000133
02518267000109
04243669000165
00935164000100
05957328000114
05997753000137
01060384000109
04440410000104
04455876000183
73016412000193
06651013000107
73500761000186
18117036000115
73753345000190
02793227000167
36093110000192
73972820000119
06235367000170
06301959000143
04632181000120
06329974000108
06337177000164
57266199000111
02916620000109
43483320000152
02979968000137
39062765000191
01392005000170
07003120000191
77697522000119
01470519000104
04893803000173
01521649000110
07144089000109
07162192000181
01567027000123
07176716000193
79323267000170
60748290000188
07253879000122
80066848000152
07273764000108
62043997000114
07366218000103
07574660000125
26708834000140
65870958000189
84920776000110
85381119000104
86923315000126
67111278000107
87654166000100
67783985000140
68219112000171
89399224000121
91359364000118
34454983000158
72387582000111
92022169000160
92105402000179
92188093000148
17219759000162
17390683000133
07402435000101
25469982000196
06205357000192
07633614000150
04509366000141
07860862000133
07864379000127
07957167000194
04049762000133
08064256000174
83780668000207
01785980000148
06935131000147
03778409000121
07122311000172
24093213000173
00108680000161
05513236000145
05034527000150
05040938000159
00245816000185
03575840000170
02106267000193
05510462000172
04103135000133
06057294000174
04634014000118
77892263000187
81456170000187
67546143000174
90569203000196
08019661000170
71091334000166
94466406000108
05316319000144
02026471000102
07578157000148
02724915000175
94505997000185
00213814000104
05530057000116
00846253000180
01482377000197
03368927000177
54991492000153
07629978000166
06212376000146
55881932000182
42517524000102
05975332000105
01130299000161
91539528000199
64057987000163
02737011000184
02502378000119
03656590000101
37444841000106
00756336000189
08164371000110
08289128000129
08606305000153
08741986000162
08775569000130
08791459000162
09020490000162
09106916000103
09133625000104
09354818000187
09355707000195
09406435000105
09429781000109
09464252000146
00747263000240
09636066000147
09259943000299
10208687000109
10480229000124
10493362000115
10517638000158
10521588000182
10665166000180
10706744000180
10712600000136
10738994000100
11346076000351
08879369000128
10882948000171
11007707000146
11016577000108
11097947000189
11358572000163
11377607000101
11449838000183
11453033000103
11462433000185
11510847000132
11596249000128
11649021000159
11707506000151
12253048000190
08336297000172
12402091000170
12505395000163
12701325000180
13009344000103
13107093000108
13164508000177
11063139000109
13192211000115
13318055000196
13337120000120
09366610000188
13451218000104
13572234000155
13574895000110
13776822000100
13815148000126
13890435000109
07614300000371
14119696000184
23004930000380
14174910000103
14370040000130
14833975000105
15064925000173
15094823000109
15331514000105
08673926000150
08821989000106
08929527000107
10847789000174
11165329000129
11283936000193
11311810000185
12742776000166
12768553000178
12913368000120
12971603000110
13304427000125
13564363000100
14981569000190
15619138000140
15837801000183
04129499000273
13137902000116
10760616000114
10792416000143
16882462000110
16888373000180
16910645000100
16926803000101
16953307000147
17070993000170
57910432000238
17165250000184
17205585000189
17314009000170
17320787000171
17353971000118
33060278000456
17680193000171
09430266000149
17785608000171
17822284000102
18102997000156
15171025000125
10526758000111
13914959000184
20488718000186
16811464000118
17408731000173
18317403000124
18373640000102
18608833000103
18788100000190
19050687000106
19136596000180
19247473000116
19401386000171
19589713000160
19649414000174
19696427000102
19954081000197
19993581000138
20051037000156
20073153000176
20164509000187
20165328000175
20166064000174
20511131000140
20629142000120
20783554000110
20791036000148
20817283000176
20869576000105
20914080000106
21035876000143
21199232000190
21216824000173
21217155000154
21317262000154
21417797000105
21601915000122
11339763000269
22102534000161
22234774000110
22246469000148
22386259000155
22634313000134
22729802000170
22800077000189
22811937000180
22822916000160
23019818000151
23286855000126
23361444000158
23371916000153
23550240000165
23691196000103
23714947000160
23770674000170
23920018000107
24287118000100
19080354000111
24513381000170
24531043000161
24763023000116
11134672000297
24941644000142
25016836000105
25159404000153
12029427001769
17695942000134
18233507000150
21458933000105
17328785000129
17812459000192
23598756000180
11482208000100
11249706000108
18334088000143
15106196000170
19868776000156
24390766000198
15040507000146
11563627000177
10250217000103
14146778000118
10357707000103
19608481000493
22215428000194
10580327000133
20526434000137
23501902000107
19987001000108
23410600000123
12519843000188
20313445000139
25083657000190
11524581000187
15825230000167
25195915000120
26101989000113
26212635000146
26243644000102
26154311000107
26316453000115
26393050000170
26616084000186
26808123000147
26834914000141
27005470000102
27060659000190
27222106000196
27267328000125
27360909000107
27433230000109
27778179000169
27875797000127
27929846000167
27947463000111
27949436000188
28312919000130
28462231000136
28539181000148
28673296000120
28761213000155
26222761000181
28925371000101
28952175000118
29041353000111
29046565000191
29183384000107
29244635000116
29366017000149
29571244000106
29609836000170
29829649000100
29935824000135
29691753000172
30324344000117
30360094000170
30398090000181
30520393000125
30550863000101
05111584000277
30822991000159
30939057000111
30954466000197
31275543000145
31171180000106
31385400000196
31406810000176
31446840000106
31633861000130
31758471000197
31893124000177
31957443000107
32134523000117
32223798000127
32314301000186
32331411000156
32399753000108
32413307000100
32604743000167
32691228000161
33091913000110
33117880000130
33158182000182
33171020000184
33261898000100
33141651000150
33370726000175
33402380000140
33440310000186
33523520000138
30843463000186
33588348000109
33854249000113
33882806000100
33891088000138
33935423000152
33978130000152
34207215000108
34212041000163
34234478000106
34411368000164
33846976000562
34615364000106
34764588000171
34784916000100
35335046000146
35438808000130
35639946000187
35650346000110
35702949000118
35736810000195
32068676000103
35883703000190
36061439000171
36242019000191
36443866000114
36519168000155
33227708000139
36921928000156
36995059000104
37216276000111
34269807000227
37253561000102
37285986000101
37419364000110
37511448000180
37596198000128
37756752000197
35615032000186
37420654000265
37888447000159
37903604000158
38052040000150
38299674000101
38445494000190
38541902000108
38649391000142
39145766000108
39411872000188
39425213000109
39822874000160
39953350000108
39986248000109
40085189000187
40104015000114
40125571000177
40135754000173
40207322000120
40271584000154
40300359000107
35813002000184
30962950000168
40562192000144
40717735000155
40908328000125
34469091000120
40930235000105
41266432000126
41269459000172
41369882000144
14644584000738
41572270000154
41578835000100
41607692000118
41805530000194
41835441000190
26620267000175
86430576000538
37420654000346
42252959000164
35590626000180
22811937000260
42501142000182
42570893000150
42615368000104
42703367000111
42731326000139
42933570000184
42951948000172
43590144000158
43612041000141
43695304000123
43712045000100
43779413000129
42075902000137
42604936000171
41070259000196
27987929000102
42840303000162
32822052000130
34056188000101
36739168000160
31466629000155
37335972000147
41894941000101
41735489000127
36689102000103
28663253000164
43895758000148
43925952000129
43994818000180
44017966000107
44046344000107
44186121000145
44272140000194
44465572000111
44579593000168
45165056000134
45262239000178
45039335000151
45587109000105
45642219000122
45698880000150
46357196000177
46420094000159
46492490000191
46247551000155
46638188000107
46758591000161
46801345000145
46854739000161
46890986000113
46938014000151
47012648000141
47057848000110
47148578000153
47205848000110
47336975000159
47398105000104
47406406000132
47458425000102
47483380000126
47582256000118
47721319000170
48143751000193
48204699000138
48408842000103
48554097000100
48742645000126
48912013000163
49160418000155
49243018000103
49404949000146
49409205000114
49496299000106
49533602000101
49588677000181
49821625000103
49852984000128
49887871000168
50209294000134
50350181000154
50393773000153
50470438000101
50507742000186
50623235000108
50965499000140
51011705000145
51028103000109
51071658000125
18522314000209
51212623000169
51238241000104
51312653000147
51360852000120
51452698000117
51285440000173
51668651000195
51861298000165
51902926000103
52026578000110
52101544000143
52187649000167
45304857000133
52226113000103
52279421000105
52315046000101
52586662000199
43327218000249
52745295000129
52832638000192
19442437000294
53068293000105
53085962000157
53140187000195
53266792000107
53512143000149
53660461000157
53408932000134
53676159000197
53809956000103
48751359000208
53819153000121
53943500000123
53980956000163
54003404000168
54054393000145
54299098000159
54503215000154
54716336000184
54726057000100
53438170000119
54899578000150
54923963000196
19738887000229
55590450000173
55807925000130
55909291000127
55975796000190
56013844000121
56225408000116
56246208000140
56340248000156
57119374000148
57332491000195
57653108000109
51842447000149
58353623000128
58358022000108
58493364000130
58495475000186
58600039000120
59124374000161
59241472000189
59343458000196
53881019000150
59556077000195
59707771000166
60250998000104
60624629000134
60667915000187
60722929000156
60744044000158
60810828000137
60818625000197
60237878000177
61150019000109
61157054000150
61198333000161
61338902000127
61468603000107
54579949000117
61562105000129
61862135000150
54501338000156
47382063000113
58256125000167
60854289000138
61903682000137
62366925000108
62423063000108
62602942000105
62605220000104
62693158000141
62845678000122
13050006000387
62919719000188
63000477000197
63080533000140
63288367000172
63307673000109
63522307000172
47774122000280
63671608000168
63807691000150
63823339000108
63857216000198
64159002000100
63866315000136
64216259000157
63784855000170
64342451000190
64361432000100
64468148000138
64536151000141
64716054000130
65082354000178
65102481000191
65191544000123
65352404000190
65381629000174
65507492000151
65536107000102
65587143000197
65656600000158
66118768000172
66221796000110
66392327000164
66437686000190
66511576000121
66612868000150
66638232000188
03323084000192
93181691000158
00097438000130
03380788000105
01743071000147
93998953000171
03445398000168
05141927000165
01840004000140
05202430000100
05282104000150
03618632000101
01946170000126
03622951000190
01950375000185
05312559000170
03646052000128
05364706000156
03793061000141
03802486000170
00532397000162
05568314000109
03949771000118
03982086000193
04036788000147
00747263000169
00791789000146
04124384000105
04183595000119
05845580000131
00862871000114
02518282000149
05900678000144
02533331000112
04316801000111
25949512000200
00987109000164
00989239000136
04409106000102
01051730000184
06116336000109
06175125000139
06191306000159
04552939000110
02819824000113
06271620000141
74493958000106
04615251000131
04617864000108
02866807000137
02870908000181
02906544000142
02949755000162
75959544000184
58028010000115
02995824000174
07527596000121
04836709000182
04872890000182
01476212000102
04897547000192
07150512000183
78831641000185
90364563000232
01580895000143
80065725000105
24768368000162
07318198000103
64617244000109
83204180000150
48444673000167
28965549000130
12871554000143
00779779000195
31937170000120
54656624000190
07542070000110
07557046000155
07562939000199
93665867000147
07758969000175
07913672000137
07920297000152
07989275000149
07996623000105
08106110000144
05251734000167
67339283000171
02393037000152
27823806000136
79251484000100
02104490000100
08020280000101
92991173000137
01694094000109
03358380000129
94167152000127
00203360000190
00581895000103
05591427000125
04123058000183
05913620000135
02705912000194
04449704000105
04604008000118
75872630000155
02986054000101
03293657000182
80993132000109
28322022000197
67739557000110
91466334000100
50201383000215
01216432000105
07340792000192
03616902000145
36033413000110
01037474000170
00819150000121
60876182000190
07238799000289
07139990000192
07363165000177
04932157000106
07995870000197
03654511000115
01115768000173
04322433000114
06978247000163
02317728000177
06303652000181
13007422000130
07774447000167
08203953000169
08335716000151
08487889000195
08533340000190
08543729000116
08579107000148
08755895000186
09163598000104
09184800000184
09280552000175
09281696000146
09282871000110
09292239000157
09393230000132
09408438000188
09549958000100
09625988000159
09636891000141
09653712000184
10303852000101
10308741000198
10637808000138
10725418000110
10745218000129
10746242000182
10779956000197
10790594000135
10793379000198
10824702000143
20287257000183
10944470000167
10973517000110
11364662000167
11057066000134
11082644000192
11104750000120
11137263000163
11224217000100
11313501000144
03607073000304
11451821000160
11502098000100
11546619000112
11677331000187
11788843000110
11796029000148
48103063000280
11917624000194
11933213000192
11997231000138
12072058000120
12097335000159
12262056000101
12343920000191
12566142000108
12639161000109
12658841000170
12746702000106
12880507000166
13360934000186
13379209000150
13431837000137
13472534000162
13566657000162
13797595000108
03374334000202
97522861000171
13974958000125
14010224000199
14018376000138
20395613000182
14296357000173
14330193000153
14725035000100
14742468000166
14820363000188
14835504000136
14963865000168
00437450000227
08510339000140
09420257000177
10256967000192
10902106000134
11315591000102
11493767000116
11680500000138
11963198000125
12974166000198
13158972000150
13197080000169
97538363000117
20456617000123
15556511000161
15731183000192
15743918000106
11999300000142
13431670000104
15987590000165
16516937000154
13990801000193
09212528000107
16834427000125
17000040000136
17087153000110
16756723000155
17246437000102
17376396000179
17411168000192
17429816000138
17512206000101
17532833000104
17573766000168
17620143000107
17740677000169
17962089000170
18063665000100
18246535000102
18255838000191
08883526000179
13067229000195
13659843000146
14977843000157
18330137000170
18494767000180
18510862000120
18624939000192
18741484000195
19044264000175
19065659000154
19077892000157
17748858000131
19181036000147
19190192000174
17359630000150
19225700000102
19366674000132
19517378000195
19608481000140
19676165000106
19809667000168
19917639000164
13789848000193
20035828000192
20089045000191
20534720000144
20591546000171
20712101000100
12271591000200
21233016000114
21283857000136
21408983000170
21661359000180
21711308000115
21879927000113
22110816000100
22188366000179
22379359000154
22383229000195
22426333000110
22465973000139
22755655000102
22853174000130
23505879000129
23811487000198
23887217000160
23991362000197
24132242000105
24226986000180
24235379000187
24357601000114
24446067000112
24689269000195
24719579000105
24795748000196
24824754000124
24875224000105
24857776000190
24953045000149
24979360000145
25064468000170
25244648000134
25361003000181
10263229000172
18473229000290
13364228000102
22390529000100
22342512000179
15381137000100
08733097000153
10806827000140
17744979000105
21521100000133
15234452000105
13306101000137
25534183000156
11715621000178
15638400000102
14380104000183
17672511000152
18236236000197
48103063000361
13923037000133
17601704000112
11178402000105
17550207000132
22900434000180
19973835000156
12681577000195
21758907000194
15418364000163
14315502000205
12045455000102
15226389000165
17467677000137
25073137000105
26071202000118
26074407000157
26185418000104
11239764000231
26414674000126
26698975000129
26761113000101
26764264000105
26859576000100
27038572000116
27097246000180
27339672000182
27620904000176
26425350000193
27778860000107
27798237000116
27902613000170
27816154000102
28154886000147
28162293000122
28237183000182
28299413000138
28485218000100
28531948000192
28758193000163
28949495000119
04050750000803
29142755000102
29250957000178
26985849000155
29550926000132
30036744000127
30168666000114
30297265000164
30481602000179
30498464000130
29384894000142
30888230000108
30922872000178
30975518000101
31179662000102
29567388000199
31976661000180
31048486000242
32086763000193
32270269000184
32288107000173
28205554000144
32511488000108
32575454000187
33013344000194
33033034000131
33082582000151
33104107000139
33323670000106
33354423000169
33893375000187
34019421000186
34114524000125
34143948000118
34154190000113
34315156000183
34334725000138
32989439000185
32875185000174
34906641000121
35098402000155
35115144000178
35365411000165
35407922000100
35410480000143
35492452000112
35804064000120
35829895000156
21551971000280
36182203000193
36192487000107
36211778000197
36418773000130
36430859000188
36477390000132
36598833000143
36674260000190
36781296000172
37019194000187
37292161000106
37409427000158
37465743000147
37729087000142
37762956000130
37790609000111
36707058000117
38109494000110
38310095000112
38469229000142
39487444000139
39764450000196
39768154000163
39791332000177
39976892000104
40015321000184
40128819000153
40194793000141
40291538000117
40603937000176
35381249000179
40914816000145
41502042000108
40259827000139
41881187000167
34857893000108
35173866000189
29234931000136
41970620000130
42023079000116
42035498000178
42078890000102
42262472000162
42292046000171
42373638000118
42632293000170
42657839000147
30036744000208
42747662000170
43186114000180
43399943000141
43471193000171
43615328000125
42232566000199
42378784000136
39528422000170
33224225000180
37388895000193
27008021000100
28973718000183
42457635000162
35794291000111
43677122000120
35588372000165
39825650000101
40327705000132
34471907000150
37093668000130
35844443000143
26940004000143
26149689000104
34298946000106
37835065000167
43842846000181
44356982000124
44617099000140
44816901000121
45380709000106
45523949000104
45052720000139
45591616000112
45699243000106
45791358000118
44539160000189
45844598000133
45850257000170
45944852000175
46064020000127
46131706000193
46258629000137
44258124000228
46343396000170
46356404000113
46624589000108
46774052000116
46793889000102
47058504000126
47097956000117
47459605000109
47491000000103
47627367000101
47674656000153
47696404000125
47809048000109
47809518000134
47913525000181
48025817000140
48744164000150
48834368000181
48847116000197
48978752000158
49150986000175
53306306000137
49659492000110
49700448000107
49723379000157
50089719000119
50167497000105
50191100000110
50353971000193
50447040000154
46695556000140
50550422000109
50641621000122
50748304000100
50900916000176
50558752000140
43887821000102
45917925000130
51309430000120
51326439000140
51352282000127
35802237000332
51661819000130
51670211000172
51253506000143
51846390000156
52047520000153
52082464000198
52236359000166
52332270000101
52437198000179
52599469000192
52675373000166
52799633000105
52831669000129
52895002000190
52960627000198
53067151000123
53102542000131
53193048000120
53194839000174
53251614000102
30528570000209
53293372000110
53408005000114
53419485000119
53575172000150
53672225000150
53748728000162
54066008000180
54151724000165
54426466000182
54562663000129
54564849000117
54618122000175
54713022000128
54713226000169
54885800000166
55023107000147
55047762000135
55053095000101
36323675000208
55211259000173
55520179000108
48902580000139
55748159000180
56193542000182
56886329000156
49359084000305
47535076000185
57375181000158
49359084000577
57495878000162
57518590000166
57603479000178
57661309000140
57789750000101
58025240000120
58112405000100
58008304000185
58437895000106
58939720000105
59136811000167
59634886000178
59833485000147
59863708000119
51653880000136
60049231000111
60120827000160
60167155000149
60558308000189
60708155000109
60742732000189
60963639000102
61037573000184
61057400000128
61176193000120
61180652000140
61441230000180
61474999000103
61679792000167
61690712000174
61880954000120
61914522000193
61922284000168
61945011000139
61707757000104
54155770000132
57748167000152
50893792000220
53661081000137
61168940000189
57376528000187
47681496000170
59937619000170
62158804000170
62333223000128
62467464000160
62534428000171
62643475000153
29013602000246
62990936000164
63338145000117
63428611000155
63740933000135
63827317000116
63835639000107
64031874000199
64311287000153
64557743000140
64610654000110
64728658000105
64729583000179
64806291000192
65298944000132
65370731000174
65590456000102
65594463000174
65717957000107
65764566000135
65867883000187
65913349000160
18317403000396
66493033000129
66511286000188
66532965000133
