66680966000125
00010204000103
01663156000115
92690486000155
04964624000180
04980517000145
04985079000108
01713103000161
03373530000173
93356970000105
05138865000132
01856395000191
01115603000363
01917663000138
05269637000100
03602727000137
96441704000179
03630867000119
05322905000100
97123822000100
03696880000170
07817453000154
03738947000192
03760309000178
03800703000192
03801996000122
02116734000166
02122009000109
00510959000177
05489716000118
03827304000115
05492839000108
05492895000142
05523731000135
02377474000263
02246196000124
02794555000340
05625244000183
03968362000169
02330159000108
05731550000102
00798522000180
05785287000126
07418863000122
04196495000127
04198813000199
04214086000106
05883492000124
02517363000124
02527531000162
05949204000197
05961715000124
04345093000147
07832309000197
01004619000137
33100082000529
04426731000154
02729476000193
04473276000148
43420629000284
06217117000108
73853301000131
01197835000146
06745630000171
01230254000169
06285425000170
04626656000175
57011405000142
01313995000103
02949582000182
06888194000190
57837973000105
07897634000138
04773348000172
06944404000110
06972729000106
01402400000196
77166981000176
04823980000183
06536905000167
01430765000124
59055921000102
01490595000173
04902405000176
41140427000172
07114888000132
41249434000107
03161745000120
01547208000198
41784372000133
23453855000173
01585197000130
07214566000165
79627097000117
01635836000125
07246406000106
07251892000142
61519971000137
07413671000123
43566371000148
07295190000160
63314629000126
63774269000145
63853865000110
46962122000160
27347244000100
83157032000122
28431575000188
28635225000133
29321734000154
86685609000167
29963808000156
87935300000140
68645902000119
33250713000162
54399464000141
01042976000190
07443753000110
07471772000150
07568840000102
07626776000160
03588576000100
34633032000146
07747194000132
07785176000145
00765962000131
07864328000103
84125863000185
89443345000123
07950475000198
03776916000126
07753865000178
03293426000179
07744539000102
04981790000194
00904728000148
05460027000180
02591039000156
07344742000183
07488368000190
40982787000159
89982037000176
02270545000143
07946335000146
00478592000151
32622037000148
02018467000194
00442071000144
03749855000108
03855776000181
05540909000156
04143267000199
01092701000160
06203702000159
74127473000190
01207189000150
04926152000170
79733572000130
81138984000173
07370983000105
63672471000166
50247071000161
29992682000148
89529069000110
03901446000185
04821115000106
03201601000150
41826744000147
07449335000130
03369308000105
05755060000138
03823926000175
00740696000354
00136141000136
00280477000178
05323167000107
05387661000135
01081344000135
07153859000180
09588336000191
07748763000164
02681701000169
05705810000167
07414051000109
02814280000105
07443999000192
00302007000168
87184404000160
07635139000150
08084176000180
07844429000104
05696029000173
05267928000150
04637249000163
44665875000188
00927449000108
07879264000106
06246208000171
05438137000146
06003997000110
63742779000130
00546899000142
29316650000122
03284273000101
02074729000138
65623050000170
08168738000174
08198040000100
08245855000194
08249458000190
08652036000161
08697852000191
08704960000144
08768651000138
08861978000150
07519095000365
08733393000154
08919922000109
08942726000155
08954683000128
08968874000149
09064880000134
09164441000101
09224765000180
09238679000126
09260071000106
09272750000197
09426015000190
09469254000128
09481546000186
09544181000191
09588130000161
09635589000179
12992658000297
10310871000165
10335095000158
10340963000198
10388140000132
10394570000167
10202833000199
10250899000154
10489899000101
03512566000271
09143385000110
10611260000157
07292903000213
10676242000153
10788755000156
05267928000231
10853028000125
10855501000103
10910626000199
11106760000102
10836991000109
11176343000128
11263435000145
11383400000140
11585929000146
11723479000100
11466379000146
12022484000159
12108851000131
12392848000192
11344103000195
12432164000177
12501562000106
20339865000194
12561565000127
12575985000162
62609193000210
13018782000138
13120044000105
13147449000129
13217490000124
13230682000170
13240906000125
38658399000418
08560560000102
13453245000116
13575470000125
13583852000109
13597309000152
11659002000103
03943181000269
13755550000162
10846938000180
13885080000151
13985839000178
13898227000148
05897011000210
14414600000100
14925669000107
14829987000166
15316641000127
08140941000132
08744305000110
09303978000105
10474791000145
11140711000188
11668411000176
13181174000140
14413733000162
00489050001660
16564925000103
16622463000125
16646281000194
14968759000177
16733140000109
11128636000130
09488683000142
08595202000135
14127287000120
16805701000138
16936714000146
16985348000115
16988798000161
17001696000173
17094914000161
17283500000180
05267928000746
17419612000116
14892174000110
17558813000102
05267928000827
15329628000102
14652133000157
17873682000140
17878617000107
17947452000188
08860277000104
18160387000109
18252904000170
18279039000155
08382701000144
08822624000104
09118115000150
10427858000190
10818693000188
11174065000170
11444879000187
11917802000187
13728255000117
17047691000181
18231311000127
18335040000150
18561919000110
14732240000195
13656820000420
18812673000101
11392682000141
18940607000117
18980014000184
02036316000240
19108333000167
15568217000170
19415749000128
19554012000196
19629893000167
18010945000150
40175705000407
19791538000190
12991571000114
19827002000187
19966249000184
20036518000192
20088088000152
14941727000269
20732011000173
21088589000100
21284068000110
21144904000160
21352262000195
21725980000160
21779344000110
21310535000139
22024833000125
22047980000110
22077351000133
22134970000112
22315538000128
22341240000192
22401344000145
63067904000669
22577298000130
22590386000171
22636233000118
22666117000141
22670872000108
22738944000101
22847311000123
22952400000130
23069121000195
22860173000112
23373128000104
67630541000255
23491705000154
59309302000431
23571013000116
66437831000303
23687389000190
11888791000154
10853063000144
11820103000203
23870627000107
23875987000193
20861961000106
23984681000175
23985023000106
24022395000191
24399184000172
24776542000119
24927647000121
25045013000108
25255604000100
25269543000130
25320677000138
15271650000149
25447429000152
24540737000165
15541364000156
09002747000153
18040837000120
13074864000108
10954672000190
12088975000100
25528594000139
21002247000117
24101952000160
20140256000101
21878578000115
22211035000102
24737754000197
08362551000107
08713023000155
11443395000113
17071690000172
12122517000132
12814793000161
23690002000155
10978106000118
15029778000109
16972824000163
10517228000107
25212512000142
25026032000197
19990017000161
24111946000193
11929006000164
15771808000140
13769059000190
53477170000209
11377403000170
25477098000101
23700122000196
14998242000120
42160812000659
09006864000195
08220661000134
22910777000126
24191943000107
23643192000150
15008326000132
21605893000179
02966317000293
10682855000101
13565814000115
18009171000147
20092166000192
23615833000162
00489050001237
13244549000173
25175351000164
22340622000100
23767772000159
19944726000100
07519095000446
14788174000175
10820441000193
15235770000190
22061682000185
13475993000108
21052716000102
20391591000182
12127487000157
21665935000167
19191838000138
24285193000132
11745202000189
10730298000149
15764143000147
12608368000116
09403363000142
18848403000150
20367625000101
23371771000190
10870802000106
26082710000100
26112331000107
26278328000168
26287743000188
26294192000180
26297417000151
26704616000137
13240906000206
27024999000165
27033691000186
27060026000181
27241523000186
17006508000280
27437056000164
58426628000800
27563336000119
27594250000153
27687740000102
27928520000115
27710825000156
28215470000191
28251928000168
28345933000130
28352902000106
28356638000189
33040635000686
28510740000197
28545344000103
28550363000110
28610403000171
27914706000115
28738378000106
26963369000193
29192340000143
26758004000127
29464019000170
09247117000220
29602266000196
29602804000142
29615962000137
29657125000170
07479327000218
29855679000182
26853781000150
27561137000171
07021336000341
30229764000114
30555697000128
30561107000170
30647962000106
30719829000100
30721825000166
30880236000120
30887508000114
30993842000152
31097293000109
31245991000104
31295559000110
31404381000106
31431882000173
31438012000126
09420486000515
31618034000178
29328809000129
31928403000129
31981544000105
31997707000148
32531916000164
32534748000160
32583360000150
30203451000197
26564966000145
26230231000185
26680708000124
33085413000175
33169991000190
33208827000144
33223970000105
29960082000106
33237453000195
33251129000121
33347844000162
33428778000155
33587022000159
30411910000128
33683410000133
33762284000102
33811197000106
30584034000131
34175735000178
34182886000153
59193805000656
34317124000117
34321198000127
33977605000196
34386807000126
34450269000191
34479102000153
34680592000151
04525935000223
34771518000140
34795281000138
01005728001140
34884792000126
32737279000187
34894720000160
34918080000180
35162838000166
29309612000142
35411698000112
35674372000188
35742498000142
35762312000117
30322475000165
11249140000386
36081739000112
36124486000117
36176787000194
36234080000197
27816265000208
36283150000105
36366777000111
36378573000109
36399751000170
36479338000115
36722813000132
36433778000131
36835216000114
36855530000169
17719905000208
36991302000116
36994541000120
37035907000104
37260261000150
37378110000100
37427389000166
33286926000225
37532911000170
37565563000137
37629166000181
37633257000190
37642674000108
37670442000155
37748788000129
37754899000148
05343029000513
35190760000193
37919300000189
36695811000100
31011286000215
37963491000186
37970604000170
37980616000186
37763842000105
38028663000197
33661197000169
38085520000117
38281587000127
38367417000160
38829943000102
39157617000150
39263813000100
39288518000108
39313206000107
39340473000173
39780574000165
37052250000185
39822876000159
07356800000270
33609404000136
40117556000187
40367723000148
40370153000145
28878042000220
19984198000202
40543412000192
40616363000170
37513657000162
40819119000105
40833599000169
40893926000178
40931657000197
40956550000101
40995964000131
41073251000183
41110772000163
30994528000194
41133272000147
41188347000197
41228310000145
40838809000101
14041184000223
33780680000162
41402814000130
41451142000152
41452600000178
41500008000102
41549761000184
41570354000159
41779213000140
33621204000107
34576368000386
31883753000116
04891207000316
42002635000178
42088274000124
42092374000124
40464071000240
17879231000462
42203239000109
42211523000127
42215311000118
42227531000161
26702434000127
42346651000188
42365493000103
42406815000115
42412396000124
42429203000148
42476609000181
05146498000208
42649742000192
42689260000166
42729289000124
26189890000115
42860269000198
43036611000100
41948967000187
43115612000132
43116113000160
43134552000103
42604069000174
43347548000115
38115166000126
31522119000158
43466395000125
43491294000104
43553492000155
06105362000476
43754391000142
43777307000106
37453773000133
26470292000110
34860017000130
30163086000134
37390902000191
38008754000160
42094917000142
40409733000107
41695682000181
22364626000209
35197526000198
34308660000156
40749573000137
30134791000103
27233021000103
39535888000100
42331228000104
30308048000122
41037718000130
27938961000106
43556491000164
28317643000182
26736747000104
39321083000156
29788741000160
34818915000120
31834992000186
32556377000118
41893045000110
29825563000109
41169497000153
27991087000162
30060762000144
26133064000154
39821730000199
40956313000132
43867479000170
02248312000306
43939840000127
05975147000200
44041133000181
44100756000188
44438663000168
44449768000112
44539589000176
44681473000177
44814703000129
05385600000309
44978887000162
45032790000125
21284068000209
45259227000194
45363893000178
45408690000150
45682834000162
33220124000212
05342550000293
45751639000147
45770987000161
45854747000145
45858484000142
45983680000149
46020577000166
46093723000183
30518247000246
46373306000194
46469505000109
46511786000102
46727572000178
46929219000170
46975406000190
47202388000177
47211350000160
47240895000103
47331953000104
25453279000270
47350877000176
15707603000367
20858411000472
47966587000151
47994705000135
48197819000117
48222072000100
48375385000106
48447043000146
48449537000160
48462012000164
48590765000155
48687780000116
48719655000140
04298106003270
48785312000184
48791316000175
48817152000108
48827197000163
48946619000110
10836991000281
49060404000160
49151983000156
49173406000165
49250922000146
49333709000106
49337848000108
49341441000146
49386100000197
49482537000124
49543621000100
49688313000173
49798795000114
49830015000176
49891622000146
14877585000218
50124937000147
50179775000144
50188667000138
50192747000167
50196357000165
50277986000110
50126177000107
50504229000131
50507418000168
50509266000132
50593823000146
50604125000107
26051266000238
50652654000178
50737688000165
50778846000125
50832213000158
51117757000109
51130285000116
51309964000157
51500397000111
51682355000149
51687981000128
51837218000136
26083740000203
51962985000177
52001028000147
52147127000131
52154631000169
52165681000141
52170187000175
52200168000144
52085608000160
52238957000174
52238998000160
29342431000380
52284626000170
05970732000209
52338859000109
52347869000100
52377382000170
06160236000333
52572719000109
52593045000110
52625656000101
09020873000211
52682152000115
52756486000196
52798339000189
52806057000186
44533050000100
52847576000192
52854430000174
52865537000118
13704844000246
20858411000553
53437849000193
53512259000188
11407854000294
53775077000108
23351545000571
53848637000107
53910702000179
39321083000407
54092957000134
51616165000123
54165156000151
54167751000126
54231267000119
46533069000262
54269448000134
54330939000143
54360473000129
54409590000130
54457475000130
54586028000181
54632793000190
24980454000487
54758183000138
54890837000182
55072933000186
55076740000101
55131468000107
04864204000393
55192542000103
55246836000162
55327219000191
53426801000180
55605418000114
33811197000289
55793654000101
11719882000247
55877087000171
55909472000153
56037324000159
56083479000121
56157809000186
56227187000115
56425414000117
56844381000140
50765434000231
56907562000178
56953479000135
46540231000199
57029029000113
57057257000105
30722690000234
37775661000280
57148826000110
57201192000111
57239867000111
57308285000140
57369760000198
57387209000177
07479327000307
57394275000174
34771518000655
57457423000152
57567308000130
57585829000110
57600010000185
57626161000102
05267928001718
11970849001186
57681974000103
57824783000145
57893111000191
57927268000190
57934514000131
57959179000126
58130249000100
58146180000102
05924848000201
58305860000113
58371467000128
58386847000136
51989178000148
58422334000133
58449986000161
58455358000199
58475107000176
58505225000180
58540593000169
58583801000107
07519095000870
71957310000570
58369022000103
58914595000170
59008241000120
05652247002826
59132484000175
59186078000195
59382232000102
49241503000148
40175705000679
59626819000101
57628209000111
59685191000115
50086315000171
59774373000162
16632133000382
59953400000164
60299150000170
60343949000116
55186013000199
60389879000137
60399340000169
60492906000100
60531388000189
58974249000188
60588954000199
60625463000170
49946883000205
51735818000193
60675553000176
60677080000146
60734271000100
51510829000175
60994260000151
60891667000153
42977373000248
61289699000146
23745339000201
61451074000139
55060633000187
61516873000146
61535501000167
61669360000175
61708370000172
61736151000105
55991989000134
61878623000156
61885866000111
56183058000172
11278315000383
61813183000159
61648980000128
59998298000113
58479622000124
53262468000110
60599605000172
48244987000116
49535003000119
51710261000136
48884855000159
57382991000131
57608682000137
50536172000152
60027512000173
37438274000258
59360237000126
51151705000140
06089071000431
62128304000196
33457356000370
62248437000104
50124937000309
62309254000143
62390618000162
62558581000139
62590376000150
62626436000148
32113121000721
63002378000144
63027746000109
63078143000136
14224864000363
63158955000191
63331124000170
63347307000183
63348646000184
63385625000139
63456879000109
63509029000113
63521171000186
63575574000108
59658771000202
63652979000100
63670742000144
63700730000115
63866485000110
63906228000165
64119412000128
64125681000105
64187355000114
10268780000451
64295266000191
64309676000144
08767786000421
64898334000107
64909909000140
65044777000101
18272616000691
65093382000190
55186013000270
65171165000171
65215027000147
65254031000114
65322127000172
02068375001000
27478045000203
65465193000100
65527225000146
65532463000140
65553090000193
65580692000130
65655382000137
65704387000102
65782279000158
65814268000102
40758730000251
66149057000165
66292388000150
66324844000104
66351217000154
66390645000196
66477098000180
66508910000198
66590475000193
65922077000164
66635929000103
66640102000180
04962301000157
04980282000191
03353759000146
05022522000108
05032608000111
05048347000128
03402386000156
03414064000127
03420835000199
03483340000109
05146498000119
05156268000130
01840812000108
94671849000130
03526537000188
05189839000133
03538688000156
01885484000166
05235633000100
03574839000121
00302464000152
05270796000116
96193636000176
05277259000106
05286960000183
05288017000100
01997754000120
05351445000130
03704024000110
05385600000139
02036316000169
05443348000177
03789541000139
02136420000125
05492372000104
07416887000142
00534095000123
07478198000162
03910613000154
05612966000101
02277138000168
03285836000259
03580709000282
04042418000112
02346952000197
00734581000195
04135775000125
02457523000197
00891001000173
05923871000109
05935018000107
05973199000158
07831652000117
04325831000194
06013729000189
04476079000182
06175447000188
73468449000152
06206888000108
56081482000106
07704475000108
04565607000170
01209413000143
01221692000160
46962122000321
06282046000127
06769773000113
06304120000169
01263206000177
06813883000135
55502454000233
06345634000162
02903687000109
04671883000112
02919668000162
59548214000492
38074050000196
38658399000175
02988857000197
06965359000180
58861204000105
40175705000164
40382970000113
40842791000111
03129105000133
03132196000166
03158798000192
07131437000103
07148866000193
07160866000109
60447323000150
07199135000177
07203018000130
03247414000108
07218262000176
01618621000104
42893040000150
03297502000114
61652624000188
07280674000136
07326583000194
25296849000185
07338771000132
62585294000118
81457434000117
07532674000186
08328684000167
63965966000183
64058100000151
64128853000196
65890170000134
28753762000188
66612656000173
86592987000104
66780420000146
12503678000176
02305681000121
68204312000150
31804909000126
92629658000347
14067722000178
32198434000134
90492927000189
72048499000118
04729995000268
07590576000103
01124520000179
06356085000121
07625186000113
07725723000105
07943708000125
07958996000191
05936949000111
05655769000161
05827947000194
06072940000172
02668300000179
06092959000180
03289644000130
08046370000171
06281452000175
06336236000180
03543875000128
00735260000105
02809310000187
04327323000145
65348682000173
08103493000105
04783069000190
01945638000168
05417863000182
04086606000142
02478250000167
02566625000140
06067073000187
73578981000122
01262456000192
06830363000130
04737413000104
58850728000192
07190688000169
23532401000198
82274465000103
28242238000142
28817500000130
86847910000120
30156186000133
67340125000131
33040635000171
34758599000149
04040450000169
05678767000198
06246178000101
07897781000108
01306465000138
04380711000190
00550447000134
01470743000198
03383476000147
01326495000106
07338040000197
00072811000106
02623366000142
04581288000196
04880181000149
07356800000199
96764550000156
90108283000182
07606575000100
80993751000195
07707978000137
25385493000156
04324939000162
07896800000181
00683826000100
07796331000129
06089071000199
45248895000116
52995842000124
40334484000120
15179732000168
07520066000151
01956144000189
05613884000173
06893845000130
03963819000142
82387226000151
07163121000101
02016542000188
04870900000140
03139242000159
07186831000149
32838716000159
08213041000178
08234423000188
08238866000147
08286953000170
08296762000199
21980801000130
08584348000185
08610127000134
08621999000106
08713053000161
08726881000134
08761647000148
08809965000131
08726716000182
08963216000164
08647266000132
09127775000105
09162682000103
08865466000161
20233640000159
09244811000102
09253695000198
54516661004948
09361285000160
09376051000197
09442300000103
10638214000141
09577330000119
09617790000123
09664679000198
09721729000121
10326524000120
10376194000188
11794158000440
61485900000756
10404976000183
10411870000107
10238563000176
10242049000104
10268780000109
10446530000111
10492279000121
10516707000109
10532482000184
10549291000125
10693768000141
10761932000100
10769989000156
02668300000330
10784720000149
10943270000190
10957568000159
10979028000176
10998608000100
11210149000111
11228534000196
01963220000264
11340324000195
11475401000114
11676016000135
11780793000125
11801656000120
11972173000198
12286230000148
12456120000187
12500762000136
12779340000141
12799491000161
12965693000136
08577112000200
13054536000131
13065774000142
13333951000124
13345635000172
07896800000343
13914146000194
14025104000165
12298140000177
14365009000100
14457787000120
08666846000177
14485675000182
14743572000175
60040599002081
14788803000167
14918348000177
15094106000179
15288497000162
09093404000141
09158222000101
09600109000134
10357509000140
10383777000136
10807944000129
10948986000180
12537308000150
12622081000140
12630233000157
13833641000179
15196356000110
15378143000109
10691222000232
00489050001407
13616029000225
15471982000177
15531575000108
16741406000165
10764144000178
16781409000122
05652247001005
17183233000170
17198380000113
17164113000125
17278910000133
17305961000107
17343481000130
17365046000107
17540884000170
17606947000143
17677322000172
17763550000165
12416810000102
17888437000106
17958615000128
18134631000169
18222826000160
13537114000117
16917181000155
10494583000299
18350792000190
18444999000123
18448784000180
71170344000278
18493506000145
18589029000116
18641593000130
13050278000115
15562934000194
18797079000199
09132714000128
18964366000146
10247803000280
10790876000213
19362629000100
19395843000162
19198078000190
15728761000131
19472613000150
19519940000110
19677789000148
10385486000187
19780668000127
19891304000114
20199879000150
20616830000155
20794226000119
20995679000103
21222602000163
21285266000106
31673254001095
21567511000160
21508681000173
21963787000167
21699583000160
22122630000171
20918002000171
22244173000198
22320182000110
15383818000299
22540365000141
22552427000135
22628503000149
21018735000112
17151435000300
23023686000131
23132312000154
23178900000129
23237889000120
23326462000107
23377341000186
23378496000137
23412160000143
23547382000173
23586767000140
23606382000105
23608420000150
11483511000209
23660419000175
05385600000210
23709669000152
23785191000140
85121986000372
24074910000187
24107733000198
24177877000110
24272812000154
24305482000156
20897886000125
24352771000106
24486486000188
24490081000113
21468182000108
24554033000141
20155342000198
20858411000200
16749080000112
08626377000243
17159127000150
21507897000114
06069729000281
19195917000117
24914380000138
21091353000114
11407854000103
15020334000102
20656202000101
16905824000140
08745092000140
19984198000113
15294794000110
10747420000190
08845041000190
10444624000151
15052199000179
10418741000140
13859375000153
17631154000184
17147310000136
20748107000120
13056315000100
19061289000187
25103310000162
25357049000127
10426846000141
15038394000144
21361485000119
09079298000141
18312747000140
21018237000170
14458116000183
24001986000182
11584324000130
13582615000115
13196462000178
08992424000191
14547617000136
19443457000107
25153414000181
17753841000172
24262939000192
24078146000118
12506008000103
22516109000119
22868627000100
14709214000146
13825000000172
17726983000140
19532253000134
22656010000112
15297283000152
23202131000157
12115576000183
63067904000235
23209756000140
09167921000118
15623678000106
15638389000172
14223056000110
23572198000183
23139891000167
18143674000100
11564551000102
29992682000490
22938449000138
23236444000126
19423212000100
17589132000101
14487679000108
11754622000121
14878232000151
13454874000160
14168996000153
19646838000185
23397337000180
24481773000103
11668411000257
10193608000303
26190705000102
16970346000233
26250298000181
26278137000104
26280806000174
26323425000125
26326200000122
26355824000178
26382505000151
26543386000171
26748035000105
26955662000109
27080739000107
27244233000196
27338852000140
27340584000109
27362340000119
27386484000105
27402744000199
27615369000165
27683909000148
27699380000150
27918251000106
27960187000121
28008018000159
28196834000133
28261462000181
26681270000280
13774687000245
28415690000169
28538906000183
28627375000103
28893456000147
02555905000234
29050746000191
29138466000130
29171546000197
29250813000111
29258721000188
29325600000101
29408627000168
29470621000110
29475673000180
29616558000188
29650004000105
26583983000120
28811371000172
28960006000120
29844083000187
29912285000119
29944070000180
10851899000290
30049016000150
30091542000188
30115113000101
05427006000325
30161448000158
09329259000236
30262993000130
30271701000126
30379344000114
30432356000165
15607494000306
73578981000203
30484231000189
29826093000190
28128234000138
30597921000144
30657806000118
30843305000126
30881804000108
10456298000283
29992682000571
31117814000134
31131161000148
31227328000179
31282018000157
31405415000179
31700660000109
31923850000195
32113121000136
31545010000136
07415627000403
32190515000198
32002102000213
22577162000200
32311440000156
32548113000112
32654902000138
32698049000156
32721560000121
12236355000244
33022418000159
33089949000169
33108872000127
11970849000538
33359009000142
29444380000135
33577878000143
33583026000169
32929819000477
33766611000102
33518624000154
34006793000178
34063334000126
34180445000112
34281088000189
34594057000188
34643362000112
32544880000153
34713359000128
34576368000203
34799745000184
28320906000374
33132951000173
34995970000196
34153711000118
35039796000170
10747105000243
35289161000121
07242736000387
35417173000194
35608656000176
35671855000129
35748784000115
33495823000194
05438137000308
36006586000149
36008077000155
36027538000137
36063465000139
26645979000220
36402646000142
36197886000586
36550062000114
27091513000101
36905788000122
37119089000110
37121913000176
00823255000316
01786547000550
37321192000148
37422091000163
37638420000108
28553215000159
37885137000180
37896671000192
37955443000146
22558173000243
37983062000170
38079213000123
38151647000197
38196862000104
38216783000118
38252493000120
38300421000100
38318766000191
31085156000146
38408899000159
38425512000172
38441423000110
33068320000132
31673254002300
39336683000198
39486087000194
33143253000173
39667264000139
39806866000120
39825529000180
39983732000184
23351545000490
40060286000115
40132071000162
09247597000733
39589736000182
34613749000126
34164144000103
40253377000177
40464071000160
40488341000172
40611796000133
38159600000170
40664074000147
06321563000249
40883995000109
40914793000179
13324282000396
37333393000165
41126635000117
41186972000108
41348827000178
39413775000124
41366294000157
40831394000144
41516065000171
37386123000201
41609309000160
05492372000368
39857216000103
37988643000103
45985371010928
41838175000150
33708342000110
34922825000185
29072942000167
36001955000100
39941668000179
28801626000116
40735064000155
31994446000102
42038502000151
29342431000207
42153873000184
30016004000129
42243342000182
38778691000121
42274557000160
42377611000101
38648742000109
42447591000190
38949469000144
42518527000152
42644124000150
59269654000834
42817280000175
42867138000132
39443398000257
37430252000160
42911782000160
28440217000131
33451630000131
43051607000103
39475700000178
31309000000100
43219256000105
43255556000131
00874929000573
26375459000163
43325103000134
41500407000165
43349515000104
43389227000183
43463126000105
43496995000136
09342946000534
43609697000105
43614413000179
43636727000172
43654429000105
43727399000110
30015649000147
34775311000144
36295728000135
34198619000174
34268749000136
41628315000165
36943578000129
35248336000152
29235527000187
37295252000103
33921755000188
36367739000183
43751565000113
40797492000102
29986011000174
42934563000105
41881701000164
41422455000182
40851102000135
02988857000278
34994684000106
41464907000199
40758730000170
33231957000106
29112611000103
38227264000155
34761779000180
41288830000143
32422207000140
27754432000144
32831770000172
41953763000134
29169796000192
40349779000170
31027624000126
38471430000164
27253000000311
40544816000109
42692296000107
43487676000164
41089984000106
30460093000106
26956985000117
29352369000145
26082637000168
34429396000109
37847788000186
43887641000112
43974636000147
44198888000194
44206083000145
07292903000302
09140325000306
02993016000330
44833008000104
45106744000123
45138497000147
45152364000125
45356867000112
45429906000164
45809791000133
45819822000137
45846191000145
45976134000180
33962636000254
46079523000176
46082837000128
46252589000116
46279635000170
46020577000247
46430345000186
46440540000197
46589715000122
46624521000110
47027711000113
47114043000161
47150844000182
47152315000118
47240139000176
44127150000136
47427701000175
47468569000140
07260050000580
47656937000183
47701291000109
47756053000109
47797461000109
47856197000129
47866974000116
47262087000139
47934227000178
47962528000105
47970136000198
47995347000185
48026171000116
48045725000122
29112611000294
48118466000112
48129013000191
48159632000129
48241133000186
48248723000130
48372348000136
48422255000179
61485900001051
48493494000110
04252742000327
45130741000125
48554920000188
48582742000107
48622250000190
48639535000133
48705450000106
48724308000106
48742960000153
16503299000803
48935813000108
48996299000102
06143957000335
29615161000333
49649287000174
49683629000172
49715641000111
49750113000101
49771527000109
49981284000133
49994067000188
50096977000122
50110466000118
50159608000131
50218409000157
50219673000105
48146804000200
50356192000141
50380668000180
50396495000198
49867126000157
50465691000177
50599956000120
50686133000131
50781330000130
50198207000190
50930878000102
50939641000184
50982753000118
51119586000149
51162536000144
51190230000100
51218743000173
51271829000160
51283823000102
51291972000113
51537672000171
07731299000284
51633963000163
51639686000104
35524129000264
51670158000100
51731117000186
51740758000105
51742142000165
51797671000166
51882958000194
51911633000192
50370168000167
51999820000170
50979927000274
41306823000208
52082742000107
47329730000102
35741003000241
26051266000319
05438137000731
26315031000206
48879687000103
52426593000156
52486269000123
52132037000177
52733639000180
52848856000115
48806641000164
53013096000199
53019664000169
53033869000107
53064156000100
53144004000100
53195022000110
09032626000588
31402587000270
53356302000163
53411651000130
23809021000409
55163042000216
53498467000170
53552142000128
53568001000101
53590874000102
07021336000503
53772470000130
54004693000110
54120325000137
54278738000144
48806065000155
54486198000194
54688852000142
54765145000102
54792656000113
54857331000171
54875367000188
55025229000172
55072522000190
55173415000159
55218544000116
55223185000195
42387893000209
55307339000127
55309208000189
55498874000102
55582112000190
00562583000306
55946914000131
55962627000115
55969169000146
55991221000160
56048496000128
56066880000153
11970849000961
56201790000128
56340616000166
56377480000169
56777694000122
00512932000709
56925988000154
56951252000150
54341435000129
57147318000117
57150785000104
57250801000122
57361363000170
57378264000109
57412087000121
08300775000437
92629658000770
51448374000105
49248147000194
57592540000129
05216859000660
57683516000103
57745454000109
57784086000108
57809066000144
57820081000193
57821353000170
57888019000133
18988625000411
56338807000193
57937718000126
57962089000194
58062113000100
58091502000155
28251789000253
58213698000103
58056457000106
58288968000145
58330646000117
58534158000121
57627504000234
07519095000950
58666514000160
58715230000117
18163098000244
58902403000106
58952389000155
59130300000138
59186263000180
54160860000111
59227234000119
59248315000103
59494362000129
59542912000138
91668137000255
59649858000124
59685146000160
53317162000114
59752534000117
59563762000149
14536755000462
60289737000106
60330984000109
20001049000257
60478130000166
60531942000128
60543289000117
60707582000172
17881461000202
60808143000156
60859658000185
57934514000212
60724809000198
09041742000300
61277285000105
51339854000138
52069766000126
61319682000194
61527022000107
61591080000191
61682943000136
61758103000100
61888891000159
54811681000105
60846996000182
46924137000133
53525625000133
54694355000157
56182882000108
50097867000185
59884227000190
60595275000147
60920509000184
54615757000119
45055309000117
52859153000192
61960024000187
61981367000128
58193483000259
28195052000503
57971951000206
62297469000191
62322442000101
05731550000609
53986675000541
62517004000107
62585409000174
10515726000200
62651482000105
62651528000188
62871842000176
62894384000190
62935956000132
62943928000167
62946415000100
02555905000587
00637825000383
63134752000165
63204415000105
63207373000158
32668107000360
63297025000119
63445334000199
63461566000130
63572956000188
63674216000152
61418042000565
63777065000168
63789577000144
61418042000484
63964742000157
64072179000175
64075523000180
64102688000101
64119023000100
23864079000285
02005077000260
64184592000121
64188921000102
64279154000147
64447863000194
64585411000179
64618006000100
60926064000220
64073222000117
64952742000108
65021755000118
65191494000184
65337915000132
65350797000100
65590304000100
65612774000119
65620956000131
65712463000121
01260848000201
62181810000149
65862307000147
65998341000143
66243904000156
66272799000183
66414785000157
66608056000131
66622567000108
66665808000104
65173257000190
86797230000149
03321370000119
04978892000150
03338950000119
05028965000106
00118694000166
05060242000194
00203409000105
05163640000136
01875279000110
03557408000157
95393278000182
96182837000178
96228671000183
03638381000127
05332808000190
05375885000127
05389365000173
00426264000101
00437788000106
03762133000193
00468680000172
03786074000193
00505976000116
03830146000152
03943181000188
05608924000199
05615020000190
02259440000193
04084579000250
02272791000134
03980892000122
02282433000102
05656712000187
02350719000188
04089356000102
04090078000103
05742378000184
05744240000114
00795813000115
24436602000588
08057285000109
00844672000183
05859032000160
04220505000112
00888329000130
00938703000165
04293164000105
05964709000120
04342501000107
04344630000134
00997014000121
04361467000118
02662841000190
01056338000128
02701627000103
02726914000160
35247022000135
35334424000258
06163806000187
04501499000171
01154761000160
06211522000119
04554753000108
06249179000100
01206693000136
01213619000147
36780922000106
04619893000109
06335227000174
06350785000109
04666424000140
04667793000158
04679119000193
02961992000149
01358715000183
04762934000111
06987635000100
06988101000107
04821353000103
73857393000632
07024584000184
03079668000164
59193805000141
04883999000115
04895143000160
04907399000140
82296062000319
78451614000187
04937243000101
07147081000104
61328738000177
24338436000153
07256500000138
61519955000144
07307577000190
64094154000172
47869078000100
84036268000173
65468076000191
28990075000186
86566783000190
66911355000140
51908101000104
67440859000192
67577692000106
87651345000193
32280604000125
52730850000149
69385680000105
53519021000184
71785687000166
54361381000163
72190333000131
72568587000140
72791445000148
73008682000152
07424092000186
07534785000121
07549573000118
07569029000138
07619041000100
07709655000182
02996143000120
07758988000100
05044056000161
07776689000190
07894229000166
07936090000176
07201743000179
07959462000180
07983601000100
08043731000126
08046317000170
04361086000139
02493897000168
04770743000100
05116911000100
05407852000111
04181869000130
03122748000155
08059007000190
02841984000169
07774682000139
24041071000109
86884020000198
02873047000195
07398616000101
92666817000111
04979885000173
07403123000112
05130511000141
05234009000180
02060476000143
05588273000112
03951140000133
06052032000117
02736951000159
06696246000126
74013095000114
06314345000104
07090403000118
42828905000102
68347301000120
69069904000170
90241357000154
53477170000128
07718266000113
00489050000850
09005588000140
02800411000197
05024883000193
02922077000144
07094705000164
07133384000160
07279740000158
07712155000108
36280113000135
17403114000185
07358914000178
61177861000134
07242736000115
00351210000124
00005674000189
05481204000105
04625702000111
48740849000128
07796483000121
08046303000157
05343029000190
72075757000155
04880303000105
13718051000103
04052113000191
26946475000169
00905614000112
07772567000125
97503254000164
08002459000136
06256941000177
06187167000190
96338397000103
03082036000150
01449930000190
03789498000101
02853180000180
02474820000140
01686305000161
05222209000113
07609356000176
02163305000140
00165457000156
06219757000157
68532076000100
05783807000161
24427791000107
08177629000113
08272944000120
08278888000130
08457211000160
08509216000199
08145250000121
08380296000125
08641117000166
09007792000109
09074443000100
09074696000175
09104009000117
09199889000152
09264754000123
09279816000170
09335182000126
09336705000159
09435344000106
09353751000166
10309405000160
10310873000154
80796360000423
20256017000111
20259895000190
10171385000103
10430441000187
10458911000110
10494583000108
10494677000187
10526934000115
10573153000181
08467726000221
10607423000128
10629173000127
10633290000164
10686648000117
05438137000227
10708528000173
10849725000102
10935655000105
10985691000183
11006037000143
11085642000157
03414064000208
11413696000102
11487367000106
11516136000175
11807539000173
11814177000148
40819062000306
11888892000125
72158165000792
11968753000101
12021151000105
12065351000160
12600168000117
05472000000299
12644937000189
12782768000143
13107128000109
10795977000368
13349408000115
13369074000141
13370867000180
13405776000133
13445394000133
13677804000171
13724402000180
14021899000133
14033570000192
12769449000106
14088102000115
08978089000177
11411491000180
14369796000169
14416240000186
20413359000106
14680621000178
14762663000158
14792277000109
14994088000119
15347273000184
15380373000102
15398703000197
08405794000185
09058456000187
10926878000106
10943564000111
11097356000101
11220877000104
11400944000172
12918613000191
14045398000197
14566826000127
14832896000180
07389284000441
10526934000204
15576157000137
15652029000125
15687982000109
02668300000500
00970175000393
15822337000151
16105667000199
16490371000139
16541960000107
15303384000199
10247095000104
11232839000171
08232826000198
08486096000151
08510528000112
16901982000122
16927835000121
07866991000210
16993967000151
10818693000269
17134242000170
17035479000102
17208039000100
17213089000177
17302417000101
00331788006826
17575550000131
17428815000179
17762203000118
17930894000111
18073113000182
12420164000408
09586279000373
10432388000153
11157931000114
11278315000111
16434877000120
05652247001340
14661051000179
17992346000116
14310172000257
18352439000149
18562592000109
18564495000147
18588224000121
18702815000188
13036206000113
18755438000145
07514758000278
15628238000133
19142596000192
19192691000109
19349607000100
19362945000181
18628083000204
19654907000100
19685685000185
19740435000109
19814829000156
19871422000160
19933651000162
19950434000180
20037992000139
16671467000101
20593924000156
20783828000170
20918895000155
20921450000124
21021842000108
21187655000190
21216876000140
21262617000155
10537427000268
37109097000428
21330504000140
21498124000208
21772748000182
21781732000136
15251322000261
21820133000184
22016640000122
10829779000297
22052653000157
22365426000181
22394260000121
18200674000286
19993061000125
22557349000161
22806124000100
22883309000100
23039218000155
21417440000119
23209115000196
23297441000100
23411445000160
23466209000140
23550555000102
23614816000100
23629416000179
23648203000194
23651234000102
23943395000161
12587790000132
46962122000755
24208917000144
17771867000143
24371769000184
24458285000177
24542754000131
11713048000163
09032626000154
10944275000218
24757096000103
24894171000170
24912303000149
24962752000100
25012888000103
25210848000176
25266528000138
25422607000190
23521093000103
22940487000125
13598814000111
12980339000180
12576109000150
05267928000908
29992682000229
17211630000108
23027602000138
11093214000176
21036417000184
24565039000114
23482171000108
12655453000135
22536790000167
17067491000190
23600897000190
21592515000106
21575301000113
14405887000102
09572977000158
23774518000188
09008197000180
11215547000120
05256681000258
17349126000179
12381447000137
17050687000172
40175705000326
13923576000172
15631700000151
09195007000180
21658700000148
18288156000185
12841184000100
21524456000120
10661826000155
18679814000160
23714761000100
14900084000124
23553317000150
20379827000165
24183437000176
17927869000189
12936659000133
10556026000174
97549845000172
14991998000148
20747148000100
15336405000172
10630049000181
20404214000130
26332803000137
15314407000241
26390216000102
26675241000124
26687752000166
26780248000106
26451622000120
26830958000101
26833867000111
26910316000104
26649843000107
27331221000107
27438146000170
01005728000926
27554040000131
17715435000204
26143844000185
28109021000169
28145278000176
28170483000191
28227946000104
28249728000170
28368530000106
28453754000116
28463504000167
28533531000169
28550919000178
28599393000110
28641966000127
28642549000107
09058456000420
28790652000196
27664639000128
28895025000110
29049183000111
29101445000140
29159716000118
29161529000179
28741962000110
28697047000175
11157931000203
03943181000340
29480272000118
29617146000162
29650220000142
26087761000116
29982719000157
30072695000188
30207698000181
30369650000170
30462836000179
13532259000206
30548005000114
30487178000170
07398616000292
30609117000138
30797525000160
30880958000185
30949535000174
31010395000137
31054962000157
31360203000112
31402587000199
31511889000103
31746576000126
31913075000197
31933834000183
31943860000192
30373045000172
30098129000226
32146865000157
32161577000171
27103792000186
32367819000188
05492372000287
32918239000131
32955567000108
29348970000164
33038158000100
33111482000106
30465725000205
33379743000173
33417760000158
30551090000170
33586304000131
33746675000133
08290164000374
34229733000114
34265189000166
34321074000141
34354953000170
34382180000135
34540842000158
34616019000189
30820069000203
34680899000152
13333090000931
33412395000199
35100944000115
35147358000126
26641243000100
34720244000160
35728342000107
35800307000151
29268037000187
15383818000370
35818356000111
28008018000230
36152826000113
36367031000122
35215549000188
36543134000104
36844271000170
36931328000179
36995683000101
37014740000197
37023625000189
37040737000148
37041236000186
37067319000144
37069712000177
37153466000137
37181566000177
37229355000167
45489614000206
37266884000130
22480963000253
37456280000157
37486437000197
37595589000128
33735949000270
37672907000107
01997754000201
37802366000194
37916383000152
37952101000172
38031610000125
36954143000180
30911292000185
38080466000117
38120208000117
36321997000129
29994372000243
38198300000108
38266787000100
38357682000167
38447183000160
38686551000123
39147706000116
24660161000331
39255766000152
39500546000147
39619930000163
39685579000109
40014621000149
40016257000156
40051687000109
40159168000169
08002459000560
40185298000176
40192884000148
40276235000125
50248780001303
29802810000143
37269680000153
17879231000209
40440977000144
40545241000130
40675444000141
40816078000101
40869741000128
40904780000119
40933380000131
40973148000127
21873761000209
41048532000186
41049659000110
41085604000165
41163336000152
33214724000197
41194659000103
41488836000164
41549006000108
41553810000152
41601210000112
41652205000139
34177622000101
41672476000156
41702247000137
41742060000167
29752572000109
41796436000116
41811646000136
28581851000194
29065807000194
29696779000103
40455623000173
41144088000100
32251322000108
42008034000172
16671467000284
42092956000100
06949902000236
30944450000101
38493455000169
09041742000210
42232347000100
42237710000180
34955034000151
58619131001022
36176787000275
32473099000135
42444884000113
42448284000123
42026307000101
42581113000178
37257964000120
42763572000172
15707603000286
42861881000185
42884846000181
42890879000134
42892396000179
42965885000103
42990516000170
43010240000180
35679451000262
40000268000148
43158055000137
33127318000197
43251716000174
43258551000162
43272807000196
43364326000100
66877184000342
43553637000118
43615156000190
43690612000166
43736949000167
40057037000170
36376649000159
34038376000107
34891172000114
34325023000198
30441790000101
37914784000173
40021346000190
28310220000211
40820447000121
42410276000198
39774804000183
40488248000168
33534917000125
34863235000129
37826147000145
31444908000118
41276362000197
43207321000174
41282200000161
38063063000160
29805596000189
28855805000136
29240713000104
04937243000888
34374642000172
37519601000115
33865421000134
41062401000153
27545324000161
32671963000103
41467750000155
34613930000132
41164679000131
35199153000194
36562546000183
41557131000151
27375983000105
33486199000169
31552075000109
35445277000102
31247606000150
32505553000192
42977373000167
34140388000148
41227007000128
34941059000104
40338041000107
39556276000196
43854290000143
11516136000256
43945242000160
43977978000110
43981156000103
37817604000216
44035468000197
44342894000173
44462229000113
44465192000187
44512040000198
33921374000280
44611419000155
44614116000196
44639788000156
44655677000133
44723048000101
45015817000171
25031668000208
45208502000140
45253821000178
45362528000149
45420167000140
45454327000171
45569269000121
45595462000137
45704741000191
45707917000169
45772107000196
45935158000191
45980691000175
46088451000123
46201720000116
46207461000130
46442783000164
46573587000129
46730936000179
46745205000105
46915990000199
06105362000557
47006217000172
45484234000190
44393016000187
47152530000119
47276326000100
47285228000139
02988857000359
47398392000152
47567544000101
47605382000140
01005728001221
47668110000190
47679252000152
47969971000108
48042490000115
48093771000105
48190394000114
48246159000117
48467467000172
48497848000102
48537730000152
33766611000285
48787274000107
48807379000172
48814607000131
32113121000489
48869087000164
48992916000100
48995181000160
49126635000129
49200166000140
44737358000258
49259022000160
49453250000176
49457797000140
46174633000117
49477513000187
20782880000293
49619385000169
23719874000360
29329985000851
49841063000160
49857609000170
49877680000115
50111521000194
00351210000639
50260839000137
50265969000162
50301004000188
44737358000339
52828936000702
50424661000112
50443162000172
50466456000110
23777296000238
50651077000108
09034672000354
50784763000149
50824469000113
46263930000210
50873510000141
50874828000147
50901338000192
04562591000494
50981839000126
51042233000198
51045579000140
51185581000114
51202284000130
51240420000186
51268967000190
23583042000289
51286688000159
51338026000185
51338318000118
40814479000203
51409718000177
41369724000356
51457783000178
51470620000125
51489902000174
51533673000148
51553594000107
51575127000170
46702442000180
51737686000139
51742702000181
51807166000155
51863277000189
36435091000216
51950684000123
52040307000110
50475290000106
52124206000127
52169667000116
52187959000181
52243163000107
52321003000120
52356550000141
52365611000137
52490512000187
52505145000148
26083740000394
52628513000145
04298106003351
52750506000111
52779910000118
52781530000118
52814850000127
52827471000171
14875460000410
52831407000164
53157310000180
53166382000194
53183218000195
11807539000335
53246704000105
53288580000120
50035462000899
53410435000170
53703504000134
53715885000171
53718142000155
53842042000136
53855287000106
53965452000174
54127748000189
12136582000206
54300192000180
17771867000305
54416180000116
30337889000249
54641459000101
54765439000134
11155316000330
39303048000295
55420108000125
55454613000190
03541994000494
55480556000114
22773307000320
22142815000229
55665564000135
55681840000159
55748932000109
55769894000170
55778001000153
55786435000103
55791328000165
55930807000115
55948924000106
35473398000249
56092352000179
56145443000125
56172667000126
11970849001003
53798699000143
56339052000141
56366609000133
56383936000101
55010244000147
56869914000148
35384169000258
56891391000136
56935482000126
56966843000100
07610601000246
57126158000120
55029933000101
05267928001475
51142284000191
57279662000160
57448440000123
35519909000992
57581922000157
08584348000266
57333235000112
57753987000132
57773253000115
57933306000118
03188198000681
05577401000556
58017722000139
58068034000106
58069967000100
58089144000146
18588224000474
50298193000187
58349849000155
58433956000167
58481232000199
45412126000101
11162493000263
58778922000104
58802056000140
58809602000174
58896930000155
58935116000100
11407854000375
59215641000106
59216702000150
59464655000163
59470780000186
59499315000178
59566451000133
59603716000126
59621418000169
59627704000131
59757386000123
59778478000190
59818192000190
53833418000146
59419445000153
59941499000184
59975085000176
60098884000190
60102441000126
60106425000101
60352633000190
60414507000113
60486298000113
60497472000123
01004619000218
51008180000199
60691337000114
53305832000263
60747402000186
60695786000130
60927278000130
60995779000154
61008477000108
61076331000108
61117020000131
61190425000103
61260286000139
61348193000160
61413135000173
61426007000164
61520877000106
36257530000400
61592098000108
61594779000105
61650160000170
61655814000159
61801653000164
61807773000179
61895208000100
61905884000118
07131437000375
48849493000165
53091384000161
49187871000155
55993491000100
57591998000163
45514418000155
60913087000110
52195790000101
44098643000195
56284776000135
50568226000161
02417547000201
50535712000183
61967032000155
62207872000182
62218520000122
62225063000101
62549096000107
62613410000165
62745317000104
22938449000219
62893840000188
43578074000201
63350630000106
63422718000196
63441700000131
63495053000140
63511736000144
63543416000176
63760638000140
63800664000155
63804528000133
63833336000155
63847935000128
63882845000178
63987716000144
63991296000170
63556868000192
64318176000179
64575383000109
64576403000166
64627777000163
64786883000190
64844366000120
65109911000105
65221793000114
55847801000260
21907626000237
65478610000140
65565104000199
07519095001256
65727330000129
65792437000150
65807827000157
65869870000147
66034081000159
66061408000181
07788510000548
62547075000144
66249073000120
66311870000190
66433438000171
07133384000321
66521851000198
66538459000151
66597076000154
66601094000162
26889274000410
05864669000145
03322812000141
03323841000128
01695180000136
00080120000146
03388185000141
03400037000103
03479428000157
01828775000112
05150970000197
05160493000140
03507710000109
01922736000180
03595984000199
05287113000133
96382429000160
05342550000102
05370450000190
05506634000134
03850313000127
03864631000147
02323120000236
02248312000144
05678734000148
00759229000104
00764257000110
00802002000102
05818899000178
04184159000164
04192876000138
04196613000105
04204957000100
02494715000173
05878106000106
04225628000146
05915452000117
05922826000121
05960437000190
04309723000128
05980425000128
02614712000126
04352265000100
01043714000140
04408009000197
02684571000118
33100082000367
06105362000123
06111581000115
02728802000148
35334424000177
02739188000110
06159154000107
01125413000165
02759648000171
06186617000120
18212977000138
04517628000110
04562591000141
06242388000113
46849303000265
36396059000198
02835723000136
74289828000148
06275448000102
06294126000100
06301330000101
01264208000180
57146607000100
02915025000140
06375777000117
02937303000160
38060950000184
06867357000158
04713666000148
06879813000180
38530929000103
60883741000602
76345370000122
02979528000180
58113754000138
06948769000112
04787986000142
01399246000140
21477534000183
04819505000133
58757055000120
03048297000153
07013704000148
03118693000100
01505499000151
41102195000168
04925446000188
78515210000100
41420316000110
60159142000128
42803452000151
01631088000102
07260050000157
07282504000190
62060678000117
07366605000140
07374628000104
07389284000107
25932088000100
63366041000116
26158816000131
63607790000198
63699656000164
08401564000148
46844288000181
64664758000107
83316729000107
48767628000143
50248780000161
12734018000104
68223452000176
31429350000100
31569296000190
68480904000103
53265518000113
33175084000153
33271149000164
54761267000120
07409357000177
50276260000162
07448150000101
07529700000117
07547205000130
07559898000181
00489050000770
07797579000104
07938147000176
07962116000150
08030601000159
08097033000103
58750894000117
01513946000114
07724523000120
04645760000107
03207567000121
06100899000109
00908620000123
04120282000111
04534176000184
07760047000100
07946534000154
05566534000101
04234179000100
05156131000186
02024577000169
03955303000156
05645363000106
05745082000117
04249446000105
02605669000132
06047204000164
02792200000150
04601181000162
02917280000122
07223736000178
07390464000109
84972926000139
85032019000172
52541273000147
03285836000330
04250837000140
50595271000458
58752130000160
41934829000149
42393892000188
05863193000128
05681102000133
06997366000163
03985711000150
03319496000159
02111299000187
23345317000165
02259625000106
04014802000101
05742832000105
24436602000235
01122234000174
04503961000170
01231444000109
04724729000161
57994154000163
04930429000139
03179994000143
07185113000158
61418042000131
72451594000168
72905839000180
07904585000113
59269654000168
07746903000165
04383642000178
12116034000125
07118503000105
07230488000192
05955005000191
07928753000100
83335448000193
07052363000110
05923930000130
08053775000137
01002292000164
05804681000164
72527609000124
07334239000147
07424374000183
06240880000150
06965077000182
01609555000106
05364767000113
67094649000190
00279767000100
04949905000163
73185514000132
04054617000140
00740696000192
67340125000212
91207654000146
08176618000119
08288628000146
08299064000147
08334592000190
08336009000180
01449930000270
08358578000126
08412584000114
08485283000110
08563493000180
08646244000158
08683126000110
08769027000155
08897325000120
08992509000170
09039151000128
09152658000193
09178691000192
09244911000139
09306624000106
09436986000111
09452421000128
09456927000105
09462272000188
09468411000180
08651657000120
09548387000190
09597896000102
09617159000124
09622290000180
09632818000100
09007480000197
06893534000251
10319612000103
10369301000140
10193608000133
10541750000124
10552138000157
10630227000174
10692852000140
10721848000163
10742411000106
10757784000150
10765889000151
02923139000302
10796745000162
01334250000392
10858898000197
10954318000165
10199174000189
10938962000140
11178615000129
11466952000111
11571451000103
11592537000104
11601913000180
11609473000107
11692668000163
72158165000873
11470375000212
12240087000153
12299049000176
12309236000193
08857091000279
12576343000188
01530501000223
12793301000107
12812123000106
68532076000282
05638301000401
13039382000109
13048292000184
13053838000195
10813451000100
13057239000140
74215013000386
13175742000108
09593438000103
13814382000139
13837294000152
13915391000116
10734999000156
13977106000191
13238109000103
14327418000112
14461796000194
14495607000102
14703910000145
14792179000171
14875460000178
14890803000173
20421441000174
14929894000103
25456112000263
15025636000165
15230581000125
15314665000147
15399487000102
09395157000138
09398270000177
10291271000105
10955427000105
11794588000119
11961818000197
12482070000102
13468187000102
06344785000287
15483933000154
14202920000105
10504370000110
16100289000150
16577164000116
16721158000190
15489397000102
14443546000121
12353334000128
11227424000100
09009056000181
09042828000187
16826043000160
16826305000197
16416361000153
16966153000128
17195063000143
17213439000103
17259267000109
17339055000123
17352753000169
10763524000198
17616318000102
17715435000115
17769133000120
17958336000164
17732182000198
18061349000107
18137348000190
20476264000123
11735657000113
12184559000106
15021981000120
16454483000134
16685538000117
17620207000161
18304826000100
18529043000124
18642340000181
04078043000302
18700813000150
01452056000654
18849143000138
15188525000170
18976715000140
19022695000130
19039290000105
64132434000551
19136788000196
19178972000107
18485226000195
19215551000109
19242309000116
19416332000180
19443989000136
19450138000110
19475570000166
19554904000197
19580071000139
05922826000393
17763775000111
20010969000150
20035120000131
20734769000140
09347966000255
21116490000166
21201075000100
21428329000128
21444064000151
21726285000112
21873771000163
22094397000160
22130695000169
22175279000187
22244722000124
22525517000137
22593844000126
22625436000109
22771987000180
22807889000156
22843109000123
22898875000195
22958146000187
22426684000120
23349869000141
23411706000141
23615806000190
23639642000130
23719874000107
23726009000180
23778799000147
23792480000176
21033671000129
23902152000185
22480778000188
24030552000100
24034034000165
17057192000175
24215861000155
24240148000161
24275045000137
24636794000142
24683171000120
16628217000180
24997187000108
09074443000282
25070026000137
25275515000125
08412584000203
09502960000124
22989741000180
17029090000146
10482553000181
24195506000161
17172874000129
01513946000203
22713201000179
25161681000109
11409175000173
23384216000101
10792345000189
08281710000149
16785102000108
12984794000154
22665044000173
23957055000190
17122034000151
25178555000159
13307125000100
11156667000102
17731792000177
13123772000162
24980454000134
18255796000199
09140325000144
16403840000135
21443906000150
10531252000109
24403604000147
10896094000182
13617981000162
20420882000151
15201636000179
19674788000140
17886321000138
21134953000112
20132409000179
11511115000167
18375678000114
18241874000104
25245772000114
20344116000155
15778233000197
10795977000287
12374842000192
10946634000195
12403227000167
08892066000145
22658724000160
21035742000122
07389284000280
24567733000170
13212979000103
22173651000116
12562512000120
23767703000145
14472183000152
23235128000130
10578741000108
09377855000100
13975316000140
21689389000102
24677969000160
23006690000191
25252533000191
23752002000132
22800010000144
12634332000107
12891794000100
10842393000134
18583888000106
18022508000156
23485474000176
00489050002470
09075135000190
13709420000193
16964755000146
08913471000100
11662668000110
13445498000148
22044452000108
13818237000126
18129564000194
15097557000160
10171282000143
25534144000159
10394359000144
10947129000246
26296089000179
26410171000182
26446086000174
26528932000103
26649886000192
26821143000158
26970526000198
27004940000105
27006468000140
00489050002985
27134582000155
27179467000105
26397484000148
27266807000127
27355529000184
27377533000143
27411376000145
27631296000103
27718125000108
27734897000133
27759162000164
09493758000264
27839089000130
26195317000114
27939884000109
28091951000132
28104633000169
28237189000150
28450020000183
15188525000250
10761932000291
28502838000100
10842393000215
28659444000152
28662822000157
28693036000117
18612794000290
28835690000118
28949934000193
28950893000155
29220512000145
29230662000130
29269584000187
29473902000127
29712102000111
29814073000107
29997007000101
30066353000155
30109325000178
30131571000126
30160323000103
28378114000199
30378161000184
30484524000166
30579591000164
06235017000295
30593777000178
30607541000143
14361780000290
30657131000107
30710191000146
30774819000177
30815533000192
31069035000100
31283874000127
31430420000131
43365816000555
31484551000100
31580603000133
31634008000133
31907689000166
31908465000179
32014047000109
32087305000179
32181809000153
32373503000107
27840525000191
32477460000100
32835412000138
27432030000123
32991948000142
33077831000110
33189907000108
33280536000167
01437707000475
33344678000140
33375921000198
28095410000182
26681270000360
33485760000195
09238340000472
33524078000164
88484969000398
33786923000170
33788537000117
33880765000112
02923414000460
34064557000108
22536130000267
34255136000164
23139891000248
34413255000106
08562196000381
21173848000273
27980917000156
34849633000190
27303008000183
26426625000103
07414051000290
35108850000192
33515812000129
35189740000100
29290243000193
28075490000104
26660561000100
25019831000217
35602928000120
34660594000189
35692584000198
06207185000277
35714560000192
35819450000195
32906861000120
27462636000101
36313277000111
36421079000171
36624738000177
32929819000205
36818576000108
36906383000109
36945737000124
37032115000178
26171881000105
37068191000133
37070092000196
37096592000105
26169388000142
37154876000100
28933847000148
30788589000103
37338619000110
37386123000112
37509082000104
37668653000153
37715852000175
33736549000106
37802801000180
37887942000143
37949168000158
37996275000137
38043119000114
38043609000110
32769642000146
38049719000190
38068188000182
38159074000148
38331011000127
38354789000151
38405762000140
13640272000289
38598935000194
38711488000138
38714433000181
37934705000196
39367744000184
26475439000164
09626655000578
39747262000150
39779268000109
19450138000382
39800235000101
10193608000486
40061047000180
40084560000196
40152684000161
40215862000156
40348169000151
40397845000187
40434205000108
40633215000164
07002721000341
40732635000106
58619131000808
07326871000300
40990262000165
09006864000276
41454359000116
41500131000115
41795851000155
58619131000999
41836567000180
41840668000124
41858169000164
33413786000128
36442253000162
34017809000148
30247843000158
41106471000166
30820069000122
41923372000177
32784780000102
32902830000109
41968069000190
41981219000104
42044824000103
34242742000145
41867184000179
41889336000134
42227945000190
42253064000144
42255610000186
42478876000198
42612258000199
42689934000122
37960400000159
23466209000221
38541446000104
42771321000130
42785686000113
42795205000150
01191654001931
42858386000117
42880166000190
42904032000161
43096058000193
43169007000144
43203907000160
35561746000159
43396271000110
43397153000127
43457342000148
39773895000132
43677738000109
29219066000159
43714513000177
41801570000168
43816084000149
43823535000175
42067051000180
30253380000137
34701270000141
37833090000101
30888187000172
26170042000164
37118142000168
39925328000154
38545032000145
40184510000180
43816652000101
32534670000184
29189424000128
40017617000134
31610976000100
29309088000290
38420724000167
36169491000146
37113938000128
41952676000162
43346214000127
29183786000101
40133906000107
41009714000148
30890493000143
27055067000180
40068989000190
34568767000133
28199997000170
38098340000170
42291390000146
31407187000176
36197886000152
32589856000130
36152821000190
29299388000155
40950168000182
39260073000158
40892801000123
43916425000158
43943206000168
43976952000158
44066679000197
44087934000188
44183400000155
44229499000189
44371783000195
40813690000201
44479394000188
44495660000166
22487757000275
44598531000101
44612415000191
44821612000110
44982273000154
45335784000147
45034137000103
45864630000142
45916697000183
45942197000116
45983671000158
41716353000250
46054073000167
46126674000138
46130729000183
46283983000111
46325376000177
46328269000100
46410237000141
46476533000145
46504762000126
46575504000130
46741964000191
46792950000105
46839204000111
46855280000110
46888543000198
46947587000141
46955292000117
46981311000180
47080630000187
47117857000150
47241261000167
47256044000140
47271491000179
47287002000177
47363322000169
47396413000109
47481622000142
47632578000124
07046809000284
47840551000127
47840859000172
47884086000126
47908632000111
34999637000236
48214680000172
48240036000179
46557555000130
48257132000120
48257222000110
33264154000220
09182725000201
48349011000108
30981531000416
48226110000100
46338693000128
48607515000180
48622720000115
48671488000105
48674128000167
48751422000125
48870157000102
48872800000129
48952479000192
12420164001714
49289228000132
49290279000184
49343279000103
49352416000168
49433572000153
49518878000102
49790055000131
49878249000193
49949158000100
50052423000123
50068821000138
50122585000190
50183262000107
50252333000186
00489050003442
50375151000100
50489511000197
47114043000242
50560584000128
50655293000113
50715512000102
50842622000135
50926201000192
19785718000240
51115941000101
51147768000123
47339495000141
48412660000106
51202327000187
51204144000109
51206469000112
51207453000124
29615962000480
51235640000111
51311403000192
51327239000101
51329312000184
12032977000331
48219859000112
51471659000167
51639559000105
51658070000172
35519909000640
51793632000190
51801119000102
51811422000188
51814878000100
51851201000133
51861887000143
01334250000473
51869446000198
51881664000148
51927017000120
52002660000105
52012969000186
00437788000289
52129923000141
52302976000112
34771518000302
34771518000493
51427701000142
52488349000118
52500988000151
52529171000106
47146489000178
58619131002185
07326871000491
52040307000209
52690348000151
52690694000130
52731350000121
52780557000196
52815695000163
52824013000189
52839240000188
52858077000109
23442519000206
52995535000143
53008103000164
53035376000106
53081547000125
53271087000106
53385641000178
53425241000149
34639837000288
53623243000142
53643339000172
53707814000127
53752915000110
53771387000146
53807831000136
53858043000179
30820069000556
53904946000149
53960476000130
38658399000680
54017161000117
54038357000198
54075720000145
54466325000193
54486117000156
54509603000142
44998126000253
54617660000145
53996511000171
54651442000127
45241904000147
54827244000171
53694879000185
54992280000190
45859642000421
24166147000203
55096841000136
55097047000107
55289691000187
55315970000178
55380305000168
55507301000106
41422455000263
55595756000112
55728118000122
55817185000113
19993061000206
55889110000148
55892712000154
55895629000139
53685399000158
56083723000156
56106109000162
56183935000105
56320731000179
56428470000105
57079344000155
57152657000191
43134552000367
57174557000166
57217991000186
57225772000149
24363329000266
57316616000193
57413541000169
57557525000140
52196791000170
57699040000190
57795241000191
57821427000178
57838812000128
48326073000285
57967031000133
57977201000160
58025887000152
01057428000486
49316775000160
58237189000110
58276008000165
07479327000480
58112614000145
58484909000142
58647283000148
58800339000152
58998677000140
59104930000138
59161143000128
02494715000416
59320538000126
52988380000118
59386692000109
59557366000109
59580305000162
59588690000194
20009257000200
59764136000110
00874929000816
60071631000123
60144519000175
60208149000192
60281922000146
60300202000180
60318019000102
60506670000106
60515536000171
60517028000122
60605762000143
60644897000118
60650574000137
60749654000144
60862154000114
48674718000190
61181847000104
46533069000343
61222334000102
52789220000140
29290243000274
61320833000124
61327047000159
61438138000161
61244532000169
61555329000103
61676525000136
16724157000280
61701886000195
61722301000113
61727219000181
61759389000148
52051411000100
61916258000127
89523237000241
57981943000160
55776277000100
59436720000147
49676892000134
48830868000226
51994294000155
43915778000133
53519949000169
39303048000619
57792051000110
49624235000143
57951118000112
59479638000108
55233148000168
59924841000138
57411755000104
07914775000464
62012550000188
62160150000110
62199722000174
43878392000794
62252661000161
62288422000161
62334943000108
62427128000193
62514014000180
42705273000343
62675283000129
62692696000111
62773561000180
62783684000100
10515726000382
61038369000269
62898479000182
62901666000178
63029636000186
63091970000160
18628083000395
63156500000137
63240463000140
63315110000162
20273329000729
63493326000118
63568527000137
63772109000167
63837028000106
63897429000143
63976637000138
63980482000103
63996341000189
21947632000218
33921374000360
64348930000113
64479177000103
64520884000198
63034934000164
64866418000169
64895903000160
64926815000189
64959270000107
65094228000133
65204176000100
65296531000119
65313729000163
03307150000211
95393278000263
30928977000487
65793347000184
38661789000285
48674718000270
66229407000101
02248312000497
66609508000108
36257530000590
66686835000155
03322258000100
93248979000100
00141527000136
03439104000195
05116278000142
05130488000195
59269654000320
01835769000192
03505263000140
01851185000100
05247406000197
00306230000183
01945837000176
05314904000105
05431736000138
05445388000158
05471878000129
03800317000109
02129329000182
03832360000148
02377474000344
03936673000146
02266118000191
03968926000163
02274517000102
05638301000169
03981298000156
03285836000410
04065212000108
04108499000106
04160412000140
09441460000391
05895525000156
04299175000100
00970175000121
06003551000195
02625538000117
01021498000131
01028926000158
06073715000150
01052846000138
33255787001325
01077853000194
04447291000111
06155034000131
02743335000125
35401165000150
06160236000171
06188083000170
04550808000101
46849303000427
36395622000103
19486216000137
06295054000108
06309339000150
07412694000113
02888012000120
06349244000160
02911166000195
02923504000109
04691013000105
60040599000461
04711854000137
01334250000120
04760067000185
06949902000155
04779188000179
04808061000130
04817909000198
39639612000164
04873446000181
01468098000179
07076787000114
03122393000102
03135708000148
82641325003648
22756555000109
04934569000185
01534016000147
41721051000190
07273547000100
07293786000121
07295277000138
07301173000199
07313333000110
80779259000111
07336938000126
07338579000146
81563603000101
63328983000100
45623048000194
45766912000107
63665319000156
26853028000165
47577523000169
64639719000150
83274738000174
64765548000105
28219442000142
65944753000109
67192872000170
67886796000100
04141623000135
53182176000178
70305073000177
07706250000190
72127988000165
92372382000100
07585476000180
07589079000187
24590259000106
46849303000346
03548035000158
07862792000152
07429890000109
05857856000100
04278320000169
01931411000163
73012189000106
60794740000179
85225167000103
01648066000155
04764327000190
01052092000116
04222118000115
09109547000102
50649003000129
07071164000159
07401140000110
05461218000167
05256681000177
03882840000113
05572039000105
04291261000169
01212819000185
56942527000190
06345460000138
06354533000158
04717956000160
07166809000137
01624271000180
87924411000151
31217631000190
41118886000230
02842909000112
03870908000144
04562978000106
06293507000167
74626607000118
03062090000133
07244030000192
48072151000343
05860479000150
05975147000110
35662667000134
05198234000109
05646025000180
05782840000177
04644478000105
23629983000125
60792389000187
33541640000168
08084215000140
03825359000196
02704723000105
07978528000189
06253379000128
07990315000172
82641325002161
02913684000148
05524742000130
00072255000160
04678701000135
02068375000119
07756311000124
00175188000109
04924238000164
05108702000107
07377489000164
05020720000132
01890228000167
38849493000101
07718963000174
05887163000151
28047561000165
07855468000107
07929430000131
29341468000121
04970299000168
04995710000150
08326917000192
08379534000182
08396572000143
08442583000112
92629658000428
08688762000134
08844761000131
08888925000122
08901008000130
09135251000158
09168982000108
09191645000123
09318977000126
09329259000155
09342946000100
09420466000110
09449181000102
09514629000124
09222411000104
10396394000100
10427902000162
10197893000160
10445253000122
10456298000100
10478755000150
10492871000123
10537427000187
00489050001156
10647305000143
10732928000114
10750894000190
10791631000120
10798563000120
07203018000210
10942405000100
10964145000166
11105866000183
11119750000101
11137930000108
11297477000105
11333455000145
11664118000130
11688995000141
11820103000114
11913681000103
09911640000128
12594429000133
12617279000136
12639633000123
00489050001318
12992658000106
13010844000165
13032053000136
13053227000147
10347925000167
20633333000165
13115702000162
13240399000120
07896800000262
08628861000120
13027688000145
62609193000300
13733687000116
13765686000153
13782879000112
13839148000166
13939670000110
14084022000191
14094525000148
14285152000192
10824547000165
14394549000112
14416886000163
14479550000140
13319810000157
15032175000158
04949905000678
02915025000221
15383818000108
08156955000144
08730162000197
08924534000116
09417842000118
10545970000126
10567214000106
12585265000188
13027083000154
14504619000148
05652247000610
15557757000158
10941502000170
15739317000111
15762135000161
15628238000214
16644790000188
16658573000147
16729406000140
11098782000160
16941837000175
17017519000185
04501499000252
17226653000196
50248780000919
05652247001269
17310036000174
13545241000168
00489050001903
10678377000158
17464290000127
17634227000191
17781132000109
17812790000102
17845667000198
17870686000174
17932735000156
18010556000124
18063588000198
18087041000122
10553612000165
10587605000184
10861317000176
07389284000360
17295386000109
17619399000196
14753823000100
18661550000117
18770423000156
09529639000133
18987352000148
19036846000100
19088118000141
09493758000183
17796274000131
18474013000168
19241007000123
19265956000143
13131876000119
19281319000160
19348292000186
19360181000195
19420122000165
19859630000144
19872751000126
19937550000160
20009257000111
20010792000192
20098683000179
20212885000108
05421585000480
20773091000105
20891220000160
20965751000150
20026127000197
21423664000133
19062556000130
21496574000172
21702230000172
21847238000127
21921393000146
21173848000192
22256726000122
12191671000166
22583771000191
21196966000116
22678651000178
22731248000165
22803038000135
22807395000171
22809241000119
22902416000138
04040450000240
19965636000104
19933144000129
00489050002551
23149671000114
23177572000146
23228333000178
23246727000159
23520895000190
10944321000106
23707269000108
09420466000200
09582183000175
23978814000109
24077447000127
24092955000184
24479444000110
24480341000170
24652465000195
04767648000220
10705246000201
24774241000156
24776671000107
25140111000124
25186713000112
25233847000147
25302929000104
25337025000106
14451390000120
25528763000130
22632451000184
11957190000156
21947632000137
21881617000133
23154762000148
15457628000198
20541898000112
19486478000100
16634897000145
14839943000117
18949077000178
23160167000115
13979459000120
14012086000187
25115265000166
11511020000143
08350382000195
08433657000154
22627453000185
24404216000180
13302865000154
23006305000106
17749443000182
10268780000290
10802526000149
10807809000183
01963220000507
18639089000104
23696820000165
11207092000100
23706582000121
10372634000129
23530268000130
57837973000288
19097931000188
25350611000190
17289619000160
20314255000136
09530659000124
25109090000184
17378513000133
13928119000170
24794078000193
12807998000110
24783312000187
09662555000173
21608623000111
16678058000129
08849401000122
21536580000106
21407835000130
19613808000172
22669051000143
20352354000102
10651667000108
21853272000104
20360979000116
12293935000192
19795354000106
10569258000167
20450255000163
11459972000165
22542426000100
15727912000137
12330034000123
26042315000195
26083328000102
26185580000122
26254113000107
26732994000124
27071995000138
87997698000220
27192433000142
27340246000169
27559997000170
27711259000105
27724876000137
27846941000105
27917215000128
27983599000187
28036575000183
28040010000170
28102490000156
28228293000188
28301287000109
28320906000102
28341370000101
28486650000108
28527185000106
28759300000178
28824715000188
28883531000199
28975382000198
29049959000101
29152392000196
14875460000330
26269773000161
29391280000198
18755438000226
29461162000109
29630219000156
29633629000150
27663148000162
29100293000160
15340450000443
29884628000189
29897978000180
29910660000191
30013123000128
30033528000128
26625474000112
30337889000168
30423519000143
68337658000470
30575333000100
30722690000153
30971911000127
30981734000160
28047561000246
31019309000157
31049733000144
31108342000153
31206868000176
31253576000194
31567143000103
31639541000198
31695669000179
31697164000143
31722537000199
31739902000178
31831575000180
11794158000520
31924410000152
32080801000109
32183714000179
32052889000147
32281300000182
32523687000136
32578926000155
32639801000198
32760273000120
28320906000293
10444624000232
33021168000132
17094914000242
74127473000271
33471685000103
33559115000170
33806889000158
33814845000170
34024525000189
33220019000100
34167909000150
17879231000381
34260048000150
20858411000391
34308853000107
34382745000184
12978514000286
34428772000140
18588224000202
34576368000114
32173778000199
34294791000121
34909753000136
35067853000125
21787033000284
35205853000144
35223140000103
35353862000182
08084215000301
31746576000207
08263457000281
32829514000140
35688484000198
35758941000173
35865938000159
34520689000105
36129630000108
36143765000128
36210997000151
36257530000167
27705997000131
36569236000190
36728680000101
36752303000108
36757380000150
26436496000134
36923935000197
23448370000272
26735410000174
37134719000125
37192508000149
33264154000140
37525316000107
37531583000197
37536985000184
37583757000165
37610183000177
57202418000441
35186109000140
26255427000124
37872764000187
37950724000106
31842120000160
38110556000103
38127808000107
35015209000103
38151538000170
38175270000106
38175696000160
38182597000105
38220198000191
38086197000104
28866423000108
38382852000163
09140325000225
28463504000248
39288556000160
39293615000199
08084503000447
39435202000100
39518738000180
39537945000182
39598278000148
39833053000129
39871756000141
39921988000167
39956268000137
40109826000108
40139665000103
33131079000734
40378412000184
35728035000126
40455185000143
40524583000174
40583350000142
40658980000139
40679487000103
18988625000330
40838415000153
40847942000124
34669064000100
41033187000107
41109944000189
41140285000143
41189818000181
40227826000102
41303370000185
41306823000127
41350665000102
41390081000160
41435203000198
37438274000177
28570929000175
41557694000140
27787277000162
41723330000192
41726491000130
41733464000194
36719989000135
41891021000121
41891152000109
41915343000163
40855730000199
36647082000108
36987680000126
00740696000516
28593348000159
30110767000134
31480047000123
31885836000144
42013597000159
42022809000164
42091532000121
42117900000163
33808332000156
42323649000193
37796183000103
42347232000160
42381030000135
30994528000275
22016640000203
40771870000189
42638660000142
42639602000133
42734736000133
42810455000112
42877232000172
34484024000185
43086614000140
43095097000176
43101688000109
38221790000108
43310360000100
43374485000196
43376690000190
43446227000178
66877184000261
43594411000165
43607080000150
43661280000191
43665506000122
43683053000167
40860034000170
43814776000158
41269761000120
36765688000148
40628137000100
41179640000198
29334988000107
35741003000160
39407322000195
38014701000152
30353797000171
42258224000148
42263852000111
18647211000500
28779633000169
42323601000185
42319545000105
32466113000173
29590474000112
26089814000138
37259565000106
33924985000109
33057817000155
36647189000156
34345724000199
32407715000150
32535323000176
41280582000194
29458690000109
30259773000158
27316021000177
37267961000177
36095732000150
35599721000144
02068375000461
29196977000108
41536778000105
28159664000117
34773455000161
39565185000117
36377805000104
02310701000233
13333090001156
32634534000166
43828319000112
43873426000162
44138736000104
44310828000111
44345048000107
44523386000191
44620921000122
44701865000150
44743681000153
44842829000107
44947511000190
45040759000136
45080037000105
45183148000147
45276633000165
45463033000106
45499461000199
45510160000119
45539144000159
45610020000112
45636182000120
45671697000160
44296302000124
45849244000181
45865971000132
45866870000186
45897288000187
45959737000174
46023502000139
46229624000186
05413063000355
46562877000177
46812992000152
04562591000303
47024446000110
47044512000113
47064467000169
47236899000100
37242406000271
23548662000953
47677021000100
47821766000109
47842454000173
47852472000136
47891691000124
47902685000125
47925678000149
47930049000107
47999914000171
48114725000137
48146804000120
48256800000102
48362539000117
48386542000170
48437606000115
48512291000123
48550193000180
48596070000180
48614062000110
48634516000114
04078043000574
48793261000132
27821229000224
48812871000136
43859237000216
48891349000197
48891878000190
48978445000177
48991292000106
48999424000138
49128605000151
30584194000423
35830868002813
24415230000775
49349811000191
49361237000197
49391639000134
49445537000154
49518324000105
49520811000102
49590988000185
49607943000176
49671669000102
49792248000121
48791494000104
49878427000186
64664758000298
49893109000194
05941523000237
50099481000102
44909095000136
50248197000150
50515983000177
50532838000102
50559603000104
50624968000167
50628952000122
50651101000109
50654312000197
50699194000133
50882839000179
50915094000105
44515032000103
50354750000130
41721051000432
51108518000184
51117750000189
51145073000102
51188342000118
51230447000198
51244843000174
51287327000127
45043898000113
50972711000104
51349176000194
22337493000273
30880958000266
46332942000178
51575049000103
51639302000145
26889274000339
51914613000175
10518694000298
51932133000137
51957933000102
32113121000560
52009027000149
37295252000448
45667026000126
51784845000156
52283047000103
52340291000160
52355364000198
52387101000160
52432684000102
52527617000163
51835000000142
45053942000176
59231530000606
50914398000140
52809371000112
52933461000110
52947008000163
28215470000272
48740849000802
53042761000172
28895025000209
02704301000202
15347273000346
53416339000130
32227222000308
53556357000117
53656523000157
53703978000186
53725520000128
53866335000153
53935625000101
53968527000170
53979356000185
53985277000187
53986070000127
54070609000166
54107483000157
54164855000187
54246888000176
54332995000117
46962122000836
54474536000178
54498262000157
54571896000198
54661827000175
54729585000104
54810188000162
54875346000162
20059388000294
55050093000150
41042303000235
32929819000639
55150200000112
00417145000435
55272756000181
55296335000190
55490083000136
22773307000249
44781461000114
55574946000153
55605983000181
55668437000190
55688651000108
55907852000159
55911256000142
55931915000102
29217430000222
56001166000187
56097260000181
56544460000135
56304391000192
56891257000135
54405347000143
07547205000483
11162204000226
56984528000105
57014704000130
05267928001556
57228459000164
15471982000258
57295927000113
57318082000134
47520227000121
23902014000368
22341240000354
57453347000107
51032780000273
57535576000170
57597768000101
57604862000140
57622259000191
57646098000176
57654108000115
42840861000209
44909095000217
56428002000130
57783199000199
57785430000183
57842201000153
57887683000168
57967278000150
04924238000245
58112060000186
58268372000183
58348204000106
58426752000107
80796360000504
58508172000150
58535259000117
24486689000255
58612434000122
58927477000105
59060084000100
52598460000167
59326449000197
59454936000135
59471737000135
59556187000157
59766338000100
59973224000122
59980610000141
60001374000153
60066851000169
60116440000130
60319333000100
60400741000191
60407903000113
57219456000164
60842285000130
59853634000130
60899534000123
60975055000149
60982210000154
61044704000150
61147226000104
61180132000137
61181056000184
49784863000196
61406064000181
61427339000163
61443012000185
53618525000151
61557126000156
54883233000109
60884663000148
07519095001094
11909227000332
61873701000120
61920023000109
61945256000166
57561115000172
61102391000140
58373357000103
61257818000189
51855147000102
53589300000114
51969820000127
13575470000206
53555833000185
61329475000110
56926695000191
62115361000130
62161208000140
62201245000134
62265808000158
62269994000101
54516661008420
62558660000140
62625259000185
62777486000126
62844520000138
62854348000101
62880123000111
62951310000149
63090561000149
50520596000390
63356617000164
18355212000238
63830620000178
63844022000158
08365527000636
63891095000109
63903000000111
64263315000104
11333454000281
64374600000100
64413395000137
64629890000188
12454719000262
18780259000249
64901371000127
64957510000134
65024936000106
65213943000148
65263885000167
65296641000180
62460446000156
65384366000157
42582138000277
65478769000165
65503798000130
48946619000209
65594866000113
65597868000166
28693036000206
65744664000100
65817700000119
65864094000192
65870358000110
65953227000105
66058141000173
66173221000170
29134280000374
66319469000104
66338894000132
66436273000191
61811787000247
66539373000143
66603873000105
66618830000195
01239634000598
66633938000157
04952034000137
04964914000123
01683748000107
04981484000158
93185098000180
93305910000163
00119514000160
01748211000170
00137950000162
00142916000186
05112847000181
05164092000169
94811510000192
05212575000191
03559525000150
05259879000104
05267759000159
05287391000190
01964340000103
96822895000119
01989652000163
00417449000150
05433252000128
02209788000176
05564838000121
00596529000110
02220795000179
00603441000188
00637825000111
03955272000133
02335705000195
04949905000406
04114172000147
05780891000160
02421679000118
05793356000143
05796113000169
00855145000174
00869004000100
05888881000142
05897431000116
05901694000151
04245733000147
04252742000165
05924848000120
05925340000147
05929794000196
05941696000174
04294185000145
05970732000128
05997927000161
02608793000151
04353505000190
04365798000126
04371856000124
02649090000171
30280358000429
01035382000151
04397247000144
73123903000133
73285553000101
55487029000131
04521989000130
36078616000122
01198401000160
56821069000130
37059359000144
37107117000189
01260848000112
04644637000171
06346422000108
57365116000141
02916871000185
01368586000104
39323217000178
06976628000103
06976929000137
07016189000150
07031590000169
03103507000169
40819062000144
59548214000140
80779259000383
03149565000123
03156192000118
59920132000184
41623893000109
07187072000139
01575704000155
60521853000109
03234021000160
42108639000135
07200697000193
42160812000144
02018122000130
79631438000128
01637600000128
03293901000107
07253855000173
80796360000180
81675167000154
07935612000115
26453860000174
82431784000177
83124982000150
64802739000108
65141046000176
65316648000117
65831943000101
85081446000140
86647138000100
50595271000105
67751776000114
68668417000160
90082710000109
32889057000180
71170344000197
33484007000185
71428783000157
71630388000152
54756242000139
54974746000125
07429534000187
07529292000101
03573828000127
07620051000165
07688885000102
07717197000123
07746872000142
07778725000154
07911776000102
07943870000143
07956849000182
04919019000197
04855570000114
04969191000155
03422034000162
17166059000319
07682133000134
15101231000169
00225558000175
06166072000190
06340831000199
02063713000120
07404103000166
01716863000122
33100082000286
58598368000183
04963970000143
02017233000122
02419460000184
05905525000190
01154827000112
06235017000104
06260394000101
06283622000150
04713399000109
06886136000127
06927518000151
01401474000108
39827316000197
07295038000188
86886348000143
31732431000176
69002632000190
08049999000175
02736166000287
04767648000149
05818520000120
03057459000110
05746252000188
68337658000127
03930390000197
58860222000164
03301390000128
68877752000179
03541791000155
03026028000196
05052416000177
04037087000122
01184342000171
74913278000196
08933848000185
65481384000157
89086177000166
00977972000130
07299352000139
06019489000120
03261312000147
08107114000147
47683602000154
03326125000102
04123373000100
59250290000174
57255614000131
00907742000103
03919315000125
82297680000111
04998723000182
36964294000119
07737677000156
00512898000187
64840903000163
03093172000145
00004286000183
03463562000160
07322579000158
07440995000150
96330048000137
03698717000147
04125612000161
72208200000145
02088608000145
02305767000154
08148511000167
08156693000118
08175453000160
08308147000155
08432073000164
08472501000182
08710669000189
08719179000143
08767786000189
08789598000151
01748211000250
08968525000127
08984579000186
09182725000112
09183319000174
09204378000181
09209604000117
09271887000127
09423516000113
08827413000156
09560267000108
09626655000144
10177531000108
10349885000192
10377194000100
10380093000180
10016132000165
10250903000184
00157774000635
10507884000129
10544006000183
10557002000130
61252409000270
10617046000108
10689397000124
10829329000113
10845671000107
10908328000164
10910549000177
11012268000160
11024482000136
11107057000100
11153712000167
11162384000165
11234649000193
11323420000125
11382932000162
11779004000136
10225982000173
11138620000108
82641325004377
12018881000157
11292892000168
12127236000172
12437723000131
12498340000173
12573462000187
92629658000509
12810613000173
12921331000143
71437917000368
13291742000165
13309635000117
13370087000130
13397227000164
13534218000178
13616029000144
13731667000106
13784373000142
12891104000112
10698287000129
09454377000195
08185623000198
14310172000176
14345596000176
14426151000110
14619785000190
14824488000186
14877585000137
14941727000188
15325249000144
08211975000170
09244342000121
09650081000140
11257877000189
14894029000179
15463170000180
15517648000107
15742651000124
16570198000189
16647278000195
11002975000175
13572673000168
12982770000166
16820182000187
16920679000177
16926786000102
17068094000133
17267072000100
17301552000132
17405589000100
17441839000168
09238340000391
17608705000199
17615035000138
17753824000135
09109547000285
18090184000193
18161599000100
10897975000118
12537575000127
13113909000106
13444068000101
20486074000197
17290835000126
18351223000169
18367997000188
18398430000179
18496658000100
18604180000186
02949582000506
18809570000192
18929297000130
18988625000179
19198832000192
19346244000159
19407161000122
19618161000171
20040253000104
20059388000103
20088885000130
20111624000193
20159008000102
20678255000115
20709163000155
03936673000227
20783819000180
20840298000155
20885148000168
20931845000108
21050516000110
21112395000194
21216468000198
21236000000165
05638301000673
21873761000128
21895553000120
21940080000135
21965485000128
22129198000140
22134058000160
22141094000151
22300948000103
22337493000192
22341836000192
22358064000100
22423890000187
14975469000150
01896764000412
01663156000204
23351584000145
23395398000108
23282792000130
00489050002632
23539719000109
23616171000145
23693644000108
18647211000348
23791458000101
23794777000170
03704024000209
23902014000104
24198128000170
24248295000188
24260867000144
24310320000106
24405112000190
24562614000125
24595488000105
24660161000170
24732763000195
24925965000153
24976335000108
04298106002622
25031668000127
25135985000193
22260124000220
25285380000189
25361907000107
23031211000197
23864965000128
25448311000149
10502994000106
20676345000177
20399316000105
24408836000198
21296508000159
24753969000100
23237503000180
58598368000345
16516296000308
11957914000161
22579725000119
10840020000124
25425163000147
08801118000120
23437513000160
19631683000103
19142659000100
17921554000124
10495357000141
15442606000154
25243830000170
21995059000137
12408163000197
09603644000149
20461187000138
18604887000192
09028635000171
23708186000133
19409399000197
12868654000110
14581282000172
71170344000510
10362909000143
23956104000170
17303507000117
20180416000146
18544990000194
46962122000674
18030765000130
24478589000104
11287357000119
21099444000104
19456985000192
10512195000102
17991369000106
11355931000129
13145285000109
13496848000103
23552212000268
20595921000151
10376090000173
23870784000104
21063555000152
10383302000140
13424829000163
09347966000174
24384602000158
22139078000124
23976448000140
23500653000135
10960950000111
14112327000160
11917484000154
22308583000155
11158653000110
17615098000194
15319901000118
10485989000124
12467446000100
14339190000180
13032363000150
08871814000103
24517592000181
10990409000156
26043395000101
26166759000132
26234900000197
26243098000100
25456112000506
26475496000143
21921393000308
26529926000162
26556106000160
26603680000121
11970849000376
26942617000110
73158958000260
27168027000144
27393211000198
27415072000156
27415236000145
13032053000217
27446280000112
27455465000193
05135085000210
27762305000197
27839404000120
27933648000177
28111682000129
28156323000198
28251534000100
28430522000142
28470340000103
28489351000127
10203274000212
28719203000151
28885000000135
28931801000190
29025797000163
29032826000114
29182018000133
29187032000120
28555652000101
29309088000100
27296413000111
29434605000172
08002459000489
29520629000144
22809241000208
29711332000166
26473846000132
29764079000109
29843218000190
29869795000150
29892517000114
30165668000150
28590769000126
30193919000100
26396672000151
30232015000146
30458621000184
01449930001676
30707695000107
30723567000157
30725242000103
30735359000178
28346222000180
30870164000130
30331161000129
31049264000163
29738607000155
29700587000123
31159092000180
31160703000100
31389187000190
28065897000150
31569089000135
31593680000128
18988625000250
31636556000100
31691278000186
31852609000112
31957234000155
32014717000189
32098784000129
32125608000139
32141698000151
32196306000151
32208383000184
32240158000125
32400083000100
32489463000155
32541706000157
31191499000195
32681385000196
40819062000578
32878586000188
33133928000101
33401164000180
33494615000170
33604805000101
33642274000133
33851567000120
33861179000120
26361458000160
34106181000157
02555905000315
34170512000118
34243692000110
34404879000159
34485827000154
82641325005187
34576468000140
34320050000178
34498770000128
34719467000108
29327521000130
34913310000119
34930584000116
28655764000134
35030800000130
35042280000185
35280646000154
32190515000279
31014540000158
12810613000254
35607311000106
48740849000713
35699069000130
35823115000160
32485469000154
35849878000180
35881610000126
36040751000189
34010427000192
36412960000106
30521289000155
36582326000111
34291151000249
26517828000296
37019876000190
37053176000111
37077749000147
23983219000234
37150167000149
28738385000108
37323224000144
37441152000130
37467850000104
37543732000138
37659613000145
37695938000183
37775661000107
36956315000154
37880239000103
26681270000441
37950777000127
37990821000122
34675110000175
31673254001680
10940423000226
38285172000121
38310307000161
38432042000174
18019528000259
36446119000130
37636003000126
39239472000137
39283564000114
39347168000103
08084503000528
39451696000108
39490391000105
39436851000117
39667448000107
39695653000178
32644237000100
39838281000191
39898026000134
39951368000170
39969355000129
40031476000104
40072473000119
40158906000153
40297862000142
40456497000171
19880964000280
40678514000115
71605265010205
40882857000105
40937745000104
40297862000223
12122517000213
41095144000156
41102848000109
41110352000187
41189760000176
31123922000110
10347925000590
37542000000123
37041236000267
35724737000131
41466869000103
41471545000163
41483608000100
41546121000110
40993367000178
41874739000100
41890303000104
41944789000116
27066602000106
27477776000153
39938224000184
29216932000158
28660024000196
04619893000613
42078937000120
42168577000157
42221926000157
42227547000174
42237074000196
42387893000110
42427553000175
42427768000196
37987999000114
42508020000118
15914568000276
32390373000102
42604446000175
42743869000176
42817646000106
42822789000106
36674495000181
42971145000180
00028682000655
43029151000185
04716276000202
40936974000104
43149753000176
42963444000253
27509796000169
43366353000112
43375959000114
43390810000104
43449451000113
86647138000526
43563313000160
28583002000250
26128126000130
41977599000103
37252719000120
36958637000132
39372557000199
29678698000180
33890612000156
33150867000182
33375370000162
39491852000164
41705105000123
38183766000121
02376490000312
37953291000142
30778795000124
26680968000108
40668632000142
41665545000102
32149914000105
30588564000158
34639837000105
31206155000102
38663144000109
35068201000105
36724840000144
30557974000131
33834782000113
42538544000151
32324656000156
26852427000101
34809258000155
26960791000195
29765537000124
40613055000191
43107383000104
39437023000101
28741962000200
31351287000128
37122230000133
38050093000131
33156155000170
27224805000175
27205945000104
34717872000197
42378700000164
40353717000131
38234508000127
43939733000107
44287334000163
44328371000172
44357224000120
44421890000180
44504713000168
44516119000197
44660325000176
44722792000183
44924964000100
44928104000136
45137283000156
45282739000171
45361562000107
45528291000123
45586761000105
34010427000435
45955087000199
20891220000321
46079931000128
46100334000138
46277700000129
46289568000175
46338736000175
13027688000226
46370100000100
46378761000182
46380695000185
08845041000352
46533069000181
46572291000193
46600083000150
46693393000167
46762527000154
46804560000108
46969662000175
46980007000118
46988794000144
47067987000125
47100435000171
47173727000134
47202265000136
47206218000160
47218329000197
26681270000522
47335550000125
47379321000102
44362423000127
47576788000142
47329902000130
47660953000140
47660962000130
47790534000122
47928107000168
47942825000199
47970471000196
48170561000165
48227258000151
48321847000102
48393665000139
48460949000109
48485659000101
47262876000170
44572364000111
48524977000134
10347925000752
00417145000354
48838779000145
48849683000182
48895646000100
36958637000302
48953163000115
49234252000174
49242881000146
26563364000254
49288089000122
49348069000108
49506566000189
49538524000120
13944402000277
29329985000690
29329985000770
49749364000168
49849901000141
50124269000158
50197332000186
37295252000367
50442630000194
50483443000159
50570355000194
50490998000128
50765434000150
50803689000160
50979093000116
51030691000107
51062463000119
51147996000101
51148164000100
51158353000155
51161845000108
51177405000130
51177630000177
51219892000157
51256012000112
07547205000211
51359135000189
51385480000197
51397952000121
51405940000100
51417284000157
39493555000239
51450763000175
51488670000130
51496618000125
49399088000155
50766574000143
51958060000152
35831212000286
51996760000131
52066448000101
52161802000187
52279974000150
05438137000650
52475630000116
52497258000149
52566365000181
52639561000139
52646386000107
02537890000281
52808923000178
07897781000370
52939070000103
52943663000143
51668543000112
53114409000103
53144112000182
04397247000225
53500904000142
53604821000101
53781301000166
53796254000124
47810738000188
53917941000150
53988582000122
54023466000131
54050594000174
54128223000168
09507865000385
54271116000194
54550756000133
33930810000287
54739558000112
54771849000198
54772898000145
54775024000141
54794907000107
54906534000100
54928894000103
55068897000187
32929819000710
55311052000170
39303048000376
53570015000151
55636044000102
55682718000105
55819128000173
55839695000191
55847801000189
55890317000132
11165617000345
56107320000108
56208740000172
56321009000159
56418703000199
56844606000168
56882952000130
56906385000105
07547205000564
27721364002241
33676841000253
57008402000150
57090502000178
57090887000173
57108930000180
53847496000108
57204041000117
57210298000181
57217539000114
57255298000106
54846379000184
56099477000120
57343476000142
57346341000130
29329985000932
57593412000108
57652985000157
57800356000127
46761277000138
57914537000184
57929071000190
57976246000110
58053812000185
58084505000161
58414976000190
58428440000124
58494457000180
58501304000112
54179300000109
58369022000294
58665298000139
59002510000140
58545712000176
59248672000163
59332702000115
59529774000157
57440303000142
59588595000190
57646142000148
58175386000233
59990699000127
57363484000150
60105331000118
29979727000306
60183049000159
60210106000141
60235344000101
60246094000105
60251215000107
27306243000370
60361024000106
41140285000224
06003997000381
60513745000186
60731580000119
60804967000158
60926064000140
60994278000153
61038369000188
49768192000170
61257082000149
54241372000139
61368859000142
61371968000119
61427362000158
39362611000700
53395029000186
61536558000180
61640252000170
61674848000190
61685174000120
61805747000101
21285266000289
61942817000173
45751132000193
50640016000137
60959693000176
54951237000187
57918221000160
49834940000175
48060728000135
51843827000106
51303000000363
57703501000151
39321083000318
56778462000199
60911937000140
56302099000130
46738775000160
61855834000173
51453622000106
62114395000100
62166127000132
62204431000127
62224400000138
62327882000151
62454204000150
62640563000100
21477534000345
62777415000123
62780107000157
63059721000197
63352716000178
63391542000152
63419470000104
27622775000236
63571890000101
63573686000120
05492372000449
14784339000211
63623861000146
63634624000180
63780485000101
63797558000160
64014742000159
35519909001026
64108518000126
64127658000141
64203004000150
64417578000120
64535961000183
64652693000180
64675800000195
55894582000270
64783078000102
64987965000100
65022628000133
65053094000102
40802303000304
01449930001838
65124015000107
65382325000121
42582138000358
65442421000118
65620597000112
65625789000111
65666658000182
65686765000172
65733394000132
65743457000131
65801798000116
65802585000109
65847581000147
65886080000170
66027549000188
66046976000103
66100636000113
66172989000129
66175139000184
66192806000137
02555905000668
66320278000154
65618987000239
66327416000127
66425780000120
66426468000150
66472356000136
66541931000105
66617553000104
50247071000595
66672744000160
01452056000140
04971175000105
92853894000180
00073568000132
03364426000112
01715258000137
03403853000162
05062455000155
05120774000170
05162121000153
00234563000144
03526176000170
05199667000189
01896764000170
05257628000190
96165659000177
03608745000126
03690405000197
02015974000174
05375586000192
00417145000192
05423038000190
02078622000168
03770754000119
03776735000108
01437707000203
02184266000167
05596434000110
05612914000127
05670360000114
00685804000171
04008658000109
00694258000135
02323120000155
04063331000121
04099366000110
00794163000193
05780395000106
02426860000117
04139183000181
04144836000110
06948769000201
05826734000148
05896491000114
05897011000130
05898488000130
04255249000107
05941523000156
04309026000177
02599452000167
04342755000125
06026815000126
01014406000196
01033306000107
06079954000118
33100082000448
33250713000758
04440002000152
02724368000128
73158958000189
06151929000106
35463280000159
01150649000151
06199958000130
04532782000160
04532880000106
01191922000196
74068008000126
02820312000177
02823683000102
36753739000111
04607221000183
74479817000120
06296460000195
37109097000185
02873606000167
06323583000178
04648801000119
57165185000101
75159491000117
02923139000132
60040599000380
60040599000542
02933849000143
04718143000194
06888658000168
02981871000169
58524851000113
04814575000107
04816730000116
03051567000185
04840535000121
04849033000161
07055902000174
04899863000101
07079067000102
01500306000170
03135603000199
03137410000177
82641325001866
04929171000150
78939113000144
07256038000179
61613881000100
07270468000145
80246309000103
24743171000179
07292903000132
25029414000174
07313618000150
07327937000115
07371103000107
64132434000128
47411780000126
64841190000152
84146695000104
29387016000180
66741117000134
30707210000185
68069293000105
88923149000193
31891484000130
00800957000112
14535579000100
14674428000124
52819166000138
70226923000141
91742775000198
07434564000181
07470296000153
07533806000194
64084858000164
40842791000464
07666057000173
07914775000111
07955424000159
05667010000107
08087373000153
08093976000168
08106200000135
07463246000149
06350397000128
01476143000137
07575650000104
82296062000157
05888603000195
00172291000103
02290065000144
00229326000195
00691555000127
04019582000109
02565021000180
01085207000179
02771724000164
01192177000108
19398577000121
02955937000146
02965426000105
06954216000172
06555143000146
04932432000191
07137575000108
07226788000106
45859642000189
29905551000186
67580357000167
87997698000140
33177296000170
54858014000170
07518330000112
07738508000130
07833753000127
07847837000110
07865568000114
00489050000427
06253220000103
02306789000139
64944085000149
00546993000100
04506592000179
02858842000104
06172552000163
05872022000165
05109076000173
02695230000148
00986846000142
05375249000103
05030678000130
56036718000192
04614288000145
01306233000180
04689134000112
01645409000128
07391291000135
12728929000110
31895469000160
07427470000185
02290065000225
76730076000134
04369147000104
84050749000133
59335661000110
04491780000170
04053063000167
07062702000149
04308491000193
07400256000135
04021332000103
07099475000126
06242018000186
05153722000108
04078043000140
07369612000103
05136750000109
02004662000165
07815090000118
02057708000104
06913890000109
01936496000172
04242779000102
61252409000190
07177380000183
08186786000195
08267730000165
08282077000103
08467726000140
08580826000189
08643144000178
64345010000303
08723644000110
08850926000188
08616605000113
08919224000103
09054946000105
09121973000153
09151435000101
04534176000265
09442333000145
09544135000192
09557129000170
02814280000288
50247071000404
10366089000168
10261518000132
10273762000115
01449930000432
10572390000128
10717723000160
10757876000130
10767262000130
10821798000196
10845515000146
10884060000178
10947129000165
11180235000129
09507865000113
11347124000164
11503238000156
11577114000115
11729400000159
11843525000105
11860910000160
20319809000198
11927947000169
11958026000163
11964828000186
08044840000249
12019315000160
12041107000167
12284291000176
12420630000102
12509405000139
12577368000104
12641724000101
12702376000127
12746666000172
10515726000110
03177158000200
12952331000100
13153450000166
13233256000190
13780372000120
29992682000300
53265518000385
14248265000118
14278341000138
01476143000722
14392532000126
14400237000174
14419000000135
14437350000124
14442229000190
14579032000106
63067904000588
14691333000119
14870997000145
20428591000100
15218770000182
15261257000174
15301802000109
09420486000191
10358875000113
10907265000121
13014877000183
13513088000197
14202936000100
14239857000173
15154312000127
04368356000214
15489853000106
15492594000172
15515215000112
15564580000117
15571297000112
15757318000199
16366888000110
16509959000197
16656144000130
08852545000138
08583229000108
12388342000290
17085815000113
17184520000102
17211120000130
11314917000187
17288441000133
17149510000128
09137708000163
17402160000160
01645409000390
17499233000183
17509869000169
17513135000153
17524672000107
09156358000182
17677668000170
01414471000290
08530643000159
08572890000118
08678031000108
11301724000191
11674540000177
13103880000173
18288920000112
15314407000160
17341235000140
17754024000139
18263546000109
11970849000295
18324146000158
18355212000157
29066826000569
18706246000149
18755711000131
18889314000152
18897288000104
18901877000119
13042708000238
19036733000104
19072588000117
19167719000140
19217859000185
19274649000129
09436998000146
19655766000132
00489050002209
19880964000108
19913488000176
20119167000183
20626083000136
20664198000115
20773433000197
20817796000187
20872584000100
20903212000196
64132434000632
20955014000176
03704024000381
21163294000142
07514758000359
21317051000111
21515353000102
21830581000169
21868212000165
21907626000156
22013535000130
22061190000190
58652728000773
22392665000120
22407731000199
22486909000134
22519998000178
22539821000133
22583477000180
22782313000181
22860037000122
22930380000104
33100082001096
22938460000106
22999856000155
23087065000111
23351545000148
23509092000135
23620921000152
23777296000157
23800990000148
23963675000131
23979517000170
23996430000100
24068446000116
24154389000198
24166147000114
24240229000161
24376289000106
24482240000138
24493695000159
24564854000169
24566993000121
24678896000120
24712108000175
25225971000160
25386146000148
25424536000165
17719905000119
15199363000175
16573158000190
23836205000107
10212250000149
11637221000191
21870007000134
16882548000142
08588244000149
25449878000130
15549989000164
20065097000128
10445253000203
15514486000153
24603632000108
23688733000166
23844639000159
09247117000149
21208125000181
09420486000272
08595277000116
15684135000190
16791413000171
14169319000150
11572932000125
16648619000147
24268706000105
25304212000193
16515798000144
23494934000122
24638170000164
24313762000106
19266516000100
13658180000145
23980789000190
19284361000135
20618646000144
10839887000160
15186566000127
18362195000185
16097327000163
07260050000408
23237834000110
09403332000191
25215839000178
15715669000137
20562726000125
20643778000126
09418160000120
23428534000119
15648426000123
15916304000170
23992859000120
22975127000169
17472278000164
24724553000155
22467623000101
10317320000123
17125258000117
12391862000171
08467533000190
23241814000113
19107585000171
24492680000176
12458348000106
12388342000100
14085968000172
17001433000164
20725608000190
09003454000190
13324282000124
23414166000150
01057428000214
11647068000183
24155878000164
14012086000268
04078043000221
17069536000166
16851322000184
26034663000110
26083740000122
26090866000124
26201803000106
26295633000168
26324667000133
19450138000200
26482180000189
26615197000167
26649615000137
26690173000172
26699245000142
26842533000104
27074141000105
26824272000108
27184755000140
27320140000101
27409891000190
27478045000122
27751194000113
27821229000143
27937091000142
27955041000198
28114314000134
28320361000134
26959740000143
28537922000151
28574436000103
54756242000309
28749266000150
28842394000144
01414471000370
26051266000157
29046347000157
29057136000110
29136675000144
29142461000180
29176244000101
27253000000150
29526822000192
29587965000104
29615161000171
29632990000162
29635020000110
29695217000145
29711142000149
29753710000174
29754676000152
28072311000185
29440998000127
29397137000103
30010486000100
09437886000290
30103502000109
30135477000145
30275848000194
11511020000496
30404126000192
30479645000110
05421585000803
30788967000140
30820994000153
30836640000105
30837829000104
30870625000175
30900661000134
29408508000105
12918336000389
31089585000191
31246364000180
31307529000186
31764758000120
31982492000191
31995238000128
32075199000103
32227222000138
11953255000276
32283972000127
04078043000493
32579780000162
32742211000196
32833748000161
32893758000192
32921339000117
07489498000490
33337218000195
33386247000147
31607593000182
33509527000103
33589305000130
33744683000140
33841561000172
33930810000104
34064155000103
34144836000181
34238777000100
34258066000106
34282929000172
34338630000192
34357265000163
34406139000151
32998325000100
34444108000195
34537911000174
34681345000170
34246709000193
34813172000104
34905580000188
34907119000164
34952186000109
34957366000175
37109097000690
34982862000189
34999637000155
35070806000130
31746205000144
33878052000114
35231609000156
30518247000165
35555105000191
35563597000167
35854326000160
26668581000128
36142809000103
36160150000100
36315577000130
36367676000165
36377746000166
36378747000125
36502646000114
36543513000196
36543896000100
36666587000110
36731457000113
34383566000161
36902218000189
36945091000185
37053743000130
23778799000228
37129235000198
37153313000190
31253359000102
37206499000106
37222766000120
37230669000180
37233479000116
37236870000174
37244129000155
37258885000133
37263907000153
37282492000165
37362476000182
37368981000134
37414128000101
37415082000145
37440698000176
37454716000179
37501074000111
37505265000151
37541551000172
30052848000125
54858014000927
37650903000128
37659499000153
37663213000103
31469964000107
37733984000120
37737495000146
36662616000175
01115603000444
37820949000148
37846536000132
23351545000300
38018846000121
38041587000150
27960785000109
38087175000150
38292464000191
38335906000130
38366915000198
07757306000217
38612077000195
38730654000143
38823859000173
38829119000144
38945538000141
31610864000159
39236695000140
31530167000198
35564605000190
29444380000216
39600199000124
39622854000145
39643083000172
39921691000100
39977466000187
40173921000170
40391901000176
40392211000131
40624350000143
40625950000126
34720244000241
40865301000100
41150209000119
41301576000176
41472685000156
41740828000163
32147436000102
41841664000160
41919238000100
33617642000193
07090403000380
00489050003019
29250889000147
41249276000195
41595069000192
32205533000104
41975060000107
41976025000102
42016027000112
42022647000164
42037793000163
42178659000182
36457846000100
42266261000106
42336015000175
28866423000299
42446953000128
36958637000213
34959654000169
42571743000161
42582540000170
30985388000198
42705273000181
58619131001103
42718136000181
42740694000143
42768618000146
42805719000140
42880329000134
42908252000163
24996224000244
43004275000106
45399961001392
43085663000169
35701567000170
43170051000174
43189011000174
43307039000169
42420895000163
43518415000164
43573889000109
43712254000145
31558431000100
32268424000128
41926487000115
43055034000196
32536411000192
41222467000163
37671083000150
41775241000190
30217256000116
33521966000123
37870506000161
14622553000352
43363451000104
29294067000168
34384267000141
30322230000138
33579246000119
27131319000102
43634483000199
29817321000165
35917441000137
43474142000101
28851101000195
37219908000109
39707683000157
35517786000101
27356886000167
34087702000176
41499371000147
34761089000120
32742966000190
34687638000164
35067751000100
41925779000133
02363464000279
36063405000116
43330458000111
40012774000157
40382258000114
41807514000130
12762841000204
38426460000159
38467911000104
28072879000104
34948978000100
42849209000174
43093208000105
43868018000112
04868867000203
44013018000101
44032666000105
44185160000128
44283382000183
44368180000134
44407806000174
44430492000120
44462035000118
17615035000219
44607865000196
44619561000149
44695573000152
44705404000156
44728730000189
44743740000193
44252772000196
44808617000103
44851599000142
44867807000100
09530330000325
45151432000131
45201170000172
45212125000113
45254236000192
45499635000113
45508404000129
45590051000159
45606389000151
45706086000100
45725886000179
45855974000195
45897545000180
45946412000157
45991183000192
46174739000110
46202521000122
46248625000178
46279684000103
44798770000105
46368012000174
19336924001082
46546863000160
46563960000160
46629616000127
46680502000101
01437707000637
46756948000172
09238340000553
46792997000160
46878852000187
46898611000108
46925917000106
33220124000301
47114192000120
47137489000101
47401028000102
47455065000195
47489527000195
47554706000169
47605397000109
25424536000246
47720048000138
47756917000184
47840611000101
24107733000279
48036918000117
48043643000149
48256898000190
10596721000402
48314285000161
48449071000100
48484568000151
48575967000128
48594937000169
47145697000152
58619131001618
48715513000105
04078043000736
48873564000165
48880615000186
48940395000139
49077641000133
49218417000114
49289038000115
39321083000237
49339972000102
41360731000206
49490752000177
49592474000169
49594720000111
46087681000178
49737282000101
49821487000162
49863437000148
49882620000190
49918306000110
49957234000110
49998577000123
50013353000102
04440002000233
50230193000145
50240941000170
50292098000176
50363579000125
09342946000704
50392068000131
50520596000129
50604110000130
50487860000170
50720599000106
50765349000192
50777938000190
85032019000253
50936639000151
51032780000192
51036817000150
51111966000137
51155066000191
50782061000126
51320254000128
42677636000201
51383167000110
47040374000102
51530370000171
51563371000112
51570271000113
46892210000213
51689812000127
51691870000195
47239452000194
51885451000194
51889597000108
51910969000130
51918116000145
51658279000136
52010941000100
52011446000115
52101759000164
52126146000181
52141866000116
52188411000156
52196551000176
19523432000296
48393665000210
61485900001213
52323617000141
45704956000293
52385699000159
52412500000134
48146804000391
52453398000115
52587397000163
52719858000104
52848852000137
52946285000151
52975791000179
53204431000136
53319920000133
53375539000191
53389988000199
53437969000190
53496867000146
53497682000156
53579593000159
53592160000133
53643331000106
53702276000188
53799641000114
30308048000203
53968717000198
21498124000704
54183951000172
54231465000182
54541915000133
54543796000158
40084106000216
54629087000190
54695628000188
31885836000225
54816123000124
54825858000114
54937407000179
54964814000175
54976619000165
55055381000106
55077707000198
55140524000170
13212979000294
55358876000104
55382559000115
55416368000127
55446418000119
07094705000326
19053897000301
55717416000117
40693068000207
55838293000172
55894582000199
05923930000300
55917586000145
55945090000185
18588224000393
56097784000172
55600432000125
56135796000144
56160973000142
34921914000298
56795355000179
56881142000160
56993010000120
57052945000174
29992682000652
47597302000233
57190952000132
57227992000101
07547205000645
57366582000141
57370564000133
35661814000232
13825298000200
57515596000180
57650688000172
57695789000160
55327219000272
57831367000174
57874641000192
48419084000129
57966415000131
58027695000185
58077213000100
47925678000300
58184738000136
58213255000112
58280733000107
58282513000112
58403922000120
58405057000150
49787031000123
54107120000111
07196307000310
59175796000166
59197136000186
59221233000167
36446119000210
59344054000117
59418515000159
59511146000144
57777562000163
59570665000183
59573657000190
59768771000176
59778318000140
59842264000135
59897961000193
60027074000143
29817321000408
60168346000125
60255637000150
60343646000101
60389879000218
60431646000155
60501733000131
60598795000103
60788598000157
14224864000282
60949409000180
61076879000140
61088104000194
61235861000143
17879231000543
36001955000291
61338221000169
61350215000127
61357441000130
46425249000140
19953881000274
55140524000250
61573904000109
04737413000376
61635169000102
61654446000124
60078036000110
61805038000126
61808212000194
61877360000160
61916205000106
51728648000110
61682404000105
19006720000605
58938038000190
45720457000109
59542991000187
56910773000160
59783046000177
08084503000790
53935956000141
55953399000117
59043023000126
62000424000103
62015303000135
62075539000167
62162489000155
62187342000110
33457356000299
62336704000197
62831419000142
24198128000250
62908937000117
62920322000106
62734964000110
63058449000120
63130610000120
63002293000166
63289759000156
63327663000135
63333217000133
63341195000153
62869146000125
52297128000243
63417727000199
63523671000157
08767786000260
63637203000103
63692517000109
63737394000185
63742130000110
63792336000154
62121824000177
64004449000100
35519909001107
64107941000101
64161778000165
64282836000109
64404992000103
64524776000193
64563086000143
64764866000151
64850825000188
64960561000115
50636862000264
65275785000150
65381111000130
65477423000142
65571154000189
65599046000114
65670223000101
40990262000246
65801344000145
66049749000131
66053326000195
66136042000162
66162768000170
66195930000156
39674989000235
63449467000133
66299890000192
66390640000163
66465633000183
66500508000167
66521595000139
64946647000193
66536991000130
33457356000450
66659125000136
05336975000109
04963397000178
93053031000191
03359558000156
01708455000129
05009232000124
05021932000134
00106162000109
01769695000133
01785839000145
05167030000100
05187817000134
00248206000135
05216138000146
03555303000169
01906952000131
05264280000169
03596923000146
96260369000102
05285751000115
96416771000133
05298637000120
00376638000121
02005077000180
05394522000139
05482726000121
05530641000171
05567446000116
05570278000118
00599932000100
07425616000153
02259625000521
02237494000158
05593405000102
03944156000119
05638088000195
05658906000111
03998012000145
05677755000149
02314108000184
02365705000138
02377474000182
04084579000179
02385667000185
05750348000110
02417547000112
05793185000152
04163492000197
00836525000161
02471805000149
05848802000170
05882137000130
04230180000159
02536680000198
04258235000139
07820159000100
05968582000118
04304240000130
05981937000109
02620178000160
02712393000191
01090909000140
35302991000141
34490912000291
05601107000109
04494317000182
73588915000133
56001381000188
73857393000128
01177822000105
36499713000199
01213625000102
06748657000118
04610769000182
04630445000106
02874583000105
19961036000160
06340793000174
75336834000171
38054979000153
06881107000172
02960627000110
02960756000108
01349871000188
21135546000120
03033589000112
58757733000155
39905948000121
58941808000153
03065007000180
01467867000114
22283196000101
03117039000181
03137251000100
04923548000164
07108742000184
07112323000116
07184649000159
07184794000130
03239265000135
07236937000100
03280502000101
07238901000165
42901835000162
80330046000108
25555046000106
63026231000194
81425837000184
07475148000121
63240477000164
45489614000117
26406496000191
83346825000190
28599587000116
84966498000131
66345364000111
66437831000133
30124044000194
68708759000167
68780709000190
69055226000196
32979007000193
53226130000103
71323117000154
53986675000118
72686561000105
92258953000172
07610601000165
04525935000142
07861044000155
07489498000147
08036308000107
03919932000120
08044840000168
07153820000162
92629658000185
04990906000151
02421187000122
25725813000250
40169724000188
29316502000108
07831762000189
05343038000180
02736166000104
06023187000125
07767477000146
08030704000119
05305097000164
00808235000104
03743294000130
07668083000130
05004675000122
04130211000108
35519909000135
04627591000182
03177158000120
07191444000109
01582957000156
01627149000168
83880294000110
88484969000126
31354178000164
92042969000143
72970536000140
26274530000383
40175705000245
01854654000145
05165456000125
06253693000100
32573503000142
00673426000106
06325378000141
04053063000248
05948061000107
08073901000115
04971692000176
05000571000140
05035010000186
07077606000174
07250561000198
07722554000141
10745479000149
07526207000143
00744192000140
24436602000154
02721196000139
25456112000182
02555905000153
04486491000183
07164711000140
96730809000148
04618140000189
01375207000103
00286687000173
08083318000195
05994954000180
05413063000193
02966317000102
03872497000126
05330520000186
03307150000130
03452053000131
07075384000150
08188573000100
08258343000162
08274678000174
08393726000143
08517301000107
08587310000166
08645876000105
08694525000186
08782873000105
08438961000194
02715822000265
09038030000161
09043362000134
09043392000140
09111027000126
09144608000164
09156055000160
09377976000152
09438825000167
09512513000156
08798468000185
09588514000184
65591695000250
10320807000165
10381270000143
09100467000188
10590007000164
09241158000128
10691222000151
09579132000194
10830704000145
10837462000111
10841681000174
10858931000189
10918419000180
07260050000238
11067462000142
11101705000111
11152442000170
11289326000105
11323423000169
11329826000115
11493941000120
40819062000225
11768448000176
11491468000142
11863874000199
72158165000601
11970849000104
01559455001186
12057503000182
12195635000170
12235794000151
08530703000133
12259723000199
12284810000104
12407080000183
12187448000145
12538002000118
12560006000100
11993063000102
11942792000130
12686676000160
12762123000149
12974197000149
12985513000188
13264949000140
30280358000690
10462477000142
60040599001514
12223287000106
13561135000178
13597136000172
13704844000165
09333102000101
13746609000156
13774687000164
13795847000151
13823740000170
13860181000178
14187278000124
14221985000190
14336329000132
09238340000200
14631657000161
14913245000114
25456112000344
15131757000191
15146626000188
15160094000133
15281200000137
08152444000154
08829052000187
10156973000178
10919350000100
11296575000110
12136582000117
12394267000190
15276971000136
10764144000259
04930429000481
15532758000148
09156008000116
11794158000369
15769612000110
16554428000116
16566588000185
10216338000139
08955615000183
13127520000101
16849094000108
16885192000109
16888191000100
05267928000665
16944194000113
17172326000107
17237681000109
61430385000200
14433455000105
17398901000186
17442090000173
17934454000132
14619648000155
18192496000108
00029372000817
11614643000141
14108524000105
14485035000172
14817957000130
54858014000501
16541292000100
17316838000191
03183450000236
10651086000176
18387935000138
18537343000155
18545209000104
11399015000190
18612794000100
18647211000186
18669729000110
18727945000175
18737110000104
18739378000177
00274838000254
18912372000150
18929618000104
19117659000150
19121760000185
19283539000123
19372740000187
11433585000150
19542911000179
19569067000170
19575460000176
19679938000108
19760851000160
19834932000168
14975469000231
20499634000148
20608438000164
09093404000222
20638890000179
20699933000126
20744922000110
20782880000102
20895399000123
20956481000110
09342946000291
21276825000103
21368015000187
21537809000127
21578376000158
21591291000100
21719710000146
21747056000184
21816618000102
21949316000102
21978345000194
22056556000132
04689134000201
22208295000129
22276490000196
22317152000155
22436766000156
22445814000172
22540455000132
22575433000108
22722489000148
22739699000149
22801509000176
22822011000190
22862531000126
22886054000139
22966132000105
23062195000108
23104000000137
20648835000160
23359559000108
23361404000106
23436958000125
22456558000119
23635109000109
23672530000181
23673923000100
23760500000127
23849153000103
19786685000171
14419879000115
13233991000102
23948361000160
23970075000109
23808365000142
24103721000195
09632818000363
24229530000174
19877178000143
24401032000167
08647266000213
18174173000191
02357251001630
21129833000127
24807226000167
24897838000198
21217564000231
24992189000104
25034906000158
17332837000130
25291158000199
25307090000199
22569484000127
20745101000107
20740314000138
40819062000497
13558813000143
18256841000120
13200579000188
08862233000105
22773307000168
23236534000117
18328578000137
22480963000172
14049510000168
22218306000151
21070300000117
25022201000110
18780259000168
13031041000197
13081454000186
15278228000115
22487757000194
13478118000171
13749500000172
21217564000150
09256651000111
15617149000191
20491245000176
18163098000163
25228217000184
16897017000123
13530909000101
20300329000185
23823947000106
24924590000107
13467624000165
24632970000178
09332654000197
08939895000136
07986530000280
10549219000106
13444848000151
21040744000100
24334193000185
22919510000108
15376044000198
16872762000118
25226244000118
12563589000115
16709130000138
08609559000125
10998456000146
21481712000140
15393047000130
12006241000127
19289761000133
17058263000154
19717870000104
18810546000173
21445930000129
11401369000122
14168104000114
11453808000140
11434970000111
16724157000108
12236355000163
25247984000130
10664410000190
18033179000149
09178448000174
12918336000117
22575103000112
25118206000141
08970028000163
11938920000171
18825937000161
23209756000221
26074338000181
26153589000151
26180747000162
26232599000182
26352874000100
26560905000100
26605152000101
26643703000121
26664831000151
26727391000134
26939880000150
27025521000150
27038303000150
27055127000164
27270238000193
27550717000163
27567571000169
27583607000106
27634076000125
27756232000120
28000731000156
28133851000121
28152271000181
11754622000202
28173124000198
28251789000172
28346390000175
28387424000170
28397740000122
28498680000134
05827947000356
28528550000105
28537797000180
28557257000168
26086221000118
28675018000102
28717044000156
28767124000116
00874929000301
28831916000102
28882147000171
28993612000141
29056952000109
05681102000214
29139719000190
27622775000155
29209513000199
29259075000173
29274147000151
02004662000327
29342431000118
29396682000185
06274095000460
29433105000116
11015655000230
28838867000130
29972416000153
29979727000144
30310725000147
30318918000144
30371871000182
30400179000135
00489050003108
19443457000280
30846723000177
30928977000134
30969262000120
31001462000157
31004107000131
31037677000128
31180745000103
31277655000135
29408508000296
26200375000199
31422307000104
31147034000137
31499428000154
31571951000144
13291742000246
31904234000197
32014051000169
32024224000120
32025551000104
01213619000902
08798468000266
32236071000184
32281801000169
32284992000112
32325628000153
32593430000150
32613892000192
32850122000163
33175012000106
33177196000143
33385082000199
33544734000190
33585651000140
33602999000106
06912821000261
33798957000184
33820702000170
33866196000150
33910863000155
34011468000101
34075280000119
34186181000104
34254360000131
31498120000194
34298816000165
34369445000165
34391031000132
34426476000100
28583002000170
34637297000112
34640255000130
34656453000192
34833294000154
29245165000105
08084215000220
34941061000175
34958244000101
35113338000134
35255509000160
35292548000137
32503512000167
28141734000100
35411421000190
08713023000236
35767836000109
27255624000106
35926033000141
31510988000162
36332835000196
35775926000133
36444137000182
36444587000175
36658712000140
36808380000132
36969811000142
36979350000199
37009475000159
37026734000150
35449371000130
37295988000173
37297817000183
37493927000110
30699366000161
37527543000171
37565358000171
35201209000106
37896571000166
37954697000140
38134757000140
34637458000178
38234368000197
38249580000128
38288061000179
38471773000129
38481940000112
38499704000123
38713943000134
39292307000149
39324410000123
39382495000104
39417854000103
37240782000146
08073901000204
25456112000697
33012746000174
39600162000104
39606046000194
39617665000184
39622679000196
39686773000109
39691785000121
00489050003361
39875754000120
39938375000132
40037943000103
40040193000129
36142691000105
40084106000135
40088838000101
40105356000104
39299133000146
40225899000165
40385405000100
40494931000108
40791134000192
40792385000191
40837989000107
40862263000124
40903550000135
40920850000122
41042303000154
05438137000499
41116084000100
38652252000178
28162060000120
41302176000185
41348044000194
41369724000194
41628548000168
41666759000195
41741438000108
40038243000133
04937243000969
41818340000101
35555105000272
41826925000173
38453466000115
34907123000122
37595348000189
39996260000102
40968252000123
06160236000252
30323616000164
37910878000174
42003676000189
42004633000118
42078435000107
42130775000121
42216381000190
37474214000100
42375447000195
41675817000147
42527401000144
42533105000156
27971020000166
42604021000166
42635718000102
42779517000170
21921393000227
14829987000409
42868247000174
27028077000126
43255493000113
36446663000181
34921914000107
43284531000247
43453564000192
43481717000105
43509262000199
43539528000146
43547696000183
43556039000100
06105362000395
43587171000171
21417440000380
43732484000176
43813982000143
40929669000187
42840861000128
36417420000115
41789672000105
28556353000191
36125079000124
41522674000133
39292033000198
37377575000138
26773826000187
27169488000131
40936508000110
36957099000161
34894054000160
35536845000180
34330826000130
36813448000171
38174919000174
37375351000197
41466626000175
42289392000109
40956808000161
41091089000126
31538876000110
43641337000190
33431729000171
27548227000122
29270470000157
32643034000190
36241914000191
36087317000154
33061091000124
41328242000196
36091431000158
41878461000149
39303048000104
40194469000123
33759206000159
33470409000120
34828628000100
36410536000122
34072491000106
35188646000129
00072255000240
58619131001294
43859237000135
43888923000134
12236355000325
44122522000131
44209455000197
39780574000246
32113121000217
44381245000181
44470438000109
44494796000151
44496322000149
44582544000184
44637102000198
03129105000567
44926481000136
44958863000141
44328371000253
45009478000110
45013947000175
45364849000182
45402560000100
45427847000195
10347925000671
45525196000176
02794555000501
45671866000162
45726647000133
04298106003190
25067657000288
45901722000155
46062792000120
46153393000174
46162391000141
46170969000101
06199958000210
46460306000121
46573239000151
46699404000116
46773075000106
46962804000172
46969905000175
47082465000100
47146058000101
47186650000137
68814961000335
47469354000143
45577959000122
47613400000136
24262939000273
47714367000130
47756703000108
47853686000127
48048845000183
28310220000300
48172565000182
12585002000250
48327592000187
48352601000190
48439128000182
48450565000105
48461812000160
48522914000149
48531988000141
48712647000172
48744363000168
29615962000307
48830868000145
48873938000142
48876525000111
29329985000509
24107733000350
48990437000146
49111483000190
01122234000255
48039993000131
49545330000151
49569592000156
49634087000148
14368486000200
49955228000124
49995706000120
50017574000140
50060798000135
50233367000123
50307162000145
50339246000160
50346141000139
50564385000198
50710527000188
50720839000172
50734601000104
07797579000376
50763323000105
50553211000120
50866080000130
50670910000150
49434937000164
51153921000125
51115941000292
51245733000127
51270369000155
48725831000238
51442912000154
48196341000291
51554184000172
51568912000103
51619502000136
51711116000170
48909933000122
51740794000160
51771193000115
51824031000106
45916697000264
51856117000102
51878710000150
51960220000106
61485900001132
52024208000144
52134097000129
51420700000176
52163357000194
52271720000195
52284347000107
52302804000149
47251710000239
52491225000191
52497357000120
52370597000160
52536419000166
52673716000153
34331513000288
52839056000138
52910397000152
52988461000118
67272757000296
53033961000169
04252742000408
53162701000193
53172105000194
53208628000143
53273357000100
07094705000245
53481509000160
53482993000141
53496027000183
53506891000119
53360338000110
53919689000119
54198228000167
54205374000172
43134552000286
54487259000138
54557320000176
54607222000104
54725248000149
54743439000133
54753465000142
54770039000117
54783152000137
05108702000298
54866852000195
54886905000130
31923850000357
54926987000107
54927549000155
55212949000147
55234800000169
55384524000115
13859375000315
55394578000161
55442589000170
55505722000190
55824425000107
56063348000182
56146990000125
56194568000145
56211715000148
56383931000170
10507884000200
54209550000144
29992682000733
57150632000159
57248326000150
57301380000111
57395140000123
57396884000162
49946883000116
57531614000117
57540525000137
57580690000112
30160323000294
57627504000153
05267928001637
57706106000122
32721560000202
57863780000110
44536620000115
90108283000344
57264481000160
58171698000198
58175386000152
58188990000113
58189938000181
58204419000145
58272067000165
58398364000151
58458602000177
07797579000457
58810712000156
58819161000191
58996449000131
58996663000198
59037837000158
49746748000208
59131363000109
59302981000174
59373884000172
59498255000179
59524117000117
59696078000135
59778215000180
53986675000460
59820737000101
60064152000180
29979727000497
40378412000346
60144534000113
60184950000145
60209170000102
60231082000107
60275390000134
60298252000170
60364352000158
60437949000185
60501684000137
14012086000420
60554023000170
30450803000451
60683176000117
60810643000122
60974948000170
61005865000135
61213494000187
61259892000134
34930584000205
48326073000366
61516008000108
61549494000152
61690021000170
61764777000117
61794872000163
61816303000171
55824425000298
46847751000149
61934144000100
56200419000141
54490497000100
87375952000259
43954572000112
61781045000135
57862165000190
45999282000110
56061624000173
45919542000109
33921755000340
57259313000186
59172600000180
51546076000158
15347273000265
58682435000143
54286492000152
50134143000164
11768448000338
61988261000156
62186894000103
62204033000100
62301642000188
62318105000140
62376156000129
62376680000108
62397753000130
62545845000110
62592260000150
28492207000220
62698867000110
62825982000108
62867407000178
62886229000122
63008374000173
17524672000280
63164049000108
63209793000173
63363928000150
63392624000111
63479271000191
63573789000190
60429812000260
63856969000189
63858654000170
63314817000154
64009623000108
64032523000100
63868084000108
18174173000272
64114142000162
64184418000189
32613892000273
64352190000199
64428731000115
64497478000151
64705109000107
09493758000345
64774203000118
64785771000114
64859062000136
65034608000182
65069607000173
65224298000169
65356866000185
65419431000132
63189361000148
65464193000187
19914157000312
48744363000249
65940258000113
66099053000110
66226303000135
66393134000128
66437696000126
66468381000146
10394359000225
66541051000139
66603803000149
66649210000113
66676488000180
03303105000108
04943823000101
03317061000175
04967408000198
00059062000179
01704290000117
01713785000102
05059768000154
05111584000196
01822335000158
05136679000164
03541994000141
00284181000125
00303337000178
05295083000107
05334383000158
05353872000157
05356421000173
02089897000105
02089972000120
02103535000113
00538216000105
05509421000166
05513028000146
02230693000134
05606122000140
00631873000100
03976713000183
00684551000111
02371251000108
05750635000120
00784178000170
04121574000179
05785002000157
08401564000652
04165836000105
08933848000347
00874929000140
04214934000187
04239658000101
04242860000192
02531792000156
04250578000157
00941019000132
04381632000101
02668752000150
04403080000187
01057428000133
06111465000104
35351493000199
01115603000100
06188236000180
01194958000123
56259294000125
06249070000164
74160490000120
47869078000453
04599470000174
04657412000150
57776361000141
02985070000171
39082755000118
21232368000155
06953315000130
04785103000165
04787833000103
39332986000132
06985800000195
03046548000160
03071823000104
07038163000102
01463618000150
07056242000146
01479465000130
07090092000197
04918888000105
07098450000108
04927782000160
01514955000120
01520390000193
22976138000163
07147652000100
07187316000183
07196307000159
07220524000137
07263897000195
43420629000101
07280087000147
07352606000135
44783769000107
07365058000188
06172760000162
62946652000170
07395985000140
26681270000107
46849303000184
64504038000184
64535479000143
84452937000198
65564536000185
85519296000104
86363215000192
29867785000186
30247191000151
67837039000139
32313421000169
54322656000150
72120744000150
91668137000174
55126981000100
06069729000109
07664981000110
07757179000175
08051684000162
08052528000116
07570445000156
02363464000198
04292715000116
07912701000146
00780568000172
01864268000134
05251493000156
03673445000120
05677072000191
04164446000102
04210477000152
06113852000171
04513957000192
06200971000161
02902707000119
04696105000188
07758951000173
58950775000108
07032636000164
22307771000169
53994497000177
07439893000115
07514758000197
07897656000106
07986530000108
08117714000196
03142794000388
03541994000222
05513438000197
06143957000173
06299211000153
03659046000105
07150269000101
03638597000192
05439764000100
01180208000100
37429628000117
01501323000121
31524291000140
07610948000108
66926486000100
58652728000188
01703806000109
00149493000126
00538849000113
04579646000126
06887510000109
02956130000128
03042213000174
64875065000163
66886052000115
07521668000123
05678146000104
62609193000130
06295656000165
60442241000112
00823255000154
06334972000107
02472743000190
00017436000193
07854205000183
08100665000189
78742491000133
73215246000154
01989691000160
06264520000198
03783294000163
01072371000141
06277201000117
00274838000173
08057020000100
23950207000122
00125206000148
05818584000120
04329020000161
05005011000188
02407183000190
03010937000136
37636818000105
06344785000104
85480622000117
59732297000122
74465287000161
07936790000160
06019570000100
01093409000162
69358109000100
42837757000184
04381656000152
08288022000100
08488366000163
08714895000138
08739624000137
08235519000160
08958658000112
08986076000140
09041742000130
09046469000136
09066005000191
09089720000140
09123145000154
09148139000151
09255362000106
09338719000101
09345237000189
09409545000120
09522170000100
09530500000100
09534332000120
09542112000149
09553187000125
09569150000195
09594687000105
09632380000151
09641865000101
09657493000101
09687635000183
10314658000121
20260639000113
10141389000149
10203274000131
10214391000109
10474392000184
10535809000171
10705246000112
46962122000593
10715223000199
10747105000162
10762594000121
10768101000160
10790876000132
10806205000112
10942372000190
65591695000330
11025554000160
03548035000239
61148037000318
11136865000104
11186851000197
11197876000196
11224757000185
11249140000114
11266338000106
11293887000170
11318264000104
11352270000188
11491544000110
31157910000459
11922629000105
12032977000170
12047978000198
12437644000120
12750437000121
12762841000115
12931328000100
12832590000106
13095589000109
13153134000194
12891935000194
13160859000100
13277435000120
13317331000100
13407082000135
13415600000162
13430441000175
13458946000148
13539712000125
13582568000100
13626917000148
13650709000184
11719442000109
13826590000158
13838303000120
13844830000147
01866908000498
14031332000148
10553612000246
14361780000100
14738325000180
14781714000199
15068892000130
15277824000180
15282764000194
08577112000111
20438465000136
10389446000103
10957159000152
11449180000100
11991495000184
13027836000121
20462151000179
05638301000240
01213619000813
09616338000147
15568703000198
15598003000146
15619387000136
12100924000149
15731509000181
10540439000160
08498038000148
16699594000100
14294666000104
14438087000198
12523524000146
16887603000197
05267928000584
17087101000144
14425382000100
12869838000286
17300304000177
17305750000174
12454719000181
17504212000109
17570629000170
17581504000145
17734283000106
17797083000194
11086951000141
13333090000184
07418863000203
18101439000176
18275767000199
10797639000101
13904476000107
97520092000172
15249521000154
15648838000163
15769464000134
12342435000101
18544281000109
19053897000140
04192876000219
18594836000127
19635520000107
19703850000184
19778492000179
19791588000177
19872248000170
19889520000125
19585158000107
19932840000110
20089364000105
20182918000106
16383159000172
20649029000106
21155993000140
21250422000195
21330796000110
21495540000163
01085207000250
21392644000142
21600055000102
21787033000101
21993550000129
21998716000108
22089421000173
22107389000101
22109538000171
22170189000101
22414498000171
22558173000162
22760964000170
05652247002230
22976509000107
23000972000181
23079853000166
23218934000108
23318170000114
23401205000184
15383101000166
05413063000274
23527618000100
20778471000132
23559477000107
03290250000797
23681142000167
23696033000113
23460297000173
23775909000117
23864079000102
23893161000157
23971167000103
24118004000137
24488304000108
24531462000101
24531694000151
16996080000117
24564626000199
02004662000246
07439473000210
24742742000150
24913962000108
20283140000202
24934384000188
24963254000173
25043655000178
25072914000199
25101992000174
19933651000243
25136641000107
25161630000179
25165389000156
25232451000185
02684571000207
10691222000313
23180650000161
54516661008005
22599444000128
13971092000107
15473278000153
10834841000158
13304467000177
17035364000100
23523263000180
17557433000145
10526783000103
11041333000185
23239321000149
19177334000163
15912659000191
19697328000137
17530495000163
00489050001741
24626549000154
10282784000141
11464341000134
09528371000115
18214364000130
19899651000193
25208728000134
21544585000180
21493219000140
09247597000148
24476708000181
15434359000144
22211763000114
06948769000384
08476098000160
20952900000146
10855295000131
08057285000290
12013255000178
08349479000188
11193890000111
25217235000160
13042708000157
22797134000118
12499875000169
18880225000145
08562196000110
20329307000148
10614086000104
23409666000101
15399485000105
22687351000155
23341569000116
25447067000108
09012033000126
17331559000105
13433445000107
19242087000131
21612108000105
12075378000133
08395821000186
08823813000193
11951465000144
11162204000145
22949768000149
26029220000131
26147597000195
26164075000100
26174859000100
26177104000160
26285812000114
26328672000114
26518793000129
26556283000146
26672624000149
26685436000155
11970849000457
26897296000189
26910377000171
26315031000125
26938846000160
27063931000195
04930429000562
27376022000107
27462568000180
27562505000104
27585260000122
27650356000127
27816265000119
27864197000163
27896988000175
27967393000163
27991080000140
27997756000103
28013023000150
28037727000162
28039395000155
28167665000103
28204764000118
28398277000133
26889274000177
28484821000160
28546470000174
27870531000191
28685008000158
28718151000107
28731351000191
28878042000149
29010653000133
29030802000126
29130664000157
29151416000192
29173278000142
28660024000277
29838820000139
29843853000177
29888987000104
29923517000134
29977347000170
30143167000172
30193044000146
30223923000173
30271032000192
30425983000179
30509862000105
30548313000140
30656264000169
30695013000193
30706083000108
30713104000104
27300682000104
27359494000151
30858273000132
30935188000120
31119752000108
31402792000154
31535015000188
31678640000189
31679527000118
31795687000122
31824502000160
31865659000134
31952323000109
32075059000135
32118115000171
32207192000106
32218962000108
32270160000147
32295559000182
32302852000120
32214590000141
32314350000119
32422763000117
32661819000196
32917343000101
32968458000125
32979909000120
33087575000142
31931501000115
33220124000131
33432257000171
33624319000147
33676841000172
86647138000364
33932061000146
33829829000150
33727782000114
34061908000127
34075789000161
29928032000133
34142066000138
40175705000598
34305994000176
10453817000250
34425614000137
02068375000542
34576158000126
34580987000182
34632108000119
34632625000198
34636296000153
34653278000180
34756337000145
58426628000990
35212021000155
35272834000130
35301149000195
35449691000190
04238951001126
35501079000119
31402831000113
35524889000190
35743754000116
12796424000274
35826485000151
35831212000103
33498926000108
35895934000113
28514262000193
35997837000131
28483271000164
36105733000138
36121635000194
36165278000166
36360046000169
36448078000110
36504276000154
36577973000135
36602953000177
36657293000121
25534144000230
28555652000292
27545324000242
36954755000172
36977902000120
37015798000155
36040646000140
29819674000102
11002975000256
37117374000100
23548662000791
37221478000151
37242406000190
37266139000191
37268922000194
37321892000132
28310220000130
37375030000192
37392177000190
37392223000151
08084503000366
37429866000122
37567841000195
37630133000151
33961969000188
34752035000107
37728496000124
27308666000168
37787506000100
37824218000170
37834471000105
33921374000107
37866328000103
37955238000180
38091081000155
07865568000203
36722359000110
38262708000193
38482591000153
38852097000133
38860853000176
38904085000105
39231117000111
35581117000190
39326609000190
38233509000157
27253000000400
39428104000137
39455554000119
39707734000140
33413914000133
26034663000200
39891996000108
39966868000186
23719874000280
40138609000146
40178330000196
28599393000200
31940808000182
40272615000191
38860751000150
37926522000129
34801656000125
40385406000154
40649293000157
40911648000134
40913184000103
33100082001258
40624559000107
41062262000168
41106718000144
41142539000162
32317879000196
35058885000164
38543243000149
41227287000174
38614512000110
27816265000380
41340430000130
41391411000132
41456965000170
41578249000166
41660452000187
40949490000191
41812254000191
33022418000230
41929830000185
41945802000151
28044057000101
28429050000108
40678752000120
30263428000198
32537551000185
41995217000166
33511641000160
42113090000177
11668411000338
42192699000189
42195026000182
38028373000143
31026801000150
42252923000180
27870531000272
38376928000148
42295521000163
40337585000154
42377169000105
42380348000100
42383212000145
38259712000100
41703093000106
42599771000197
42600850000170
42601834000100
42645332000173
42661705000108
42689754000140
33519386000282
28289799000105
42886575000101
42927326000109
42930907000108
42970254000182
43068326000163
41342194000190
43090089000137
43096349000181
43156738000155
43165303000177
42476649000123
43284531000166
08704960000306
21310535000210
43366408000194
07928753000372
40693068000118
14361780000371
43456296000162
43678854000134
40813690000112
43769981000149
43771394000194
43808090000154
37621404000102
35462689000150
27082360000136
40688203000137
28142898000151
34042779000120
01057428000303
34357139000109
26090108000106
31257978000167
39691109000158
35661814000151
41481017000195
37807251000192
27330676000108
39413837000106
42347169000162
42009130000135
27038303000230
40578828000146
32927076000153
29455608000192
26929102000180
42247960000109
38293476000130
36335229000124
35502250000104
34351642000157
41234158000103
34024955000109
36572225000160
38730037000148
26211408000104
37909428000161
31403578000112
33755557000191
32148204000160
40630374000105
30581745000152
27807613000191
03383476000228
32042661000176
37847408000103
27925233000151
31800201000105
40843144000124
39587538000180
35234214000107
43851241000157
43981674000127
44023225000139
44040708000141
44045877000174
44140153000100
32113121000306
44319547000120
44423191000170
44455108000144
44455460000180
44568221000136
44579772000103
44593084000190
44612586000110
44908982000190
45003125000103
45085395000100
09530330000244
45113381000153
45221943000182
45324640000195
45415626000105
45437594000130
45458646000155
45585309000129
45682287000115
45733582000153
02068375000704
45857111000157
46187368000101
46209873000100
19618161000333
46268563000166
78323623000354
46553175000127
46556092000191
46609482000182
46623307000140
46673758000191
46737580000103
46739643000152
46770170000156
46806155000110
46982679000162
47047126000185
26514212000261
47124362000158
47149865000188
47155680000186
26680968000280
47190369000178
47238488000153
47306353000188
47437050000102
47440716000173
47528350000199
06089071000270
28741962000382
47748479000102
47805412000162
47815698000167
47966123000145
40812666000240
23651234000285
48273401000141
48287231000154
48419347000108
48443242000186
44927981000273
46892210000132
48700980000161
05699386000357
48780087000193
48890070000199
48921961000165
48958907000194
29817321000327
48993519000144
49016508000177
49155953000118
49164641000170
49256714000154
49316753000108
49323864000133
49327938000100
49427608000196
49476741000132
02543673000385
49610633000100
49644526000101
49701754000168
49703717000199
13545241000320
49777941000125
49782513000190
49802920000112
49875336000197
49887394000130
49996817000150
50211450000100
12032977000250
50276065000132
50390495000180
50433670000170
47785505000172
50572169000194
30846723000410
50622615000128
50636862000183
17472278000245
50849767000168
49407191000108
50977080000108
50979927000193
51102455000159
51190263000141
51204792000157
51207857000118
51213743000180
51255942000151
51279725000100
51280318000104
51318993000185
51321582000149
51354375000190
51396743000163
51404217000106
51405810000169
58619131002002
51510074000109
51593659000130
51603486000193
51674106000101
51714260000160
51764149000188
51784889000186
51807514000194
51837171000100
51856073000110
52067883000150
52236576000156
44808617000294
52303309000154
52347551000120
52416635000178
52443862000192
52450443000188
47080630000268
49249461000191
52828583000147
52850652000119
07489498000651
52902816000104
52982674000132
10494583000370
52996109000124
53067862000106
53155111000133
53202729000107
53209030000179
05146498000380
53317184000184
53422120000143
53482173000150
53520395000110
35517786000284
53538552000114
58619131002266
39321083000580
54030315000100
54453651000166
54472530000161
54531612000130
54599169000139
54680261000129
54823115000105
54541100000154
55064475000133
55128727000140
55150069000193
16434877000392
55405855000194
55326803000122
55555794000141
17879231000624
39303048000457
39303048000538
56036718000516
44392202000100
55840296000140
55845600000142
52530001000141
55990143000180
53848637000280
01565698000236
56092314000116
11970849000708
54552376000138
57037456000143
57087971000138
55813940000191
57238907000100
57275870000190
57414092000173
35519909000720
57541029000106
57793675000152
30060762000225
01963220000779
57979147000192
29992682000814
58030493000192
58085104000126
57079575000169
58131098000104
58264306000135
58267221000100
58368050000106
58392692000140
56089729000130
44864996000159
58505047000197
58532278000190
58653451000108
22077351000214
02068375000623
50824402000189
59066486000103
00740696000788
59351669000170
14012086000349
54846379000265
02917280000203
47730876000157
55925547000190
48046541000187
56322489000172
11737964000214
36964294000208
13047802000280
60192562000106
81178469000460
60516428000113
60523915000103
55671476000146
19834932000249
60802710000167
60824001000182
60893411000185
61008451000160
61017032000194
61025941000174
61029818000121
61110231000142
61192411000110
61197769000136
61245210000134
61300843000106
07788510000467
61365481000123
61489722000146
00904728001543
61574411000185
58251076000170
61588048000157
61791613000189
61796858000107
60967992000152
61895896000109
61895896000290
60079348000148
61368985000105
61771120000187
44986195000166
53012731000113
54806915000118
54975309000126
29817321000599
45550410000144
55426794000141
51321234000171
25070026000218
58148366000192
61988097000187
26246836000245
62126706000151
62139645000167
62229662000195
55388745000242
62266009000104
62447713000155
62537681000189
62587724000130
62627751000190
62699719000110
62750287000124
62759144000183
62953126000138
63025755000160
00538849000202
63117083000113
63162217000118
63227746000152
50520596000200
30561107000250
63455434000104
63482156000176
63504165000110
08767786000340
36698362000226
14875460000500
02536122000203
63785813000154
63789710000162
58619131002509
63865494000197
63901591000198
63925224000124
63986987000185
63992686000164
64008459000114
31831575000260
64093183000110
64120262000172
64124929000105
64377375000158
64403867000170
64523972000143
43616957000331
64703444000176
64733105000132
64750939000156
64860530000192
65120466000176
65317896000182
65331471000128
65332588000126
65390597000173
65478806000135
65504952000198
65618987000158
65625319000158
00417145000605
65710148000165
65710822000101
65736788000144
41836567000260
65835139000109
65840386000195
65976141000190
66187636000100
66194116000117
66304795000130
66320303000108
66391135000133
66476346000179
66498598000107
66547249000120
66629843000160
50475290000289
00028682000140
00061118000120
03346817000104
05077346000101
03431523000180
05099702000198
03455093000137
05133297000187
01846257000121
03512566000190
94868742000187
03535605000175
03580760000103
05262487000102
01988262000179
00391108000152
05364473000191
05369110000149
05392115000192
05434539000172
03775753000167
03787326000107
05477945000112
00512932000113
05498387000171
02223342000104
02377474000425
05615586000112
02264362000115
05627769000158
02276015000102
05667867000119
02310953000181
05699386000195
04038944000109
04214934000268
04088991000167
04106730000122
05775405000115
05782548000154
00819931000116
04228124000180
00928073000148
05938962000100
07820166000101
02643718000121
06064197000109
39362611000204
73416497000105
06650593000118
55645188000117
04509730000173
04511146000152
06204103000150
04562830000163
06253085000104
02869511000170
04632715000118
06321563000168
01280030000161
37457918000174
37637709000102
20510061000106
06880912000181
20858411000120
06912821000180
01356745000150
01358508000129
06921375000170
01371480000160
21114947000101
06944481000170
03008369000139
01391755000127
01398405000192
39309927000143
05336395000111
07002721000180
04834049000109
40179558000109
01448525000157
07046809000101
03094766000170
40782468000108
01501826000105
81178469000206
03134944000140
07095991000182
07133136000119
07177076000136
07179449000108
07180499000105
07197536000198
42467308000191
61430385000111
61485900000160
07259095000101
24463234000133
81178469000117
07377531000147
82075748000118
26657981000138
08819724000173
48791685000168
85345528000155
11740271000108
67630541000174
51115210000166
67814863000173
87976122000104
52108719000144
32892317000176
53159364000185
16055659000185
07474233000175
07546660000111
07622439000103
07716570000121
07726133000199
07731299000101
04666364000166
07224944000191
07993655000157
08100512000131
08108744000136
07608000000118
39362611000115
07479327000137
06912510000111
05124469000156
01963220000183
07021336000180
03543099000166
07580887000183
01414471000109
02936819000190
08008710000170
00209804000103
03738854000168
00597306000177
04086552000115
04123520000142
05991790000138
04368356000133
06053495000101
55502454000152
06234705000150
01205815000170
01486078000120
07171033000143
03285836000178
07337632000194
07355206000183
82161506000147
66581935000117
40334484000472
89086177000247
07415627000152
66877184000180
06893534000170
05229301000105
04103254000196
68470871000102
02462826000106
05857218000180
05810141000193
01899504000158
05992055000149
01366497000129
01676238000102
00278183000101
04886103000151
04948334000142
03463578000172
00378714000138
00384119000105
05655522000145
02565450000157
04303413000104
02715822000184
04640002000104
02956455000100
01456373000134
76264076000277
90930967000165
85050110000110
05753148000110
00647935000164
25294299000165
04576614000177
00310007000100
40391849000158
04638761000124
00407920000129
02868581000103
08072196000131
01005728000179
02362983000131
85121986000100
63067904000154
02710990000187
81337735000107
03167627000120
68814961000173
08211767000171
08263457000109
08365575000110
08415839000100
04737413000295
08435221000102
08482393000129
08708934000194
08731236000100
08774997000149
06107711000227
08830154000112
08860262000138
08874248000193
09012472000139
09035854000188
09045754000132
07326871000220
21551379000874
09210219000190
09238340000120
09254427000190
09321004000146
09322796000173
09361618000151
09396523000173
01449930000351
09467409000197
02323120000589
09581782000174
09586279000101
10313672000100
10201443000102
10203553000103
10226301000191
10259706000126
10278031000162
10453817000179
10596721000160
10675016000158
10729586000183
10926482000169
10978692000109
10997556000158
11015655000150
11025041000159
11165027000150
11214345000164
11232954000146
11274275000130
11357754000110
01733345000206
11470375000131
08219262000234
11909227000170
10349885000273
12080295000132
12257361000105
12358373000118
12387086000136
12395267000104
12585002000179
12607190000199
11396649000190
12754779000110
12825688000128
12869838000103
21998885000806
10507892000175
12967916000102
12978801000105
13008903000160
13047802000107
20359612000182
13160884000193
13169056000116
13264773000127
13343315000183
13442393000135
13505233000198
13656820000188
13760045000106
13789876000100
13535892000177
97534101000184
97545905000189
14071358000110
20394073000112
20395396000120
09222496000112
08787799000110
14142417000101
14155712000194
14189481000130
14196852000100
14224864000100
14296864000107
60040599001867
14522518000108
14562232000148
14571126000120
11909227000251
14595915000100
14613663000196
14622553000190
11690313000305
14784339000130
15167207000122
15340450000109
15346274000104
15351833000174
08800570000178
09020873000130
09044700000152
09060800000172
09090958000195
20442743000129
10698323000154
13063042000113
13943408000149
97543701000109
14630535000150
09032626000235
13745560000117
15452833000160
15567441000147
15707603000103
15717208000101
15717917000189
15754713000118
15914568000195
13349364000123
16575756000107
20465945000196
16865282000120
17015015000126
12323166000128
93741726000247
10496525000113
17480863000106
17627138000118
17700567000173
17767622000142
06344785000368
17819414000140
12375009000166
17827281000153
17968739000194
11333454000109
18032947000140
17510152000137
18200674000103
10983985000176
15385119000105
16958390000147
18361937000158
18412393000106
15317545000101
18451598000109
18544864000130
18588698000173
21477534000264
19018239000117
13191277000271
19164646000132
10499969000102
02887124000247
05731550000447
19362617000185
19367167000113
10445253000394
19493480000106
19623312000180
18628083000123
19691725000100
02794555000420
16926811000158
19843031000132
19914157000150
19975496000147
20167363000123
20503395000152
20507396000175
20666675000181
20795107000180
20853918000190
21099607000140
21155050000118
21394659000140
21402819000155
21498124000119
21585808000158
21589055000159
01541283000303
05343029000432
21832130000160
21833723000141
21942567000157
21995406000121
21996505000128
22095575000178
22122781000120
22142815000148
22183053000128
22210679000186
22278987000143
21551379002141
07295190000241
22577162000120
15069036000107
21317051000200
22654814000182
22656922000194
17812882000273
22774865000148
22838257000150
23218187000108
10683410000138
23269243000125
23465414000191
23548642000125
23642244000173
23690525000100
23836222000144
23979080000174
23983219000153
24096709000109
24146959000106
24157114000108
18409783000127
23789314000110
24363329000185
21877187000186
10822670000228
16681953000100
14031657000120
24827036000101
24874529000100
24908918000100
24996224000163
25067657000105
25107828000174
25156130000149
25164770000109
21900003000151
25240936000110
25249213000182
25319168000195
15597861000176
25390019000112
16537643000109
10824341000135
23318722000194
20516664000115
24537048000100
23119193000108
23442519000125
19870779000124
97533241000138
13687697000162
23055741000175
13889622000164
14307984000162
11462374000145
10493078000149
09248801000145
10795977000104
16925870000101
23745339000112
13198427000198
23848387000136
24327606000102
22765195000101
18019528000178
17690423000183
17881461000113
17879231000110
13640053000119
20086456000123
10323929000105
22055723000120
67340125000301
22034392000142
18228827000112
12289045000107
09605493000168
33250713000243
20903261000129
22539826000166
19807546000187
22229359000178
18993994000150
22798871000135
09530330000163
22387151000187
20035118000162
15560072000160
23550035000108
08953996000161
12828039000180
14648377000166
08929488000148
11089732000116
24579215000177
15338566000103
19425029000143
20380251000156
12209712000102
14681125000139
24740641000140
23066393000131
22615527000163
22256832000106
17045398000185
08323951000103
19107970000119
18055259000103
21282437000135
25101992000255
26009223000103
26084880000115
26168820000180
26174873000104
26203038000155
26234743000110
22685501000272
26374106000149
26394514000162
26457700000101
26499522000173
26514212000180
26574380000161
26605954000111
26681240000192
26715034000156
26834212000168
26929209000128
26944094000140
27089262000120
27129890000192
27130979000179
27193102000127
27311107000107
27313181000162
27382313000108
27391609000195
27455068000111
26527362000129
27602134000139
27619819000198
27631980000187
07302461000249
27877252000150
27995362000116
28121649000180
28232421000167
28297614000104
28370715000155
28467174000188
28492207000140
28542115000127
28698923000188
28717945000148
28729142000103
28757183000103
28780586000173
28796078000183
26538266000186
29044634000128
29078442000132
29080430000142
29177608000178
29270269000170
29398322000112
29686370000106
26744746000101
29778282000134
29810540000112
29829913000105
30050002000156
30072205000143
30244576000165
30280131000130
13598814000200
30370034000139
30576229000130
30645136000110
30682077000150
74289828000229
30769219000110
29923517000215
30961595000102
31043343000167
19585158000280
64094154000504
31174800000152
31338863000105
31794085000150
32026955000104
32085624000145
32106581000137
32131853000159
32133941000190
32150065000100
32618917000140
32668107000107
27175212000166
32798804000174
32886167000198
32053476000187
26563364000173
33305769000177
33438221000103
32929819000124
33617360000196
33650335000104
33657031000179
33976208000108
34035029000120
26605954000200
30946264000101
34331513000105
34439085000120
34549281000158
34682490000175
34734726000170
30008649000110
35153207000180
35167731000100
35189987000119
35206827000130
35229486000119
35233502000147
23351545000229
35300822000172
29796759000104
35384169000177
35503714000105
35711409000109
35748377000108
35772501000170
35786296000100
35822821000198
35900411000118
35948864000114
36035318000155
11006037000305
36120816000104
36159799000100
36183190000177
36392321000126
36393228000136
36415661000125
15032175000239
36698362000145
36715699000113
36877185000164
36923329000171
36948457000170
37154308000100
37164588000129
37240428000111
35679451000181
37339674000125
30296096000148
37362562000195
37652626000192
37652941000110
37750997000107
37931064000116
37965618000104
37973234000125
38091429000104
38107799000192
26833831000138
38376832000180
38412496000183
38427429000132
38539619000141
38860298000182
03943181000501
39443398000176
17302417000292
01437707000556
39674989000154
39754158000192
26645979000149
78742491000303
39870895000150
39889098000115
33591347000105
29877177000152
39986482000136
48791685000320
40039060000132
28931422000108
40071827000100
07160019000306
38313558000108
32840508000194
40393432000124
40395266000103
40420060000188
40457521000197
40458772000196
40522557000107
40523791000159
40697959000142
40763879000148
40785984000188
40818674000112
40844857000102
29617146000243
37326413000170
35121328000140
36658639000106
41056026000139
41112615000197
39738969000108
41543461000198
39528169000154
41756829000104
41818144000137
41844489000165
41849700000132
41866356000190
41921235000101
29435615000122
32679844000105
31040252000178
40671804000218
42135121000190
42214818000157
42259902000197
42286389000123
42322740000194
42360789000131
35278586000135
23548662000872
42244267000174
42596532000183
42639607000166
28806866000103
42793892000175
34850802000102
42913540000106
42827418000117
43152507000173
28724894000181
43313553000107
43422189000113
43447783000169
43471183000136
43492364000149
43498361000112
09342946000453
43574302000186
43640488000124
43644546000198
40212777000134
43738030000102
39287155000196
30162373000120
26207955000108
37817604000135
43462492000140
40738795000154
35099649000196
02068375000380
30737411000125
34742297000182
41973624000172
31315603000106
43214359000174
37267575000185
42336259000158
33435426000127
38073815000173
34562495000164
40373280000106
34318729000122
42048232000160
28786494000109
39291816000157
40291204000143
27731891000102
27230965000127
43681259000158
42154637000182
36758240000105
41267194000173
42677636000112
37351602000284
02543673000202
41575998000130
39786045000179
33257811000121
32002102000132
36858780000152
37405150000195
43669075000172
32494340000102
26680394000160
37820873000150
32723440000163
42602258000108
07830873000251
35841366000178
33667347000141
38468472000146
33978411000105
06143957000254
37378514000195
35684267000120
28537011000124
29198229000164
07866991000562
42261804000194
43853300000126
43906605000159
44115454000183
44205333000122
44284342000156
02220795000250
03129105000486
44945642000139
45030413000157
45066151000180
45141847000124
45153536000185
45212514000149
45272579000180
45278597000179
45289694000167
45344402000141
45419693000190
45459875000194
45293736000133
45632687000116
07038163000374
44737358000177
45734817000121
30203451000278
45847950000194
45871737000118
45876449000156
46055645000122
46060384000139
46151057000192
32618917000221
46196849000183
46218328000180
46251384000116
01414471000451
46367872000193
46499964000127
46520521000170
14197433000355
42214818000238
46797348000152
46886062000143
47013473000197
47030248000169
47034757000160
46847580000158
47094428000104
47156405000187
28173124000279
47520369000199
47568349000198
28741962000463
47720632000193
47782854000130
47824114000110
47844602000199
47895284000195
47912507000185
27548227000203
48112771000105
48196341000100
05823205000271
48342184000102
48346978000136
48365245000149
48400224000117
09336705000230
48508275000167
48512170000181
04252742000246
48559162000190
48569302000101
48584906000127
48657794000197
48706431000102
09507865000202
48788217000134
48805657000152
22919510000280
48883024000162
48886273000101
40790727000304
48901596000127
32198434000215
00986846001203
48973913000110
49014752000109
49043216000123
49130101000176
09420486000604
04657412000230
18031325000369
56259294000206
05858031000282
03541994000303
49768555000177
49835938000110
49962938000181
50075451000166
50137440000163
50281820000177
02176757000247
50484774000103
50102411000247
34771518000221
50657739000149
20782880000374
50694319000132
50699072000147
11466379000227
50856013000135
51216777000129
51229351000100
47665647000104
36328186000311
51312463000120
51326826000186
04153435000208
51366594000190
51384258000170
51495121000192
51501449000174
51533860000121
51671146000108
51680276000107
13533397000200
51815935000167
29458690000290
51939311000151
51993003000104
52004543000180
52005003000111
52029933000105
52036916000103
08517301000280
52184733000127
52188195000149
52229554000169
49803822000108
52242239000171
10201443000285
52307265000130
52356536000148
52405897000137
52448548000100
11970849000619
52592426000185
06047204000245
52745887000140
52899204000100
52907214000140
53108966000103
53120542000164
53159986000103
53289255000182
53305832000182
53342372000162
04562591000575
53367964000139
53436845000190
53441926000189
53471748000139
53649991000102
53697191000159
53744719000101
53800743000102
53804198000122
53863249000197
53956269000102
07519095000608
54102505000196
54167263000119
54197885000190
54216949000152
22365426000262
54337470000174
28741962000544
54395940000156
54728173000150
54431690000162
17029090000227
54494050000282
54886658000171
55150960000120
23775909000389
55271708000179
55272800000153
55273498000158
30928977000215
54477525000141
55435169000166
55464617000150
55492463000100
55510799000158
55664857000106
55695983000110
55702209000199
55866769000189
55980802000105
56008919000186
94811510000273
52006613000210
56098960000190
11970849000880
56217564000135
56264172000127
56306727000156
56894732000127
04995710000230
57202224000101
57202480000190
57210701000172
46285660000167
57321163000193
57419181000102
57426344000184
57434396000100
35519909000801
57516824000136
11234649000274
48638033000198
57567940000184
57727945000127
57805480000185
02555905000404
57921182000150
08992424000949
57959179000207
58036416000140
55388745000161
58170295000124
58186567000184
58216228000101
58218070000109
44808617000375
58234985000108
58240782000116
17094914000323
58304617000180
58322019000134
17879231000705
58352699000139
40079747000282
58423158000154
51031749000137
58470926000120
58569357000175
58607969000105
07519095000799
58740908000111
58558359000169
59060844000170
59088904000163
52412910000185
59162176000192
41422455000344
45720538000109
59272544000155
59334682000111
08311856000270
59550732000106
59564949000167
59658771000113
11957190000237
59790068000164
04298106003602
59886731000129
59950416000113
59972023000100
30928977000304
45146902000179
60056081000173
60058428000117
60080649000191
56032581000106
60322665000143
60369341000160
54334646000134
60418325000110
05932395000346
48196341000372
61058306000193
61181051000151
61194194000106
61195589000115
10515403000712
46354621000174
61303726000198
12501562000289
61403106000120
61487426000106
61516768000107
36257530000329
61562663000194
15914568000357
57730406000147
30724423000204
55824425000379
58187957000179
61941679000108
58222371000106
59466700000119
05535945000202
55580148000134
48789878000184
53474008000156
50068160000140
32227222000219
55768987000180
58917643000184
60929506000101
46672090000168
34771518000574
60976564000196
61962867000112
80392434000547
62169217000187
62190458000108
62203357000124
62222285000162
62228313000159
62406396000129
62436066000186
62447193000180
62510352000144
42705273000262
62602186000106
62727857000165
10268780000532
62767771000166
03135603000350
62790171000119
47044512000202
62991092000176
63021170000172
42160812001035
63171834000180
63178154000198
63183298000132
63228793000110
63247742000136
55029933000284
63278639000153
63289005000104
17029090000308
63420968000197
63487285000157
63529859000102
63634932000106
63638733000176
63639415000120
63779239000121
06143957000416
63829232000177
63844178000139
93248979000526
20903261000200
09588130000242
64007386000146
64104351000125
64127966000177
64183976000120
64218974000129
43453564000273
64405959000190
64423283000167
62545317000160
64651487000155
64761599000169
64809688000138
07580887000264
65011296000191
65030221000158
65097256000104
65118733000170
65199018000100
65381839000162
65461638000175
65563465000104
65650742000108
65667469000124
07519095001175
65709812000156
65755348000134
07295190000322
65993130000118
64026646000120
66057180000156
66094738000173
66351009000155
66467196000137
66604464000115
