66622686000160
03401533000173
93809515000118
05148274000146
03574532000120
05240044000102
96433446000189
03713140000103
03747147000138
00453569000102
02133280000131
05503158000106
02191396000127
03887273000198
00611032000123
02886035000367
05627042000170
02378265000153
00761457000119
04141417000125
05820996000103
08813164000301
00839198000100
05923827000190
02546584000120
04279134000144
02640254000108
06048721000158
01048931000122
06083528000158
02712739000151
06162876000110
07824183000109
55738371000167
56125750000144
56129265000149
19298439000170
06295500000184
06302430000144
04633775000155
57434045000191
06955654000155
04888718000117
59909796000142
41369026000199
42031377000158
07268528000195
07292218000106
07378681000175
64565732000101
65772113000150
49106206000190
85258374000164
66306192000177
86834785000113
68215359000110
88743828000180
69288397000165
53275657000128
33125618000137
71307003000110
54762737000170
07621771000145
07847584000184
04022745000102
07908605000124
08010930000138
05812411000103
07781224000127
04665913000188
05436994000107
02170093000128
08040525000162
02765728000130
07560009000104
05989799000104
05338871000133
02150041000190
05584978000161
05646059000175
05965184000148
06289385000135
06373461000196
06878583000134
58212291000161
66187451000198
67850107000108
07565403000127
03996482000170
01700145000168
04061844000101
01168722000112
04554827000106
07080046000107
72948425000138
07590798000118
08080132000182
05401626000123
59776369000133
05882889000100
06253604000126
05937351000147
00106698000124
68240233000103
08260480000131
08530386000155
08707593000132
08683782000112
09034674000181
09075306000181
09200017000167
09353479000114
09539086000108
09602119000109
09622505000162
09250949000114
10302434000108
10360156000137
10245577000117
10625784000105
10825952000106
11183697000108
11425342000170
11526219000145
11592215000165
11626616000199
11640177000179
61254884000286
12121275000162
12233089000115
12288531000100
12302128000199
12319896000155
12477053000187
12524919000163
12623590000198
12808964000140
12880168000118
12892685000107
12160377000197
13262716000109
13335155000120
13404740000135
13624129000112
13891147000160
14242485000134
14340177000141
14543804000141
14692250000144
14979893000173
15059127000153
15239912000198
15286576000134
15296241000105
15382911000106
09276426000147
20441553000197
10507498000137
12261945000146
12382176000134
12559500000147
14414332000127
14849539000124
64565732000454
15458522000109
13500229000137
15745087000101
39827100000202
08665795000169
10339526000154
16771791000193
16801266000173
17040383000124
17250787000142
17362501000110
17362933000121
17442154000136
17450516000130
17472161000180
17507331000115
17691042000119
12829424000142
17736564000190
17757879000113
17825523000170
17867089000190
17919326000110
11893962000133
12372655000170
15536690000175
18364300000115
18384196000120
18452213000110
18477269000129
18513884000143
18598935000187
18649933000170
18664175000169
11564050000118
18951126000107
19213559000128
19267423000109
19411775000188
19474690000149
19531239000116
19607802000192
20070217000185
20647621000179
20801421000129
20975524000105
21130053000105
00106698000205
21749200000111
21759192000194
21799632000137
21949803000167
22086502000110
22186181000125
22243785000166
22290414000135
21730803000171
22332200000184
22334362000151
22342361000159
22643812000198
22750480000140
22828673000177
21447306000160
22873388000178
22945741000188
23160517000143
23161595000162
23229725000151
23251525000103
23338559000121
23507311000147
23618876000100
23729389000106
23731398000131
23753797000101
23795203000117
23808883000166
11954734000126
23962965000160
24053171000147
12680009000170
24194331000178
24446388000117
24573213000170
24624515000120
10207105000170
24951555000187
25098461000170
25169790000164
25271228000147
08939438000141
13217162000128
13876607000181
17218081000101
10206943000129
11813064000128
21086391000189
19850046000128
19741756000110
16537534000191
09507640000167
23846170000197
24296947000150
11243123000170
20982902000188
08434728000133
23648790000111
24865181000187
18151200000100
09178505000115
13735614000163
24631724000100
09043180000163
14520747000185
19728348000128
23217787000143
21431284000140
22183463000179
21666351000106
19926814000180
17449511000198
23270370000144
18152896000190
26007988000104
10625784000288
17215332000439
26168835000149
26170770000176
26271179000105
26287017000165
26304925000110
26372825000120
26417661000100
26493103000124
26510051000157
26524045000159
26557156000161
26558935000181
26735037000151
27155972000101
27179619000161
26327406000177
27308421000130
27323152000181
27358045000199
27550267000109
26144747000107
27733801000112
27947748000152
27976255000140
28098746000107
28310080000109
28351873000168
28522960000130
28524190000165
28153537000100
28862997000108
29050335000104
29131404000104
29139071000151
14772598000494
29295949000148
29511534000164
29733303000103
29904228000198
30118839000190
30180031000132
30192247000118
30227447000169
30407004000150
26818960000157
30017026000294
30873623000130
30954575000104
31047738000138
31066176000170
31138152000189
31161827000100
31370799000131
28185283000102
31564986000156
31567804000109
31611845000147
31674411000196
31880279000179
31900156000152
26113372000207
32117432000173
31725293000106
32516271000190
32516420000111
32541413000170
32586433000167
32751498000110
32814871000135
24055427000236
32959151000168
33135786000103
33442194000134
31225941000157
33654941000106
33690529000133
19731313000300
33987096000182
34115395000190
34204247000141
34418771000115
34496350000102
34623562000103
34822489000107
34834199000175
34851074000153
34857248000195
34897061000115
33724376000289
35283337000138
35472172000142
35697336000130
35732333000190
34862332000105
35924768000136
35890794000190
32884331000128
36532096000186
36601324000122
36648895000112
36850268000160
36863516000107
36913489000130
37062433000181
37116437000103
37241582000108
37451067000152
37507080000186
37541558000194
37567459000181
37668081000102
37885369000139
38435686000116
38481577000135
38615193000168
38648784000131
38650874000167
39409017000132
39447922000187
39505272000189
39540863000197
39556256000115
39559822000142
39759225000161
39897794000173
40005893000182
38595075000135
09592455000380
33659143000169
40311371000109
40361342000151
40471978000156
40475679000190
40506630000157
40520648000103
40540456000169
40600478000177
40871838000175
11813064000470
41191608000128
41213616000128
40549026000108
41254758000133
41370004000149
41386142000116
41404394000120
41590599000148
41736399000150
41738381000198
41806281000151
31061218000180
41864171000146
32144548000100
41942404000181
33246765000165
34864588000143
27815198000118
26443657000117
38146309000167
41973127000174
42031177000103
42086228000196
42512609000190
42649885000102
42769814000135
43025631000178
43160196000194
43166968000103
43282562000188
43284104000188
36196740000192
31523012000396
43354085000119
43376922000100
43412638000142
43562553000140
43667448000176
43787481000130
29385609000108
43716563000193
30943793000143
35423145000180
37721473000198
35298569000160
28420667000162
26554408000107
39672887000108
26665124000180
41991483000110
41630364000132
26065567000130
34778499000184
29106735000186
43085906000169
26767313000163
42427874000170
36452749000117
40388468000110
29191775000173
39965716000169
26094004000170
43902083000117
43936066000109
44009308000173
44133126000100
44159074000140
44214877000150
44282340000128
44291002000152
44316796000161
44464877000109
44503429000177
44591606000114
44666986000109
44872078000171
45121371000160
45175756000100
45502208000147
45545560000160
45623002000175
45725287000155
45725326000114
15670940000246
45905920000197
45937118000189
45942367000162
45974739000132
46026394000158
46032531000167
46063927000171
46080213000171
46163353000103
46187040000195
46318001000180
45284235000190
46364864000193
46485459000123
46520350000180
46146873000108
46873483000130
46922984000169
47134915000153
47164433000146
47265873000190
47517106000120
43537889000234
47876386000163
47932141000106
27090854000324
48155800000108
44307896000121
48336801000159
48599926000171
48637616000102
48806571000144
48920286000150
49013150000129
46660568000130
49241958000163
49309674000161
49360568000102
47798950000177
49427056000116
49489426000140
49624926000147
49801872000148
49802969000175
49985201000184
50022544000122
50077343000122
50244442000151
50259299000171
50262425000147
46299268000177
50288559000137
50292539000130
50404879000105
50466364000130
50548420000185
50560441000116
50642903000144
50679949000138
50786100000163
43970799000151
50809690000100
50821653000100
50838412000173
51003723000185
51064937000161
09308343000788
51203523000176
51355826000104
51437068000173
51567370000146
51604117000115
51733347000184
51775562000148
51787336000187
51821543000100
51871694000173
50963260000211
51956330000196
52000372000111
52070542000134
52090765000163
52245181000110
52541302000170
52764411000157
52808316000108
52813119000187
52860620000102
52994219000157
51379934000206
53076398000106
53166261000142
53683373000170
53748341000106
53993210000194
54001668000182
54033464000123
54077844000160
54155475000186
54194282000134
54222057000164
54240960000158
54378916000109
54413010000188
54555406000160
54603900000152
54613130000129
54665894000168
54710500000146
54733580000155
54780108000173
54820818000180
55076144000113
55180933000108
55224219000166
55330085000168
55338221000166
55346776000150
55358250000190
55421683000142
55789833000175
55808362000103
55823799000108
55931831000179
55941270000199
56197542000150
54089780000117
56428263000150
56438775000106
56503523000105
57172175000101
57218642000189
50951873000158
57469269000139
57502301000130
57683958000141
57711421000148
57963238000130
58073464000108
58077038000142
58126880000127
58160963000132
58166725000134
58271678000199
58287123000135
58346161000111
55366474000143
58361953000165
47775921000190
58472265000172
58587065000165
58621162000127
58678505000190
58721241000100
58762292000180
58775270000154
55379504000237
58830934000130
58867528000142
58901947000153
58942375000150
58943494000128
58954117000194
58964026000130
58990942000144
59053880000107
59216921000139
59223324000131
59234232000157
59242864000162
59376767000162
59422781000155
59434596000180
59490241000109
59506232000169
59571002000183
59572076000134
59576393000129
59637245000177
59688261000199
59696282000156
59699547000170
53713870000174
59845575000158
59894002000114
59916173000105
59999668000137
60078512000100
60157865000198
45126336000214
60208137000168
60210452000120
60267269000160
60267302000152
60330563000170
60344451000178
60358602000147
60538771000169
60543456000120
54849154000262
60682588000132
60730584000182
60756052000114
60964458000192
60985559000140
61068475000104
61197484000103
61523927000109
61587279000146
61606995000123
61666573000143
61760007000104
48056820000121
61795280000166
61885592000160
57991386000168
44291556000150
59714885000133
52748405000106
60848425000187
61953217000100
61983660000124
62149324000143
62171212000199
62191297000177
62212943000135
62219835000194
62360199000116
62491155000125
62599648000183
62627368000131
62658100000167
62737768000108
62775033000160
62805468000100
53608472000279
62968588000129
63214849000188
63302613000101
63370650000149
63466318000182
63468889000156
63515111000150
63567544000150
63628925000100
63676635000123
63846611000175
63853412000194
63910964000197
64000879000154
64136136000106
64205562000154
64276243000130
64316932000120
64389474000150
64447619000121
64509930000158
64519753000190
64643194000126
64711819000140
64744926000174
64811855000185
64841440000154
64841714000105
64895054000145
64950911000162
65212735000124
65222422000157
65264208000163
65273560000165
65393734000123
65416142000180
65447474000121
65500736000174
65508847000127
65630616000191
63264564000232
65662433000158
65727477000119
65788091000117
65808465000119
65988542000160
66021574000154
66030088000100
66105004000142
66149318000147
66157214000184
66204568000132
66234313000112
92054089000359
66335443000141
66496445000112
66567809000108
66639507000106
01689648000180
01742820000111
05089122000110
00182339000156
96370150000166
03626457000102
05416664000150
02105839000110
05477974000184
00538581000110
02192202000108
05596349000151
03957022000132
03963740000111
02268771000190
03997034000190
04038666000190
04091480000102
02421175000106
04192608000116
04196711000134
02492440000139
02517045000163
05916930000103
04362672000106
04505414000123
35737378000157
06314874000108
06329477000100
01275927000105
37391869000114
38040358000110
57665879000108
06974693000108
07084030000172
07085320000130
07154746000107
07182557000130
03223068000128
60795069000180
07272293000105
07393133000114
46699500000164
26993899000184
41291485000105
84543586000120
65939951000176
10741791000164
85313518000138
66576901000134
30015341000100
88452800000194
68547314000142
14842496000155
33331455000149
91256032000108
34131326000170
54405097000141
91731091000190
17220054000165
07530382000104
07590306000194
07592243000105
03435929000131
06368291000232
07886022000140
07785340000203
08110747000104
41387382000135
03353369000176
04211697000109
04545613000165
07741749000139
02007943000171
01092828000180
61156915000185
05467834000125
03950717000192
05781427000198
04258543000164
04468202000113
02877290000181
02892705000196
59267344000104
07123486000102
62057872000143
07360218000104
66124165000183
31526049000106
54979596000142
08075697000171
08114718000110
03073842000161
03873058000138
04119104000170
78777349000121
07459906000118
02844354000148
03175865000187
01749033000100
01793813000149
00227804000128
04236325000129
03240111000163
06263241000100
06031035000174
00707220000150
04133700000105
02491222000180
85142966000116
08431435000100
08972724000109
09067163000166
09185613000115
09277779000161
09308343000192
09323977000114
09481301000159
10322684000100
10386067000160
10396734000195
10267140000184
10706749000102
10914812000104
11032280000136
11102683000104
11123199000161
11139112000144
26993899000265
11362776000178
11387504000122
11863175000149
11921026000199
12209089000180
12609291000107
12654835000144
12826538000139
12924017000114
12940258000157
12991498000180
13087485000144
13109424000130
13482048000125
13529807000168
13629123000138
13739525000195
13777407000171
13933318000177
97533581000169
14148883000196
14376344000104
14683765000188
14990166000107
15020049000183
15266428000158
15315478000188
15331771000139
15369348000128
15398968000195
11637565000109
11659657000181
12224422000120
12562749000101
20454299000161
13832909000158
14081254000196
16537497000111
10386310000140
16862908000144
16911913000108
17029464000123
17054196000108
17243421000146
17470210000146
17470586000150
17565454000102
17815092000160
17899623000140
17958822000182
17960666000194
18211081000134
10422466000139
15012798000169
15013814000138
15770030000154
17945535000138
18343787000150
18388263000185
18618869000160
18740161000187
18900672000119
19166682000135
19374899000130
19676227000180
19678917000178
20158001000176
20563385000102
20710397000112
20724528000110
20754787000194
20826941000196
20901171000107
20972124000146
21062903000177
21095520000103
21292562000126
21543015000176
21591542000156
21644909000152
22028516000187
21164145000106
22407868000143
22729262000124
22773738000124
22929042000144
22989717000140
09308343000516
23434589000131
23510037000165
23512646000153
23573978000148
23679243000101
19417655000198
12534188000137
24039865000120
24486546000162
24490845000170
24584168000150
18644946000156
24760733000192
25188052000164
25198552000187
13941839000176
18854164000141
09283931000119
18954000000196
18190053000188
08752690000147
20971821000182
24390101000184
64565732000705
22711582000157
18207202000174
10293655000159
12776946000123
17786026000100
23662577000164
22505565000163
21316569000130
09115120000109
17742679000197
12316000000184
21742163000110
08512613000110
25912661000114
25990118000135
26113372000118
26240264000106
26281348000198
26284709000150
26294020000106
26484414000127
26517077000127
26568008000142
26676462000117
26856012000106
26895762000197
27004953000184
27065467000176
27289159000124
27625483000176
27669022000103
27502692000122
27686988000140
27810925000154
10754480000210
28190624000138
28197924000149
28211079000119
28229950000101
28508041000102
28532987000104
28561535000150
28561936000100
28667811000160
29171280000182
29241535000136
29353904000182
29422354000106
27918873000134
29583709000149
29755056000138
29767692000180
29795607000197
29878813000160
29894945000186
29919682000112
30099779000105
30109632000159
30116957000169
30160571000154
30215286000193
30245150000126
30248284000109
30262344000130
30329967000182
30443649000148
30450296000103
30514135000136
30528207000102
30528637000116
30834736000126
30918827000140
31091926000163
08616569000430
31410003000127
31478210000113
31608039000110
31675110000187
79411542000298
31707475000146
17507331000204
31862951000101
31966327000146
32411322000110
32467010000128
32856886000166
32878812000120
32964100000124
32968391000129
33093973000171
33133834000124
33920254000187
33388603000161
33491822000171
31486579000259
33494987000105
33537479000159
34209768000191
34284213000104
34423048000124
34530219000114
34624275000118
34724684000196
16443353000287
34900776000180
35070475000139
35108228000184
00449242000248
35381662000133
35405934000198
35455395000100
20913702000254
35499916000112
35946626000170
36014237000179
36100025000104
36188383000110
36291124000110
32551894000102
36472483000174
36665969000129
11813064000390
36826476000123
36867819000106
36912431000171
36977532000120
28932442000195
37313512000118
27630772000244
37609303000116
37832237000149
37937636000174
11621054000271
38026356000177
38066842000119
38245797000160
38413250000126
38546109000100
38830761000143
39145583000184
39579077000101
39797599000171
40190244000107
40509222000159
40589224000103
40592117000126
40631660000195
40661853000199
40739786000188
40832096000179
40839576000161
33258882000149
41007976000173
41042251000116
41128304000116
41255825000134
41259327000160
41266203000101
41345820000100
41380810000106
41491516000163
41612983000102
41625741000145
41787799000195
04052284000200
41978914000109
42053184000106
42057767000105
37598342000165
42092955000166
42217615000114
42309301000141
42339431000127
42392051000156
34425679000182
42719082000179
03846192000301
34034282000160
43290099000116
43541701000140
43769479000138
43820987000101
33855847000107
34089602000189
27354569000101
26831853000169
42209939000100
28283755000160
27000577000150
37714462000180
43606351000153
35352445000115
29556375000114
30310001000101
31763561000176
38049521000106
37971498000140
35356045000188
27744743000122
34195106000100
43992531000110
44071168000163
44210229000126
44323405000136
44525966000118
44631284000190
44651175000134
44801353000166
44807862000104
44963402000167
44984950000173
45187169000130
45417520000132
45528870000176
36703298000224
45653799000153
45713668000114
45880081000108
46021898000185
46045486000185
46054550000194
46223730000152
46259221000180
46268674000172
46534146000118
46540550000102
46621143000111
46657020000130
46689092000160
46698991000129
46778950000142
46787548000124
46828036000169
46853062000147
47071160000195
47200716000104
47240758000160
47300684000100
47353830000166
47364697000143
47644995000197
47901603000128
47970853000110
47500240000119
48448687000159
48469989000103
48536653000116
48583284000112
48762290000137
48852608000170
48946175000112
49063665000133
49117243000101
49161331000100
49209611000133
49377813000194
49556016000174
49578547000168
49584009000186
49638347000153
43773838000201
49724714000131
49798541000104
49805926000143
49890719000134
49904362000104
49993374000144
50020026000170
50106284000173
50176404000109
50204140000150
50219183000109
50289273000176
50323425000100
50395724000150
50478846000100
50530623000144
50631207000132
50854452000109
50909541000105
50950647000152
15397431000372
51413312000168
51610128000108
51653838000115
51680605000101
51680680000172
51707112000118
51762660000140
52081745000126
52097744000170
52143446000179
52211728000166
52234086000110
52282642000124
52327067000139
14772598001709
52348898000197
52519132000128
52664607000170
29310360000252
53267917000113
53531635000181
53540974000124
53684357000100
53726347000182
53741040000150
53753202000170
53826555000153
53893994000189
50259299000252
54192244000142
54200512000120
54229785000106
54268840000169
54281291000162
54293987000109
54621234000185
54621853000170
54657560000142
54665553000192
54699634000103
54816189000114
54825976000122
54830718000134
54840950000153
54957347000156
55007519000193
13674885000318
55194747000110
55254493000188
55418369000100
45906469000122
55503761000158
55796695000151
55824968000124
55879185000148
55887479000111
36920045000202
55948101000180
55997402000102
56268013000109
56431764000196
56608758000161
56902192000186
56953199000127
56964837000105
33099419000282
57120413000127
46701849000193
57178569000169
57179861000104
57218656000100
57321015000179
55391257000103
57627322000182
57728618000190
57893284000100
20049489000284
57995481000130
58040896000112
58043099000199
58051016000103
58072212000164
58139144000103
58156706000127
58191383000102
58218891000137
33979946000362
58264278000156
58267110000102
58325665000155
58329432000120
58069509000170
58522295000146
58575336000162
58659741000169
58666590000176
58714413000118
58842531000101
58890533000176
58949224000124
58956688000168
59110889000102
59391407000130
59476851000158
57088923000164
59488784000191
59513731000183
59517382000178
59526226000173
59556047000189
59567274000100
59583995000103
59704451000152
59765314000128
59801417000104
59804494000100
59846040000100
59861384000180
59870028000122
60121002000160
60324197000146
60400759000193
60426689000142
60436812000106
60475942000158
60574745000196
60622023000160
60668454000167
60668558000171
54849154000343
60797721000104
60832620000119
60901752000155
55446016000114
60987576000116
61031592000101
61038852000162
61056788000142
61223674000140
60190666000181
61373276000100
59084272000160
61451983000177
61550212000137
61568808000164
61603245000106
61673662000117
03898190000366
61766561000190
61781515000160
61789391000160
61797823000184
59981510000130
54144590000155
52968782000150
53656696000175
55001914000169
61974373000158
61987216000187
62045384000116
62056952000184
62079636000128
62113119000128
62243130000102
62265816000102
62377942000140
62768534000110
62932401000137
62942542000130
62979330000128
63097936000100
63127826000136
63189825000116
63336989000129
63344330000114
63605431000100
63615766000109
63626269000106
63648956000114
63654392000122
63665925000171
63666666000101
63693403000183
63705260000182
63741647000194
63771725000101
62739716000162
63445724000169
63960152000156
64000892000103
64003892000167
64086803000193
64132978000190
64159159000136
64240513000152
64243257000157
64317622000120
64447092000135
64476448000169
64608773000138
64670972000176
62497339000100
64689309000113
64819144000157
64855572000135
64987782000187
64999088000180
65059405000140
65172958000105
65215768000128
65350995000166
65358302000181
65371118000171
65375787000111
65473429000141
65758756000140
65794382000118
65809111000199
65874941000108
65893545000110
65913411000113
65934027000105
65972237000180
66028306000164
66033677000134
66033888000177
66056061000189
66073140000106
46063927000252
66094174000179
66150663000109
66182245000195
66292593000115
66311361000167
66335675000108
66380605000163
66393740000143
66418100000140
66500667000161
66572682000115
66598445000123
66661342000160
66694203000133
01714158000196
93281418000103
05028694000199
03387187000116
00182995000159
94618493000171
03554817000108
03588789000131
05272226000165
03613226000156
01991262000128
00396338000104
05423548000168
03784448000131
03907270000179
00620634000147
04016774000161
04081738000181
00773943000157
00815983000114
15814072000301
05900878000105
05995096000199
06030904000146
02664144000178
01039545000174
02674503000178
02693737000162
01086155000155
04454455000138
04469836000190
02744600000190
01153678000177
01168096000164
06227610000109
01202083000164
02833246000170
02847115000141
74441007000185
04627028000104
06789533000180
02890384000190
06919185000119
03078046000111
03097547000145
40605743000100
01487947000131
07114448000185
60275633000134
01594818000142
01629690000105
07244580000101
07264025000141
43234707000175
07334682000118
25369182000101
47273388000168
27487032000110
07400217000138
85227551000145
50314525000170
30572978000199
31121650000119
16167058000164
54402482000135
72401169000164
72596919000109
92054089000197
92055375000177
08012927000153
08050566000130
05507933000193
05660464000148
05687040000177
02675449000185
04493064000122
38903191000174
00280627000143
05269499000150
00879907000172
06045535000165
01027176000108
04686835000106
60284346000190
01590603000153
01604232000111
15111784000100
07746848000103
05388419000186
04127669000108
05335854000142
05811060000108
69354694000161
03355742000128
37495785000120
30450746000168
73538472000176
03570190000170
04419691000113
01584367000162
02777832000144
01644550000106
04553443000160
74860792000100
00346659000102
93963502000107
08169102000147
08666165000109
08946224000100
09055620000100
20235158000158
20236886000184
09450715000110
10360430000178
10208897000105
10455775000105
10457937000144
10583057000114
10892137000151
11148969000120
11248625000193
11286871000130
11554587000105
11684348000161
11882238000104
11895233000116
12056851000135
12147445000188
12194849000122
12248056000149
12355523000130
12812122000161
12884630000155
12974022000131
13519077000114
13605366000136
11242378000118
10908562000191
20397461000157
14318532000186
14381831000165
17220054000831
14627925000171
14729555000183
15405570000139
10685966000163
20444908000100
10809660000171
13056325000138
15468548000138
15543183000169
15566248000191
15768079000172
13434615000178
16772357000128
00101657000579
17083010000130
17086643000100
10809350000238
08668943000107
17215332000196
17457659000174
17599104000167
17884600000162
17885767000148
18092194000168
10318514000143
08827128000135
11660501000110
15079182000105
17915947000125
18351178000142
18393534000190
18428520000165
19095167000101
19096824000135
19299209000126
19458402000162
15391721000147
20620789000190
20660710000155
20681965000102
20860587000116
20879897000182
00618841000590
21282209000165
21640174000199
21713205000194
21747061000197
21822851000190
16684484000175
22014954000196
22169384000103
22204778000155
22224572000197
22233470000138
22255978000137
22256074000126
22277108000169
22340463000135
22832644000189
22833515000105
22958802000141
23042790000173
23081386000109
23085466000132
23086128000115
23363967000133
23439589000124
23467957000148
23707593000126
23804565000127
23886833000105
23959382000180
24243631000108
24316461000136
12154538000130
24553373000158
24595309000130
24687274000169
25206530000111
25284680000143
25454194000126
18545790000156
09658979000164
15005235000143
18843686000148
22548304000120
12002530000158
12421022000104
18038312000150
24844955000193
21635318000119
19948861000124
14681778000118
11881949000164
22473801000107
12990416000183
15257625000100
22145325000103
24294359000187
11361047000105
20028029000199
13449706000187
08229764000165
10450755000141
09442874000173
10500743000184
20875695000162
10752320000151
13886948000138
14242627000163
12788036000160
25977903000158
26072281000181
26122546000109
26199454000127
26265133000183
26325899000106
26427808000143
26624607000136
26673055000156
26902876000117
27335562000142
27541893000139
27698947000174
27792945000140
28008307000158
09658979000326
28240187000110
28243719000172
28344534000154
28416117000170
28426889000192
28374729000228
28628297000153
28762849000111
28852023000143
29058821000160
29374184000131
29540870000135
29594688000167
26198905000101
29279101000125
29780938000153
29803623000184
29805172000114
29850046000181
29920398000166
29939701000172
30008755000101
30424798000160
30544277000146
30686135000113
30712561000184
30767187000114
30822177000134
30832587000166
30838081000164
30852378000184
30925778000172
31030956000160
31077326000140
31133670000100
31176143000182
31261869000113
31262940000182
31294851000118
31336178000131
31486579000178
31505672000182
31551693000134
31740821000198
31754194000144
31897401000110
31926412000180
31979273000153
32259410000148
32602121000108
32696661000190
32724283000100
33238768000157
32654567000178
33334967000169
33365639000120
33635802000127
33738776000162
33769573000133
33809447000165
28660755000131
33849497000257
34412564000153
34547339000124
34549489000177
34625157000124
34766075000108
34867567000181
34873911000145
34915201000130
34959968000161
04505414000395
35065132000186
35192543000132
35458001000169
35497509000176
35663989000106
35679312000158
35821938000157
35872085000182
36064468000197
36137831000157
36196024000105
30982322000144
36279126000194
36320387000100
36320438000102
36320875000118
36443027000104
36464145000190
27307848000114
36614294000199
36648799000174
29737882000154
36916829000186
37227380000101
10368118000554
37373678000120
37401958000102
37594291000101
15583243000681
37699862000164
37749281000190
27390480000281
32347345000102
27090854000162
37868961000122
37923246000145
30297169000116
38120126000172
38176635000117
32151042000110
38231682000116
38248758000116
38371277000101
38732058000100
38947707000182
39141462000164
11033849000269
39325298000145
39343783000141
39460439000132
39510313000125
39833156000199
39998030000174
40057970000148
40155971000125
40188713000145
40417062000118
40550091000153
40625703000120
40777319000142
41057295000110
41057609000184
41264923000138
41651312000142
41701367000110
35028110000227
39339489000166
30355514000120
41217821000161
42144712000124
42218331000142
42394177000160
42520344000171
42630906000130
42775371000195
42961587000145
40652099000120
42681088000102
43077245000120
43126350000101
43335039000172
43481650000109
43535386000149
43613696000134
43681714000115
31706149000114
30640325000108
22934039000208
43784019000189
30023994000122
35932567000180
36232725000152
36868838000149
39781129000110
34523689000150
34066516000150
42935773000100
41282952000122
43028022000172
30766637000154
41621094000101
37044613000130
39612974000161
39922632000148
42847300000150
36405882000112
40672247000179
42516545000103
32173848000109
43887890000108
44079786000150
44135281000165
44200031000161
44361552000109
44385374000148
44577022000194
44661243000146
44942190000131
45034875000142
45060088000175
45075198000100
45244136000185
45260730000160
45361164000182
45386314000102
45401366000100
45458047000131
45489956000137
45505621000165
45541293000152
45557614000107
45571061000147
45573608000143
45614755000114
45621236000183
45696872000174
45760191000128
46036338000102
46065287000139
46169327000192
46334619000133
11813064000551
46548958000112
46698964000156
46705531000180
46724192000180
46744431000163
46761262000170
46839920000107
46915825000137
46923274000153
47089896000190
47101828000108
47142694000165
47237198000195
47358033000171
17243421000227
47630192000183
47736835000178
47742112000181
04469467000489
47833659000192
47870649000127
47931039000196
48059819000150
24984767000594
30446436000331
48134991000121
48149143000196
48186975000182
48197801000115
48528786000140
48561170000171
48587428000109
48623958000165
48713884000158
48731274000187
48755064000129
48935131000197
48964849000101
48996451000157
49039839000122
49333851000145
49356394000104
49449684000100
49565822000109
49582856000101
49627853000147
49654675000143
49730268000178
49733318000170
49889304000140
50136876000138
50218921000101
50433001000106
50475013000195
48749810000171
50726156000122
50828787000152
50885711000169
50963260000130
50978705000156
50982441000104
50983900000174
50991279000190
50999297000119
51051467000100
51134034000100
51243882000157
51552866000146
51640930000140
51733044000161
51751011000144
51834394000114
51911066000174
51996223000191
52222209000101
52332457000105
52433490000113
52515085000144
49329838000112
52980625000160
53060128000107
53143401000167
53203361000100
53253929000199
53269556000144
53429470000131
53498958000110
53609193000149
53741192000153
53896039000103
53975548000113
54023573000160
54044625000184
54047013000145
54053064000180
54077916000179
54128288000103
54164719000197
54177739000100
54280827000125
54332883000166
54336678000179
54582278000143
54761492000167
54806718000107
54849154000181
54891787000158
54952145000111
55077738000149
55097966000180
55176454000100
55219662000149
55302796000129
55337704000146
55447028000163
55492605000139
55511138000147
55672147000110
55731670000170
55765907000133
55808572000193
55827550000170
55863848000136
56027000000130
56027067000174
56071971000187
56100471000126
56113254000170
56379008000165
56690474000167
56777194000190
56902774000162
56923608000142
56935658000140
57102175000127
57164292000115
57198867000110
37765342000293
57249426000109
57324663000189
57334691000187
57460707000106
57647097000146
57748301000115
57759381000104
57955884000155
57990746000107
58015798000125
58066041000160
58095867000158
58149512000102
58161668000109
50906747000181
58354813000160
58364615000187
58407948000146
58462708000144
58924620000105
58981975000128
59043873000124
59182280000149
59228293000101
59264791000100
59294425000101
59353101000199
54831791000120
59490992000125
59535688000157
46315607000161
59639308000124
59640019000145
59661890000125
60079615000187
60111675000130
60166090000117
60184684000150
60221680000103
60258590000189
60270648000100
60402463000101
60410138000190
60512815000181
60599907000140
60649164000176
60657040000132
60659738000197
60762348000148
60827659000148
60895054000194
58769200000193
61119784000166
61131178000166
61144161000143
61193198000161
61251581000129
53821458000178
61322567000179
61489756000130
61554498000129
60363923000130
61593795000183
61672602000180
61703621000126
61709171000189
61710795000116
61839152000177
61853414000158
61917073000137
51354225000187
61254945000124
61815170000119
49299004000101
56423324000197
57402770000188
59013892000108
60943588000149
58640365000160
61969534000115
62096062000104
62134579000132
62183646000109
62251445000100
62336014000138
62354804000146
62453581000174
62465664000183
62515121000123
62535688000161
62574313000100
62620280000198
62638268000100
62726976000101
62838434000112
62944511000119
24779301000204
63139195000175
63144437000119
63166460000104
63237000000120
63401066000103
63402528000107
63402942000116
63445912000197
63640350000132
63691726000138
63701710000169
63703522000170
63737254000107
63549275000107
63887371000157
63991797000156
63998781000175
64013359000186
64026096000140
03846192000573
64182388000171
64204257000148
64328097000149
64502125000100
64559848000138
64590792000184
64601261000140
64685307000156
64735777000187
64782753000189
64791052000106
64940053000175
64960920000134
65025508000190
65069915000107
65096578000139
65481896000113
65575583000124
65585763000197
65663659000173
65746770000123
65886809000108
65903772000189
65920096000151
65927199000143
65985720000107
66033029000188
66068091000105
66240622000103
66280993000100
66325597000152
66413208000140
66502408000170
66505229000196
32920425000296
66554903000122
66631489000108
66644872000109
66696982000106
05005494000110
01708145000104
00160177000155
01845588000147
05205490000186
03548456000189
03589270000178
00325222000184
96461793000115
05438175000107
00491983000106
02117371000183
02120617000176
03898190000102
05595239000175
00704872000130
04067663000184
00772638000140
05794384000266
04141277000195
00814436000114
00823959000127
04162481000192
02484642000139
04233751000109
05895955000178
01003712000127
01073658000196
02734863000118
02827783000107
19313972000164
06292658000109
37269115000196
02907469000134
06376870000146
59677302000222
02944273000110
57765778000109
04744382000119
02975293000158
39205760000170
01426883000169
01436593000104
07031738000165
04896624000190
07116295000105
01528485000153
01532362000196
42326074000162
61023297000103
03276453000133
07237529000172
79964276000140
07366066000149
82020306000174
83590414000145
83646695000100
65677023000180
28443224000197
49151814000116
66732272000194
66864505000102
53233920000116
71870604000137
07532289000139
03811093000122
07868551000110
03931743000173
03278216000101
03837179000124
08038782000160
06244060000136
78411576000139
93602654000176
05271470000103
02224417000163
04058036000187
58071515000162
33993858000153
54848205000150
07639469000114
75095521000250
07084638000105
03077699000186
05006594000161
13008818000100
63744312000120
01814786000143
07454989000152
06099886000159
01230146000196
56867989000190
54177910000173
04469467000136
07378544000130
05598623000121
04710702000110
04926680000120
08325791000131
08335632000118
08365867000152
08387064000107
08422763000132
08488028000121
08756019000174
08911589000191
09093375000118
09178100000187
09336768000105
09430720000161
09609613000103
09813519000163
20269295000103
10207635000118
10268620000160
10526700000178
10657720000188
10661909000144
10715443000112
20283130000196
11071652000133
64565732000616
11156570000191
11247544000179
11278961000189
11347793000136
11738425000119
11800628000198
11582977000180
12067522000190
12072597000169
12093436000151
12266253000190
12349089000185
20334903000116
12372746000105
12444640000170
12643251000173
00101657000226
13208420000100
13464654000118
13530315000192
13580770000100
13610861000133
13740970000175
10719427000289
14111582000198
14112421000119
14169069000158
14398984000115
14427430000107
14448929000192
11833873000100
14754532000129
14807306000169
15082367000179
15105181000198
34241067000725
15270696000143
15322644000173
09535000000160
12816037000171
13107928000111
13155082000195
13159513000191
20455256000109
14599303000187
07785340000386
09178505000204
15484731000127
13839837000170
15609348000158
15733292000149
15779677000147
16382800000154
16582395000118
09608549000138
16781398000180
16857449000100
16987102000182
17028702000186
09043757000137
17228637000132
17281779000163
17415130000198
17843486000122
17878813000181
18163991000199
10464090000125
10635220000145
11347180000107
11700643000164
14685020000158
15170843000103
18417205000132
18424752000145
18530387000153
18627296000130
18742945000144
18910357000172
19012316000121
04133700000296
19114150000154
19181128000127
19202942000180
19373031000116
19400960000177
19522386000120
19572656000107
21102834000188
21678104000120
21715980000189
21891070000157
09308343000435
22017512000101
22192045000148
22223284000118
22257814000149
22410131000180
22400302000190
22539218000151
22808451000192
22990728000140
23110100000176
23243167000189
23533104000167
23571749000194
23635380000136
23664387000186
24040877000174
24117385000130
24150974000110
22066523000173
24370240000146
24457784000140
24537655000161
24624713000194
24779301000123
24792361000186
24828942000120
24830353000187
24842195000185
24847184000198
15318119000184
25218417000156
25240445000170
25382770000177
25423707000131
18704588000120
12538056000183
25682526000120
19334679000183
14469612000132
20149028000100
23765417000140
17414994000195
12159097000169
19547613000171
11775036000163
15378147000197
12054719000194
14307840000106
16937444000198
10694385000198
20803602000194
22743984000133
09414968000139
18017642000169
17072223000167
11213507000140
08843433000110
26082512000138
26122163000130
26203425000191
26949781000159
27117321000127
27128824000106
27569777000128
27697128000102
27764130000157
28036875000162
28059185000129
28128158000160
28252029000180
28345542000115
02007943000414
28468119000102
28524461000182
28728347000174
28774709000163
28853485000185
28869831000113
29008358000142
29310360000171
19166682000216
29776042000109
29997514000145
30306949000185
30446436000170
30521418000105
30522888000193
30624236000160
30628437000135
08616569000350
30801840000114
30876121000162
31239849000146
31277720000122
31330139000127
31524488000180
31560211000102
31624789000185
31539150000100
31999114000110
32069150000148
32178995000171
32284148000191
32317460000134
32335464000145
32346966000171
32421285000120
32684352000108
32822086000124
32920435000140
32956525000191
33115094000101
33250890000149
33285269000110
33325257000172
33383568000198
33433215000155
33678676000198
33698049000119
09308343000605
34010762000190
34214283000196
34335666000112
34351364000138
34523755000192
31633575000175
34741382000126
34836359000115
34936908000123
15560381000211
34164305000231
35177361000192
35395696000187
35476914000108
35572041000137
21802551000300
35647896000180
09086394000206
35715821000199
36087382000180
36155954000110
36211540000161
36280389000113
36481868000106
36601958000185
36663653000106
36685699000118
37045248000189
37144503000140
37159247000165
37408559000165
37580706000180
37783247000131
37802225000171
30258137000101
37926012000151
37958954000111
38030705000124
38158225000143
38208411000140
38309610000144
38337464000241
34010423000104
39432161000190
39452288000170
39469380000143
39474529000182
39505332000163
39566155000125
39600244000140
39683585000127
30776149000128
39541041000120
39775787000107
39836312000175
39943388000108
39945774000120
39973105000162
09283182000200
40193679000105
19731313000490
40350788000180
40397252000110
40503826000198
40606652000199
40611841000150
34012615000150
40971404000147
40995453000110
41078948000147
41213594000104
29255402000208
41469820000104
41471280000101
37755073000101
31791169000130
41673400000145
41796298000175
41814801000178
41920619000100
36404756000143
42139241000166
28278118000103
42165119000164
42382953000101
42525082000138
42610739000165
42730129000103
23042790000254
32457303000124
43039059000104
43046938000155
38342038000115
43207948000125
43604456000173
28208559000120
27097987000160
29193045000101
29213661000187
40840832000130
29064453000163
37093491000172
38247023000178
41509724000142
41581160000159
35641456000115
35951772000193
34468106000136
26394570000105
43924965000183
44016401000105
44238967000181
44476184000136
44578780000127
44581704000170
44656789000109
44778989000134
44866752000105
44961692000100
44991582000190
45046496000172
45167065000164
45187569000146
45285237000102
45291522000128
45423511000154
45494228000113
45497706000149
10753460000306
45770646000196
45799647000163
45812566000156
45832523000132
45890380000115
46036300000121
46078568000126
46594367000181
46661662000103
46762468000114
46855846000104
47013663000104
47373019000147
47491679000122
79732897000360
47620629000106
47643065000119
47791555000162
47851858000123
47862973000101
47897598000127
47897978000161
47901122000112
47915716000182
48012905000108
48093288000112
48197802000160
48347815000178
48374646000165
20852623000361
48820511000186
37033460000207
48853739000172
48856551000188
48980455000147
49120030000120
49167925000110
49170581000107
49321285000151
49415479000116
49599393000190
49677611000168
49909752000169
50096146000150
50120796000194
50152571000110
50219915000160
50285422000129
50433814000198
44361552000281
50487929000165
50576259000153
50587056000162
50824241000123
50833661000176
50888615000174
50897439000137
50904775000160
51087127000120
51110735000109
44651175000215
50776410000105
51216879000144
51220310000152
51304227000161
51383239000129
51412349000171
51473051000171
51502382000192
51598901000168
51612811000184
51700231000149
51711030000147
51883688000136
51951095000160
52018020000193
51812341000100
52156028000116
52173164000114
52248468000101
48578765000130
52315002000173
52357278000114
52365550000108
44209380000144
52438241000110
52577763000101
52578167000138
52663651000165
52692732000193
52712901000100
52757026000182
52848063000104
48385809000105
52899288000181
52938962000190
53107635000159
53390062000113
53418095000124
53495489000186
53499931000142
53542939000144
53564706000142
53584551000106
53641891000121
53673313000177
53755735000191
53798794000147
53818575000182
53851559000191
28229950000292
53867106000153
53897383000109
53898195000103
53920451000103
53920763000117
53944291000132
53970608000105
54151498000112
54349251000105
54409650000114
54440294000100
54450976000195
54587636000100
54750924000134
54774317000104
54785202000115
54956029000170
54958717000170
54970162000181
55071330000160
54990955000162
06055045000816
55113376000102
55185477000180
55367897000188
55382369000106
55455915000183
55581665000128
55632622000124
56039699000158
56096299000184
56320015000191
41369026000270
56920543000181
56944709000108
57261104000177
57337927000139
57545463000156
56931252000270
57455599000175
57706832000145
57878763000157
52176792000234
58036945000143
58111614000120
58160139000182
58253877000174
58321484000150
58329034000104
58385653000116
58425908000127
58508711000151
58558921000154
58649970000100
58673791000109
58703197000105
58738484000150
58752386000178
58775978000105
58807980000119
58878659000125
59072398000114
58683569000189
59350387000159
59399826000118
59499493000107
59501888000199
59503874000104
59519971000195
59530617000161
59550240000102
59649181000124
59662066000190
59852134000183
59854145000100
59877500000159
59990683000114
60006206000150
60008439000192
60010392000100
60022344000123
60262274000180
60372248000105
60473674000135
60543761000111
60611682000109
60744361000174
60745112000101
60765566000136
60855176000157
60857290000116
58779213000143
60947408000105
60960941000107
61022267000174
61051656000128
61170273000179
61249378000118
61655936000145
61693423000129
61786480000152
61800279000182
61800406000143
61835776000116
61850162000103
61882624000174
61909544000165
61935202000110
61516298000181
57366235000119
52235221000142
33011598000335
43916984000168
60224362000198
55975086000160
61559185000163
43995473000189
61998314000110
62132440000150
62145789000126
62166092000131
62175073000171
62215518000108
62221792000181
68370543000649
62283655000171
62290395000161
62352087000113
62452225000136
62554426000144
62574302000120
62603305000145
62893492000149
62904609000142
62928440000160
62971513000105
63262630000154
63264564000151
63282421000172
63288665000162
63321641000168
63430735000175
63532773000139
63585926000106
63733103000180
63853476000195
63853991000175
63863696000108
63903469000150
63934480000188
63975786000182
64111751000168
64204608000110
64252693000192
64320521000109
64447354000161
64468110000165
64510438000100
64689781000156
64697831000147
64812411000164
65015015000179
65020377000158
65029234000107
65031621000188
65036749000134
65129455000157
65250047000159
65263750000100
65332805000188
65338492000175
65394305000170
65400029000106
65437727000186
65581510000145
65612126000162
44651175000304
65786756000153
65901650000153
65953118000180
66054902000119
66121434000158
66174309000106
32525490000306
66241898000106
66247710000129
66263577000102
66278390000174
66312369000148
66374663000184
66431890000102
66441334000109
66484226000113
66493003000112
66516411000142
66543529000160
66638689000192
43318141000321
03390425000142
05077100000130
00229732000158
01876590000183
02009252000107
97419097000103
00424302000197
00449242000167
02076160000140
00487268000108
00581016000135
03937691000142
03969378000196
02356701000193
05809906000175
04225168000156
04295304000184
02600446000182
06005153000108
01010510000102
06125688000112
02777554000125
04553969000140
01237959000108
01271754000149
75337287000149
04715962000188
04775785000125
39311675000197
03069520000149
03091171000161
07086413000180
03136277000134
22940159000129
60800059000196
79411542000107
24953630000149
07306631000182
07325738000178
07347195000190
80977556000171
07388697000169
46454518000104
64660376000105
83770636000140
28591923000184
28702314000155
86495009000136
86689916000116
67885897000159
32496010000156
15198310000130
34018242000124
34090407000179
07550894000132
76755081000100
62741525000135
34241067000130
07785340000114
07678190000140
37146172000269
70309885000190
07440539000100
06165850000126
02762960000114
06018854000181
02228756000118
05850008000160
05580186000119
03939668000197
04007525000100
02598486000137
01358618000190
86429628000122
67256008000194
07809748000189
04478305000164
36186088000125
03138709000146
07128565000106
74055567000100
07299609000152
00184729000165
00618841000167
07303300000199
64626146000120
07469180000102
06624449000107
07652605000106
05135676000106
02019851000101
67606541000139
01669085000168
07840350000105
08616569000198
08746728000179
08912625000131
08920438000108
09054493000117
09410650000180
09638518000120
10326657000105
10395388000120
20267519000148
10195213000170
10463799000106
10562938000159
10567191000121
10338868000150
10616819000131
11033849000188
11141772000160
20505642000150
11221347000180
11495234000173
11498908000193
11616849000100
11654411000117
09592455000207
20314059000161
61196119000257
02640254000280
11912207000159
11967508000180
11983522000177
12083220000105
20330527000191
12359608000196
20342980000118
08978247000199
12666486000180
12871470000100
12924235000159
11793365000218
13252667000123
13469205000162
13483153000189
13604310000167
13674885000156
97543178000110
11870105000118
14130333000140
14247151000153
14291774000123
14356906000158
14411099000129
14892337000165
14938713000105
14952273000140
14965025000134
15260865000164
08898459000166
09236350000126
09640952000144
11320273000130
15312680000156
15349950000101
15523362000134
61254884000367
11489865000260
16648877000123
16909284000173
17171634000100
17223556000140
17248515000108
17286585000150
17357466000141
15203765000104
18142286000105
13742427000107
14336270000182
17992513000129
13570740000105
18384144000154
18412446000199
18465987000185
16644911000191
18549905000180
18657259000175
18785486000186
18826832000127
19140956000117
19791093000148
19684952000108
20676737000136
20852623000108
21047114000167
21077986000178
21194321000144
21465291000163
21573315000106
21574865000131
21589390000157
21681711000149
21801660000141
21963411000152
22079798000141
22100444000131
22110039000102
22136672000161
22610058000190
22638841000161
22643061000100
22832130000123
22912533000182
12151899000122
22991250000173
23053813000145
23459722000104
23462379000157
16883056000171
23670729000170
23772595000107
23984770000111
23997584000117
24055427000155
24084412000115
24354400000163
24394364000161
08955421000188
24586202000125
24707472000147
25204915000140
25209369000130
25231760000130
17682194000155
17897763000180
12208465000111
10176440000158
09658979000245
06293402000370
12142965000106
20141849000192
09339389000179
24514462000195
18020816000142
14694116000182
16927331000101
12669096000164
09116444000161
22083201000132
22541421000162
11750769000143
24627252000103
12516147000118
16768205000151
21716837000101
10827151000171
11412878000150
11793365000137
15206902000156
12276016000100
23240156000145
18598106000102
26055281000173
26064190000102
26064624000166
26232127000120
26340082000107
26530117000170
26546773000161
26751077000197
26754680000122
26931835000159
27000466000143
27020207000184
27142293000106
27332988000142
27340806000185
27390480000109
27408662000151
27518211000177
27855508000128
28001745000194
28013538000150
28281584000130
28393820000100
28436389000131
28619169000143
28773046000162
29191348000195
29202977000173
29441327000180
29686247000195
29792308000107
06910081000224
29933862000159
30017026000103
30213098000126
30270721000182
30384656000116
30507367000167
30634684000144
30674118000166
30707862000110
30726458000193
30938235000190
30985247000175
31035426000104
31057804000150
31064365000103
31357433000122
31478009000136
31691359000186
30366077000140
31959866000158
08082993000280
32245636000190
32270204000139
32327782000164
32361013000182
32363138000141
32375373000133
32376606000112
32408537000181
32628662000105
32776865000130
32841635000108
33111914000189
33225268000180
33270899000111
33325389000102
33393168000163
33474992000148
33475986000105
33480519000173
34187894000192
34347442000120
34397630000163
34464484000141
34480199000114
34489942000105
34681581000196
34888916000141
35027003000101
35138710000167
35258841000188
35317181000169
35351951000190
35365357000158
35502338000126
30938235000270
35530470000141
35550775000115
35810855000162
36144515000102
36177659000165
36222647000105
36372470000123
36522144000155
36889741000112
36907606000152
37008517000137
37205954000140
30581066000183
37356737000151
37409037000188
37462097000164
37521863000114
37329613000187
37661723000141
33294808000188
37956811000170
37979602000142
33724376000106
38097763000175
38116572000103
38128193000133
38213438000120
36152851000105
38312387000194
38328835000148
38391514000198
38592299000193
39241291000145
39386221000185
39437292000160
39509550000176
39623022000143
39690742000121
39868917000148
19609147000292
40067385000129
40087086000156
40135180000133
40326458000150
40395271000108
40472595000100
40512886000177
40577479000148
40590696000178
40598577000161
40677278000112
40712456000107
40732401000150
37457725000113
41193813000122
41239103000196
41320133000122
41470938000152
39608779000168
41675626000185
41685990000126
41712047000165
41808464000106
26711296000142
39621106000148
42183757000108
42201165000171
42477046000146
42735300000169
42740022000138
42937985000126
42945842000166
42958001000193
43031532000107
40785197000136
43130809000140
30072035000105
43268758000118
35282252000135
43313668000100
43340638000184
43460258000183
37669802000107
43490912000100
43497318000132
43500429000150
43604563000100
42819173000186
34751697000154
26202308000103
33099419000100
26619066000158
34702180000175
32933265000139
32622501000104
37712937000108
33427138000120
33313759000183
42759509000162
30377461000149
34561880000197
43969202000159
44138898000134
44162338000115
44101339000150
44258856000137
44331549000134
44850180000176
44855847000123
44881718000100
45126336000133
45335828000139
45360776000150
45386238000135
45404059000183
45447519000150
44769208000145
45485090000196
45501610000107
45528613000134
45590214000101
45608398000181
36676318000215
45735904000101
45775015000160
45970656000175
45971758000105
46313153000190
46551361000127
46682752000180
46782858000156
46838206000196
46863160000165
46929431000138
47071309000136
47115611000149
47334590000152
47638563000173
47685389000110
47731128000199
48227190000100
48229525000120
48338061000190
48467594000171
20505642000230
48580202000186
48708615000101
48710087000117
48868793000191
48991537000197
49113296000146
49172922000175
49261804000133
46974868000193
49571042000171
06055045000654
49603565000152
49605214000180
33979946000281
49609009000193
49637934000128
49701608000132
49705570000176
49711806000187
49805814000192
49903161000184
49933519000111
49944196000161
50025905000194
50034922000198
50061046000199
50281646000162
50330218000182
50418255000147
50508782000142
50509130000122
50536893000162
50622172000175
49047158000106
50789139000134
50849238000164
50860274000129
50864680000160
50896215000100
51023171000177
51055306000186
51163712000162
51178102000132
51381716000117
47242382000123
51460832000121
51557713000191
51653581000100
51724578000121
51765670000130
06055045000735
52085383000141
52189256000192
52384673000196
52421477000144
52468058000168
52496715000180
52515396000103
52747331000193
52810068000130
52857339000102
52873332000184
52889238000113
52905234000181
49163924000106
52995999000150
53014444000142
52896753000120
53296617000162
53299538000105
53332260000120
53428766000138
53433045000116
53454300000107
53472174000113
53526303000109
53591999000157
54168988000121
54247479000194
54286220000152
54305945000140
54321190000178
54332148000152
54448630000152
54456913000146
54496725000141
54508615000152
54520372000178
54536212000117
37391869000386
54759208000118
54887833000145
54892774000101
54911587000110
54922780000156
54948455000162
54957259000154
55005874000123
55037775000123
55145280000118
55178999000155
55293442000165
55322764000195
55350948000169
47625268000263
55034766000189
55614024000122
55642535000158
55694361000177
23199291000275
55874795000159
55961241000199
56053040000156
51241110000186
56062213000100
56228386000148
56416400000137
56431475000197
56438311000191
56505268000130
56544046000126
56960782000165
57083897000181
57173311000170
57381327000178
57405574000167
19964562000264
57684827000189
57730651000154
57740916000103
57799717000162
57825062000150
57932560000100
57967774000103
57979645000135
58007502000124
58070334000111
58157020000150
58256382000107
58270138000190
58072920000103
58389120000102
55345703000143
58541080000172
58559263000115
58705769000195
58767250000131
58829676000172
59101575000143
59458339000189
59589783000133
59773957000113
59833542000198
53443878000168
58308986000222
60206954000187
60277245000192
60295900000135
60353940000196
50449557000263
45795001000108
39424034000220
60884575000146
61097244000129
61245067000180
57544816000101
61372628000102
61420559000165
61525133000176
61600150000120
61810662000111
61853585000187
61853749000176
61942261000115
46801939000156
61305820000186
60078905000106
45801350000195
49425462000140
49376299000172
51824702000120
62010918000179
62052868000192
62172100000152
62245739000110
62286306000103
62333765000109
62369279000132
62202176000264
62424714000184
62508753000160
62574970000158
62606997000185
62657814000150
62759243000165
21702339000290
62776720000109
62808488000135
62998657000147
63077710000130
63094117000100
63094959000153
63403829000155
63464136000172
63506447000157
63527190000110
62976166000103
63545652000121
63565520000161
63682308000184
63730603000169
63761038000105
63779732000141
63791087000182
63795158000115
63822575000100
63892278000130
63924349000130
64007293000111
64062857000119
64216910000199
64275938000105
64468470000167
64643107000130
64784175000110
64864224000124
64260398000188
64881599000100
64987432000110
64993262000187
65101237000104
65131986000184
65236166000157
65332109000171
65357952000102
65400552000132
65574884000133
65659413000128
65671070000117
65704830000145
65757748000189
66040796000114
66078405000150
66083480000100
30097387000298
66179816000132
66195748000103
66201163000140
64067121000133
66293667000138
66342045000152
66402729000100
64373348000107
66447786000106
66460550000100
66475532000193
66526319000163
66546583000169
66604342000129
66694924000143
00101657000145
03417629000120
05129858000174
01896735000108
05255688000174
03592402000110
01921240000191
00306404000108
96411723000152
02036013000146
02041083000192
00429896000129
02120623000123
00540870000153
05562058000142
03905735000152
03965310000139
05705029000192
02338391000184
00757623000103
00780448000175
04131031000132
04145494000153
05849964000122
02490321000147
00915464000128
04340334000165
04352429000107
00997373000189
06089976000169
04478055000162
56104904000111
56159643000137
04560295000101
36292431000116
04569225000114
74218298000147
06777547000184
37133196000100
74731977000115
06325127000167
57337057000106
01362632000168
03009265000149
06986488000154
01420243000141
58779810000178
77723930000106
03224207000138
42990622000154
80320161000100
62171426000165
07335118000110
45953825000169
08326969000169
08363806000156
08399743000198
64020001000180
64196066000181
48540397000130
31523012000124
32643397000126
15814072000140
92154202000106
07546669000122
07580438000135
07616567000136
07677797000105
07835346000159
07861555000177
35132091000101
00820546000199
07723087000174
03718318000109
00521614000119
05501749000136
56667611000142
06860062000150
07105461000178
23436033000184
07189436000110
11065448000100
86762978000106
88473756000107
51658912000196
68436633000180
68899400000114
03620152000185
00165398000116
02397674000105
00017026000142
00371139000141
36937068000149
01211217000103
01617856000173
05967156000160
07144741000195
01651032000110
69697928000173
08349600000171
08471546000132
08507695000104
08519634000167
08774233000153
09108138000183
10293347000123
10304302000107
10370978000107
10375783000141
10266381000109
10582696000165
10596198000171
10617034000183
10638725000163
10638956000177
10647847000116
10733339000150
10828816000161
11110172000134
11157944000193
11328299000124
11354506000115
11394348000127
11561591000192
11680433000151
20314694000149
12226012000118
12326126000130
12410294000109
12457887000120
15814072000492
20346097000104
12792928000135
12913624000189
13070082000192
13152146000102
13347476000145
13354695000151
13409317000128
13483228000121
13508409000165
13789823000190
13848655000166
13942185000103
97525096000143
14157049000167
14293712000150
14401683000101
14684522000164
14922182000162
15109034000196
15247707000174
15375164000170
15384783000121
15395477000190
10962679000153
11716788000153
11943174000104
12790604000168
13698153000104
14144049000122
14647639000178
15525415000156
15583243000177
15874144000144
16435148000199
15716900000107
10700962000107
16859635000189
16960260000149
10616819000212
17192266000186
17236103000158
08375185000120
17645022000101
17729910000102
18145082000128
15324637000100
15347223000105
18379127000129
18386646000114
18433101000111
18465490000167
18486906000123
18501419000192
18617262000165
18832069000147
19094909000184
19483699000116
19597120000146
19633702000130
11901432000190
19760490000152
10368118000120
19783162000171
09308343000354
19968797000143
20527224000163
20611127000154
20962331000110
21138682000173
21334238000123
21601866000128
21656268000156
21751701000132
21867613000109
21953430000106
22100624000113
22130020000110
22255755000170
22556896000122
22586745000117
22608714000110
22730911000107
22772809000174
22783859000157
22996676000110
23035317000169
22816218000151
09189517000307
23205366000100
23413437000152
23550058000104
22472703000155
21321804000162
23855628000174
13537671000138
23958001000149
24123759000120
24144421000154
61196119000338
24196360000179
24315196000171
22453171000109
24594019000171
24664639000130
24704179000126
24959463000143
24969500000102
08678402000151
10368118000392
25174033000189
21088353000165
19405635000105
14720004000159
22507310000130
11389109000189
10821469000145
22638062000166
23199291000194
23441533000104
24794305000180
17381416000108
14257648000152
22645431000148
12680982000199
24585040000100
21991566000100
00424302000278
08972723000164
11316318000100
09592455000118
18572741000102
24739333000103
17269183000148
09686278000210
17301891000119
24950631000130
20470806000150
24213799000162
12030885000150
26091401000198
26153549000100
26280328000100
26439275000110
26537283000107
26568761000138
26740904000147
26781480000169
26785833000107
26971670000149
27022926000134
27198440000151
27310547000140
27360815000138
27381792000148
27616142000134
27726896000147
28219659000152
28367850000141
28390985000128
28811493000169
28870473000169
10753460000225
18890879000230
29106609000121
29167852000150
29236534000101
26834827000194
29339416000110
29348222000181
29476904000170
03436073000461
29639688000136
29718359000180
29794804000191
29900845000115
29913751000180
30038167000102
19613816000208
30204474000116
30277906000119
30352734000109
28285315000222
30509179000178
30582037000136
30638899000133
30714285000193
30732538000151
30737207000104
30753375000193
30771658000168
31141892000174
31153975000183
31030956000240
31238752000119
31276088000100
31304201000106
31383438000120
31496799000182
19166682000305
31514918000182
31523012000205
31980538000133
31985110000183
32054665000174
32057240000119
32244876000170
32331490000103
32332594000124
32430453000144
32478806000186
32498706000111
32567535000135
32768721000132
32786391000108
32796847000110
33103868000176
33158136000183
10368118000473
33235275000163
27132758000130
33379685000188
33394150000186
33459941000147
33527982000123
33662249000111
33979946000109
34132429000154
30308976000278
34164305000150
34226617000141
34277980000196
34818069000149
35022405000105
35217378000126
35375265000159
35381956000165
11813064000209
35666856000185
35702076000143
35987675000150
36253810000105
36538800000108
23459722000295
36603563000111
36647695000145
36783917000157
36920045000121
36937338000111
30614007000164
37033460000126
37041213000171
37047177000153
37239325000131
37398717000143
37436590000100
37593390000160
37607390000172
37610296000172
37221053000142
37645160000106
37857270000123
38118770000106
38263911000184
38337464000160
38478991000195
38486358000149
39289149000178
39385700000187
39430172000130
39465797000138
39539718000196
39659991000154
39864452000157
40000740000142
40064140000148
40224029000171
40262932000127
40388398000108
40520073000129
40670034000108
30654841000183
40762447000112
40784631000163
40800390000107
40863301000163
41000199000135
41011718000160
41105970000139
41176466000120
41466785000170
41532331000150
41578465000101
41713210000104
41947986000199
34324732000159
40335693000198
32309455000180
41965032000109
42234472000159
42235073000102
42379980000125
42434745000109
39845753000133
42581192000117
42668763000155
40381781000126
42854079000168
43085037000172
43318141000160
43331679000104
43348346000198
38407131000160
43524046000112
43548485000165
33547178000106
43813127000132
40987428000194
37017404000106
40251369000191
31922505000137
43498406000159
40782293000120
35422207000139
33260474000121
34852741000112
36122151000160
37652975000104
35972507000191
38026913000150
30116957000240
37107718000191
30305201000168
32547362000193
35736561000138
41874326000125
35890794000271
26741874000193
32816453000187
43780693000195
32851605000182
43877707000193
43909904000147
43954412000173
44112887000185
44195860000101
44513668000108
44687033000127
44723787000195
44794115000170
44889215000180
44899777000105
44968805000107
45323764000156
45382177000138
45414188000152
45442816000103
45528594000146
45709611000141
45710358000146
45748536000128
45827682000149
45843741000172
46027750000158
46075325000134
46169976000193
31985110000264
46324486000114
46376623000164
46392241000124
46406007000109
46427430000195
46511266000108
46772396000196
46681050000182
46986322000152
47056560000121
47202648000104
47647233000144
47695719000158
47699865000151
47952125000185
47965588000181
47992103000149
48085485000190
48093145000100
48122532000128
48130013000101
37408559000327
48412935000101
29904228000279
48630504000111
02007943000503
48858889000179
48933123000101
48939192000122
48949643000102
49061199000157
49095261000121
45267944000168
49134613000100
49168490000129
49200928000109
49265696000177
49289219000141
49392634000126
49441459000110
49559902000151
49715748000160
49582856000292
49821927000181
49874093000172
49941801000140
50082424000110
50087617000164
50101186000143
50163817000159
50169977000105
50177752000109
50181829000106
50219578000101
48783931000130
11813064000632
50577660000108
48007564000182
50628907000178
50842635000104
50855793000107
47174031000122
50925471000189
51011370000165
51020459000198
51030006000142
51195036000109
38260668000302
51244611000116
51379934000117
51401781000167
51469247000192
51499547000114
51558257000102
51686407000155
42735300000240
51839286000134
51849796000192
51856316000110
51937098000149
52019883000185
52024481000179
52072612000193
52388940000101
52584050000167
52610693000138
52622711000100
52636332000160
52642686000118
52696783000193
52715549000166
52729049000183
52897468000124
52924838000175
53131336000150
53155190000182
53179381000184
53220741000144
53221414000107
53311604000115
53443886000104
53520942000167
53631654000180
53675240000152
53901461000100
53925815000148
53951310000158
54042203000170
54048308000136
54252055000118
54471473000104
54544235000173
54556401000151
54636496000113
54656428000116
54679498000190
54709360000196
54715556000193
54818310000147
55048877000144
55174644000198
55237997000190
55253955000142
55321364000165
55332309000170
55359493000142
55481759000125
55506921000112
55612024000193
55647395000100
55670117000174
55678485000169
55710505000131
55795765000157
55800177000164
55837920000150
55848702000111
55908302000154
55972416000163
18452213000209
56161322000177
56222676000184
56334522000184
56563191000154
55696046000260
56703588000102
56704820000119
56934937000199
56956687000198
56978834000120
57025666000111
57232451000171
22453171000290
57395935000131
57491426000102
57495107000175
57556644000188
57583147000179
57603191000101
57620851000154
57646178000121
57684708000126
57688231000157
56931252000199
57713523000100
57722312000126
57949310000174
58168115000170
58292671000153
58293778000116
58461081000107
58467797000111
58480562000160
58490775000172
58491294000181
58630477000130
58679540000123
58724365000149
58764930000100
58767307000100
58850661000196
58862232000139
58871209000100
58953853000128
45046456000120
59226773000133
59279469000154
59417698000198
59524650000189
59639537000149
59673437000139
59683133000152
59732247000145
59739665000164
59760606000178
59870921000158
59915574000132
40262932000208
59941669000120
58308986000141
60260465000103
60263187000148
60432550000101
60456989000174
60459323000170
60636514000160
60685839000132
60765092000122
60772338000193
60787689000178
61046328000133
52456513000105
61266903000103
61315381000192
61425135000193
61455401000120
61468429000100
61495837000143
61511517000130
61554962000187
61615970000196
61633834000129
61657396000139
61660835000162
61688465000171
61691968000104
61723548000154
61766031000142
61885971000150
61912594000100
55341459000140
52707545000136
61754771000169
46605681000112
61597368000173
61462308000143
53019630000174
59671408000138
50272312000122
54143710000108
61977905000100
61990993000180
61996925000129
62021317000161
62062511000195
62239027000199
62265184000179
62307668000133
62369788000165
62549063000159
62673030000116
62697021000165
62778538000189
62442748000282
63091582000189
63158470000106
63163248000193
63285109000132
63288152000151
63304192000140
63348195000185
63385502000106
63390385000160
63461109000146
63498815000162
63503558000100
63516317000103
63522128000135
63606554000157
63609332000198
63672624000175
63679618000140
62516230000165
63681476000155
63717687000109
63722869000160
61979380000142
63801983000185
63860865000148
63953083000153
64010677000193
64137750000192
64160747000190
64233533000104
64288805000165
64338608000103
64339558000189
64350151000152
64388741000174
64430615000130
40262932000399
64474326000133
64503358000110
64534359000121
64617647000140
64635651000130
64655592000162
64679165000114
64775980000187
64836805000152
64894628000160
64976873000117
64979992000123
17248515000299
65040240000165
65192212000163
65277116000118
65379821000126
65536175000163
65582477000178
65655943000106
65743498000128
65764069000137
65768649000100
65785848000119
65836904000105
65842920000100
65873328000168
65894584000131
65899824000190
66046246000102
66069868000156
66084067000160
66445945000125
66497244000130
66630764000179
66650767000174
66687800000130
92763481000105
04995886000101
05057057000140
05075258000170
05086547000175
05128817000163
00248470000179
03641583000128
97267348000181
05368614000144
03874656000121
05589293000108
00648606000138
03985724000120
02304017000168
04127794000100
00832034000142
00837206000170
07818646000120
00855739000185
15111784000364
00964672000117
01015377000187
04503235000157
06188372000170
55728752000165
73885840000152
37087392000188
04640643000150
02922985000138
20301917000133
58054123000195
02984289000156
76504216000156
03034742000126
06995266000106
03053327000110
21873450000169
01467733000101
78554599000100
01542446000100
03204035000130
03209609000163
07179827000153
41928086000102
42032599000195
79451076000193
07214143000145
07270169000100
07300246000128
44073997000185
25306184000143
27191725000160
83408393000102
83764647000117
83878710000146
48661219000168
48753594000138
10338697000169
67528844000180
51862274000120
14678890000108
69358562000108
53645735000139
15694581000186
54320130000130
34410647000103
16701864000170
16920027000132
34852665000145
72849870000140
07631596000177
13178694000101
03399660000185
07949624000107
08061562000157
02230188000190
07580317000193
02907469000304
05913510000173
02926367000166
07798577000130
01717242000163
05217081000108
95163317000155
03598025000127
03753103000110
00926557000158
20636874000147
01440794000177
87411567000139
13372743000134
71073803000114
89820781000174
53955613000149
03003770000186
04944521000158
24102717000102
43437920000184
65670549000139
07939198000112
01270761000126
06293402000108
05124738000184
15814072000220
04599501000197
01179071000166
02811752000168
02310655000191
05298585000191
05607287000136
08400849000164
08597473000120
08691017000144
08710636000139
08898096000169
08905987000103
03401533000254
08264307000101
08934400000186
08980448000120
08980953000175
09039015000138
09322270000193
09449826000107
09583356000170
09605382000151
09632211000111
10303178000165
10385831000182
10141598000192
10214345000100
10263618000106
10755289000102
10756132000100
10810721000110
10828254000156
10829159000177
11327419000179
11446766000110
11495428000179
11618096000172
11807795000160
11967063000138
12029220000127
12240375000108
12729441000108
09635310000157
13102833000105
13126144000130
13618193000190
13917781000125
13979733000161
14039011000190
14060920000100
14122999000156
11201171000103
14230225000149
14284106000179
14441479000106
14510916000104
14637798000191
14858234000189
14886703000173
15152170000169
15377164000100
15422747000105
08402889000145
08488164000111
10918711000101
11396699000177
11414750000126
11825677000185
14057998000175
15670940000165
16723277000182
16869496000174
16921867000110
17116768000128
17168335000116
17185268000148
17213393000114
17271251000103
17280201000192
17597778000122
17646763000107
17673564000198
17786539000110
17845549000180
17868210000107
17929877000164
08945027000169
17555727000138
09310209000126
18245570000107
08854909000119
20477033000134
13575163000144
17129530000137
14592905000102
18537735000114
18752558000199
18772440000122
18832104000128
18948252000102
19249699000156
19546208000139
19596426000188
19599293000101
09481301000230
19873236000160
19911815000150
19939670000104
20009814000102
20851392000100
15583243000339
20978841000185
21080772000150
21184035000106
21291627000119
21518353000158
21663243000180
21734435000130
21844778000157
22153695000184
22182542000165
22233573000106
22428849000101
22545467000150
22575585000100
22658971000166
09151225000113
22908759000100
22934039000119
23013372000158
23091290000121
23171597000132
15025319000149
23388829000109
23513967000172
23515334000101
23571900000194
23601546000101
23613743000132
23632739000111
23875037000169
24291992000111
24512989000180
24717711000140
25111619000102
24402946000142
15336535000105
23139317000109
22746971000118
16502173000148
22269154000116
14373201000149
18829603000166
15125308000130
10761264000111
18859103000177
11315718000193
19695390000190
15143713000181
10956826000182
24830020000158
11585716000114
13253170000120
14737489000193
22734510000125
24504526000177
24650388000134
24787971000191
18770443000127
22952258000120
14925029000199
13730491000178
12597236000136
21834135000122
13260346000170
18699001000131
19996771000109
13945051000138
12173487000193
09387544000122
19962032000104
20768257000103
09400473000150
26124811000198
26137566000153
26177904000180
26180234000151
26282660000104
26438600000120
26460321000162
26484265000104
26630128000122
26805103000112
26829766000177
27535337000150
27566745000179
27713664000154
27798532000172
28218913000106
28285315000141
28374729000147
28633645000180
28732430000117
28930939000174
29039156000168
29188154000130
29293490000143
29704471000162
29718856000189
28247630000184
29886732000102
29887615000163
30097387000107
30115295000102
30148391000157
30276184000188
30394040000126
30487684000169
30498484000101
30537730000197
30696554000136
31041278000130
29780938000234
31247721000124
30857955000120
31405091000179
09151225000202
31698944000108
31742585000149
31826871000192
32080680000197
32152711000178
32224663000186
32532290000100
32592486000190
32631528000155
32778310000128
32850995000176
33092877000109
33405777000195
33618159000123
33962748000124
34090386000191
34202007000108
34262341000157
34341717000119
16905836000337
34382264000179
34494305000119
34494565000194
34495811000122
34651131000150
34664835000168
34674897000150
34960512000111
35003256000137
35028110000146
35078460000117
35206258000123
15560381000300
35669036000147
35708720000190
28115940000145
36059839000142
36083399000169
36290012000145
36405081000157
36531728000197
36567901000107
36592670000191
36613884000105
36632245000189
36637073000136
36667340000118
31239849000227
36697765000170
36707830000109
36489414000173
37033367000111
37434277000132
37436803000101
37575924000126
37617047000109
37629641000110
37662890000107
37765342000102
37810051000199
26924243000100
37860428000114
38026328000150
38052537000178
36260009000189
38278601000133
38350650000130
38973390000159
39388124000121
39404979000107
39468570000146
39568823000153
39622250000107
39765348000105
06293402000450
40020689000130
40037008000147
40075860000109
40106794000197
40216729000114
40342733000129
40411585000157
40438647000114
38297912000140
36632245000260
40704175000102
40704870000166
40776050000180
40859651000156
40947747000176
40980124000103
41096936000145
41162945000197
40131982000175
41439336000132
38250678000103
41515764000105
41516217000136
41651974000112
41729996000158
41751910000193
41910807000149
37112512000150
37582237000138
29525729000163
41230395000104
30836298000135
31627206000170
42050727000123
33848744000110
42179785000151
42242892000187
42377993000165
42750363000194
42764153000155
41904916000153
42788587000195
42839975000158
43037916000129
43077238000128
43099735000127
43226776000137
43233272000144
43315734000172
43440036000107
43468716000120
43497978000113
43521357000128
43614497000140
22186181000397
43741618000115
40376179000109
28240659000134
35735206000144
28475422000132
39424034000149
43150012000105
27787491000119
33226288000176
29920398000247
39553242000148
30670675000109
32030798000100
39670826000101
32920425000105
37644480000133
31021383000108
34294284000198
29811230000112
36294948000144
36393733000180
34334406000122
41646275000184
29619147000146
41880325000193
30308976000197
43829896000129
43907610000186
43948697000130
43992302000104
44009159000142
44093553000101
44296090000185
44602831000109
44616770000139
44719254000130
44803786000150
44812023000176
45272600000147
45425456000131
45643098000133
45697162000169
45760207000100
45827751000114
46030286000159
46060164000105
46135569000165
46150344000188
46318798000115
46547967000199
46561565000149
46567852000166
46622803000189
46626355000191
46758142000113
46173921000157
47019814000131
47045085000198
47047243000149
47229032000127
47308047000180
47383349000113
43804112000299
47443111000136
47473637000169
45080166000101
47625268000182
47641679000161
47674400000146
47783472000121
47838146000174
47977556000104
48044261000130
48103164000170
48249086000117
48424718000131
48428608000148
48481177000183
48505546000120
34766075000280
48705576000180
48824819000108
48928602000130
49107423000102
49131455000135
49223683000135
49259232000158
49341528000113
49364239000130
49469864000146
49691514000120
49771509000127
49887616000115
49927540000104
49993425000138
49995066000158
50129836000169
50133758000176
50143100000145
50398482000158
50442299000102
50466496000161
50529314000154
11813064000713
50627429000181
50668570000122
50797669000124
51091605000176
51108962000108
51235727000199
51498722000159
51510103000132
51570715000110
51657155000136
51760374000146
51785931000183
51814996000100
51878498000120
51926854000134
51999879000168
46551645000113
52124653000186
67528844000261
52145922000190
52176792000153
52324281000131
52347368000124
52506072000109
52602602000112
52650772000172
52755042000136
52795174000191
52835346000103
52848194000183
52961630000126
52961880000166
53015495000199
53147012000100
53152035000102
53189640000158
49329838000201
14520747000266
53484878000106
53498393000171
53716671000110
11102683000295
53786578000181
53804470000174
53901426000182
53908918000108
53926823000109
54044225000179
54098483000138
54116839000119
54118194000153
54251311000152
54289138000181
54302386000115
54499654000130
54747138000188
54777109000169
54830619000152
54854704000150
54866860000131
54888752000160
55091743000106
55140220000102
55341560000100
55603638000109
55646986000163
55696046000189
55716927000114
55767670000120
55789942000192
56080356000137
56153161000170
09620761000200
57099976000180
57226055000131
56923608000223
57413847000115
57596233000116
51911066000255
57605975000160
57631989000159
57663861000177
57664987000166
57718262000103
52531294000181
57872977000116
58183659000100
58335326000150
58515806000100
58590737000191
58608676000142
58658947000174
58673507000196
58768550000135
58850122000157
58953039000103
59002156000154
59004084000184
59088327000100
59113269000127
59178469000168
59257202000166
59446395000101
59497351000100
59561405000141
59581446000108
59725173000110
59946408000101
60010890000144
60017015000194
60098173000116
60125020000110
60126049000117
60155598000110
60225127000130
60305779000185
60354299000104
60375422000173
60465075000170
60599331000111
60776324000148
60787428000158
60817138000100
60846091000102
60944773000158
60949555000106
60969577000138
60973372000126
37408559000408
61074871000144
61098774000191
61161061000125
61254658000114
61274210000162
61307405000161
61351675000170
61389900000167
61451987000155
61474163000109
61598609000107
61667590000103
61684768000116
61762668000160
61778575000124
61890619000103
61507442000113
56384858000151
12538056000264
59603587000176
53520487000108
52407538000119
58480746000120
47926663000103
54120819000111
62081809000142
62104045000163
62106575000140
62116682000150
33092877000290
62158206000100
62189324000177
62190478000189
62202176000183
62241728000162
62363572000192
62368511000118
62418931000161
62476786000175
62542553000123
62552250000191
62690574000196
62767404000162
62827236000153
62864469000126
62896913000195
62924657000100
63066635000101
63169960000108
63190351000122
63250714000178
63275384000175
63313677000108
63318730000155
63380726000117
63403058000104
63470242000169
63540814000139
63642024000164
63649981000112
63657698000132
63700906000139
63760214000186
63764537000148
63770284000115
05135676000378
64066792000180
64157940000171
64337528000133
64374537000102
64395517000100
64476079000104
64476276000123
64503944000164
64518659000117
64579821000107
64740224000112
64768173000137
64779431000180
64887629000188
65005796000110
65067091000128
65133144000161
65175658000180
64447226000118
65259555000106
65267493000176
65365430000152
65457617000186
53656696000256
65529433000184
65640225000158
65659952000167
65703974000187
65716643000181
65769958000197
65770978000188
65784234000112
65807692000120
17243421000308
65893223000170
65901161000100
65932833000136
66058275000194
66058307000151
66081275000105
66106281000170
66210708000185
66305918000157
66316149000192
66421913000190
66436470000100
66586381000140
66668553000125
03300037000123
03311405000139
92662618000135
05000941000149
05049139000143
00136529000137
05116506000184
03467755000199
05136398000101
94356177000179
01831456000166
94741022000156
05233014000179
03568890000120
95814539000190
05408686000178
03765076000104
03779834000135
00488320000132
00495245000137
02118291000142
03831712000140
05601392000168
03435929000212
04003822000187
05682425000141
05701372000169
04063994000146
00789409000139
05818832000133
04177254000130
00934419000110
07822309000106
06055045000140
06069958000115
02689649000197
04429373000133
01069335000129
04459845000109
35178425000170
02784806000143
91727222000247
04585376000166
74257213000130
02886672000171
02924106000107
06862861000165
04707724000120
38863726000120
58190018000183
58278599000100
03010429000158
59245431000160
03167275000102
78871423000174
07187258000198
79439519000120
01629691000150
07233769000107
61220976000164
07270335000179
43293620000179
24984767000160
07329098000174
25520149000122
81773384000187
82097197000193
82130618000130
47203120000150
82799602000115
64350481000148
27613850000111
64907082000135
83730390000182
84306083000131
84887959000180
68317411000149
68559624000187
69342210000164
07715546000178
15136476000121
53312088000143
54387857000135
54821442000128
07665636000100
07680254000147
07769205000185
07843954000105
07895544000108
08082993000108
39827100000121
04694713000153
07080230000157
07710246000104
07838537000174
03068300000109
05556664000155
05745742000160
41674151000102
80179419000191
87549937000107
30740930000142
69576320000190
07502170000113
05314292000150
04019796000185
06128068000137
72464332000138
03398152000182
05275910000109
03015727000130
04878405000188
41835596000127
67806919000148
07176607000176
27738012000174
82477654000175
03469361000170
38957288000160
06165332000102
25599952000102
59106476000154
03475255000107
08388187000154
08589466000186
08609873000108
08705669000190
08995534000107
09010366000116
09131771000192
09189517000145
09364267000132
09468615000111
09494540000143
09509990000162
20253336000173
09813803000130
10247960000104
10256531000101
10704439000159
06261673000262
10957815000117
11222110000114
11527011000140
11673157000102
11946903000186
11995667000198
12121459000122
12278039000154
12325936000171
12364605000140
12393843000184
12648881000130
12676210000183
12799291000109
12896125000120
13188242000100
13362375000143
13416311000188
13625829000121
14046354000181
14101322000131
14265799000152
14305027000105
08743687000167
64565732000888
14623107000109
14793543000118
14966455000170
14979632000153
15142298000141
15206332000102
15363402000128
15413067000125
11701269000111
13307451000118
15044772000100
15625934000196
16097126000166
10753460000144
17170927000172
11038217000107
17465708000110
17575722000177
17980318000189
17992938000138
18067791000132
15678322000161
08907650000127
11621054000190
15114315000137
17432842000115
18312956000194
16454672000107
18611081000121
18650878000138
12929942000138
11486050000147
18878117000138
19078123000173
19116236000116
19281696000108
19514772000170
19530020000100
19610422000107
19613816000119
19629751000108
19661695000180
19731313000148
09206904000142
19818975000150
19909676000120
19958201000124
19960736000130
20205226000136
20523639000169
20651686000198
20856411000190
20898982000198
20925086000170
20935115000185
21045641000132
21069981000101
21130845000171
21168468000160
21386758000180
21521947000118
21737954000151
21808875000194
22025483000111
22035764000155
22094974000114
22097074000120
22222519000157
22242644000129
22313919000178
22404215000100
21859226000112
22634189000107
22739457000155
22781329000170
22817870000190
22990833000180
23221051000149
23326661000107
23502153000132
08008671000372
23832060000176
14414917000147
23932884000118
23994235000141
24064052000190
24070721000136
24214214000129
24576038000175
24708515000109
24777020000131
24854371000107
25252390000118
25340780000140
25341893000160
19243956000142
10520702000150
08493039000108
24076776000153
17662530000106
09449685000122
13884851000196
14598758000188
12799638000113
20049762000190
16443353000104
14971827000157
13944611000130
09085407000133
18890879000150
22625355000109
20400534000112
09308343000273
24729862000118
97520982000184
17796427000140
11207577000195
11362671000119
19817647000139
19219571000140
22465656000112
15380228000121
14674390000190
13906917000100
24539770000175
21464440000170
13349645000186
18331433000195
17119102000123
16823267000119
10730643000144
14286738000171
12158348000190
22969189000168
08950873000177
25998512000110
26015879000139
26056198000119
26362134000146
26497341000108
26528239000122
26613159000175
26697345000130
26723693000134
26813716000100
26904876000156
07649022000207
27566848000139
13810194000213
27666558000167
27682022000135
27726849000101
28478467000160
28519708000172
28570756000195
28682036000111
28964394000117
28968111000105
28988908000174
29033051000100
29269653000152
09280211000280
29356066000109
29483074000108
29547396000173
29891630000185
30007054000140
30053962000170
30358465000180
30485341000165
30487538000133
30849184000120
30949180000113
31105343000144
31217393000113
31231669000118
31387391000172
32025515000132
32149134000165
32525490000136
17220054001137
32717671000164
32741057000138
32753462000176
32976899000179
33060533000118
33158097000114
33206511000113
33226485000195
33308023000117
33412823000183
33481217000110
33588844000154
33611407000104
33745648000146
33753018000113
34126145000155
34181775000122
34089602000260
34534663000108
34585516000167
34590915000116
34628316000144
34727582000124
34964281000114
34980388000156
35082107000100
35391487000165
35753621000120
35767600000164
35870017000184
36137324000113
36179362000139
36195767000160
36216114000110
36283784000150
36308295000105
36382473000148
36436067000110
36489365000179
36595919000112
36630128000186
36641904000143
36900120000192
36989487000124
37316687000189
33819284000100
37336240000171
36655201000174
37762914000108
14176197000200
38189773000130
38283753000124
39435653000139
32009906000163
39540972000104
39656933000177
39680973000154
30985247000256
40207695000100
40384139000109
40430892000185
40551082000187
40617487000170
40635006000150
40696182000100
40869073000139
40983551000137
41031479000100
41235809000180
41308587000188
41411594000100
36824168000169
41543837000164
41571371000100
30478982000192
41603118000191
39351142000139
41688848000132
39151414000157
39634900000126
32857347000141
42118450000123
42223002000190
42332168000144
42371851000190
42494044000165
42586219000164
42749763000180
42904208000185
42941587000183
43124747000164
08199476000458
43515689000108
43572589000105
43773838000120
43781606000114
35508665000195
30443302000103
31764372000118
35586002000199
38389895000170
31264727000100
42195129000142
27297199000118
35390183000183
42711828000106
32342401000116
28358082000160
39664938000141
29887067000171
43928957000105
44230569000119
44352038000107
44406133000138
17357466000222
44483152000168
03501461000306
44606167000176
44762993000104
44793346000160
45008555000118
45098997000100
45321737000144
43660798000291
45372892000190
41291485000440
45456942000117
45569632000109
45655772000108
45939843000196
04469467000306
45975110000107
46149840000111
46192363000177
46213422000146
46250051000172
46502827000102
46543297000132
46591036000198
46263978000147
46693352000170
46709008000122
46800148000101
46845396000179
46847153000170
46868868000109
46910328000146
21747061000278
47222464000106
46554718000201
47422160000192
47452667000199
47459113000113
47488708000105
48000035000157
48087311000166
48100430000101
48104727000145
48142332000137
48155684000127
48184927000155
48195287000189
15670940000327
48431608000105
48459177000187
48524991000138
48751392000157
49013504000135
49062277000138
49091643000187
49140675000125
49386852000158
49388479000174
49443563000143
49443696000110
49468087000115
49500781000172
49511078000160
49514937000174
49552442000130
49580352000152
49682068000197
49687434000109
49733663000104
49764569000112
47517276000105
49913394000168
50017770000115
50030333000131
50053517000117
44492449000190
50187506000120
50233719000140
50468964000137
49645995000137
50728141000101
50884580000103
50966275000152
48360592000189
51117860000140
51121967000162
46709400000252
45907050000195
51239497000136
51247711000104
51270899000101
51299051000105
51386117000196
51556943000136
51679924000105
51681660000116
51719308000122
51946210000108
52029668000165
52086773000136
52171660000139
52173592000147
52239891000137
52251003000100
52268740000107
52321440000144
52493109000101
09308343000869
52658445000167
52800536000195
52825102000140
52844747000120
52903110000167
52942276000192
53132350000178
53316241000100
53735558000181
53753346000127
53906769000130
53930820000149
53948714000192
53956806000114
54047379000114
54073901000132
54089262000101
54121381000196
54135914000199
54194233000100
54269491000108
54398469000150
54498390000109
54521682000107
54579546000178
54644926000149
54670890000178
54684676000170
54718701000190
54778692000122
54857809000163
54893733000121
55044185000128
55123433000126
55159030000137
55360166000100
44656789000290
55365168000192
55379504000156
55395942000108
55407168000108
55524645000115
55604412000122
55678313000195
55683102000140
55698602000156
55733369000103
55887476000188
55930174000145
31980538000214
56081829000110
56261281000190
56321258000144
56702386000138
55571712000152
56879693000199
57027722000157
57216469000180
57550662000152
57562885000130
57642452000194
45881359000153
57762275000180
55914920000107
58260405000149
58285728000197
58309322000105
58312883000155
58358844000199
58394943000126
58435283000184
58576514000170
58616322000140
58696149000137
58709051000177
58711992000145
58722569000140
58862548000120
58902097000108
59013340000108
59023323000143
59033939000103
59074280000125
59078921000110
59145690000110
59361080000153
59395638000111
59459375000167
59482437000151
59643576000110
59643766000137
59649305000171
59721600000191
59745154000155
59860161000106
59926479000134
59941996000182
60019319000190
60075054000148
60081572000174
29191775000254
60265148000180
60266621000143
60332322000160
18699001000212
60444295000117
60494696000181
60557496000120
60558365000168
60631847000104
60734726000180
60788741000100
60833388000133
60835254000151
60838696000151
60840977000149
60885821000184
60924781000132
61029288000111
61073096000102
61100802000168
61124844000139
61171042000180
61317936000135
61336413000136
61353646000147
61502366000153
61530950000112
61573375000135
61665000000103
61739081000130
61754190000127
61756209000174
61835626000102
61852123000145
61912819000110
50176391000178
49047370000173
60746870000136
52269060000108
60712617000161
56701361000110
45913582000135
61964548000146
62034264000113
62189530000187
62276967000158
62406265000141
62414864000107
62485398000150
62538730000106
62545822000105
62650962000143
62721351000149
62736486000188
62834980000185
62905978000150
62969181000116
62987713000148
62811981000104
63101186000195
63198895000130
63200592000105
63204288000136
63207825000100
63230501000184
63346262000122
63413482000121
63517911000100
63584897000168
63654355000114
63717309000117
63746008000111
63803260000115
63868960000198
63913407000120
64043894000180
64068400000111
64091616000106
64267213000167
64291353000170
64295319000174
64323567000181
64354104000187
64478238000100
64506782000118
64636472000118
64636864000187
64651583000101
64677520000116
64717460000118
64786439000174
64831596000154
64887069000161
64909747000140
64912304000108
64921973000146
64988972000119
65072572000121
65128744000131
65276413000149
65395798000163
65447147000170
65619254000138
65686791000109
66077719000139
66100300000150
66136207000104
66237523000164
66239205000132
66328082000106
66339101000108
66435027000115
66521993000155
66567960000146
01694704000174
05005369000100
05008765000191
05013227000195
00149654000181
94356573000104
00257582000196
05257337000100
03631761000130
05313829000168
00524015000159
03880553000174
02196679000161
02213299000198
00605504000135
05682713000104
04051047000135
04052284000110
02389339000157
00804649000165
05801573000138
05831365000181
05850677000132
07706565000138
00879233000106
07828584000137
04355913000181
06031081000173
02634433000124
73802662000159
06274029000148
20156055000100
06991535000158
01431456000179
39890926000135
07017804000142
79754685000200
04913158000103
04916708000148
41257130000191
03206971000180
07186843000173
03297416000101
62670286000170
25982513000176
08390833000118
08394595000119
83511196000106
84490150000110
65808883000106
10754844000181
51012300000121
05751563000135
83730390000263
69130664000171
69344547000100
33321928000127
91631457000150
03743808000157
07651242000194
04118214000118
07842509000120
08036312000167
03127365000170
08106575000103
08108089000116
33795857000102
56371164000180
06373081000151
02101445000193
05509784000100
93110864000147
05421509000121
04141177000169
04159159000104
06016614000148
06168354000126
06261673000181
40458028000191
43040609000105
47905773000180
67909895000152
16221749000107
07659994000100
02886035000103
97217103000140
04266343000153
03256846000185
54385083000103
39317946000111
07177620000140
05579494000124
05850556000190
01573988000140
07254593000161
05928420000156
80137201000174
52805363000106
58379785000135
08236113000100
08505492000189
08607812000101
08721230000151
08379557000197
09086394000117
09283182000120
09334454000173
08651172000137
09539071000131
09660795000139
10371416000170
10413283000157
10418964000108
10422784000108
10217790000115
10455711000104
10504972000177
10546389000129
20281371000104
00723293000216
10807859000160
10810782000188
11096649000174
11106306000143
20309595000179
11656266000103
11681339000117
11769807000100
12411150000177
12451038000160
12605243000132
12879719000123
12958276000166
12962329000112
13118194000176
13250236000128
13271615000102
00101657000307
13625129000137
13669112000181
20381691000128
14045065000168
14136224000130
14167568000106
14377563000108
14494643000143
14668521000126
14763398000122
14942383000121
15084003000128
15169777000151
15185611000129
15360408000141
15409025000110
15410401000197
08250212000139
08770952000104
09280211000108
11720048000190
11746986000160
12847835000160
13763171000114
13968305000133
14300028000159
15206894000148
83730390000344
00101657000498
15647659000101
16575106000153
16853668000111
17286627000153
17308211000199
17590008000158
17636032000180
17644032000122
17838752000129
17875200000190
17921408000107
18047657000170
18062881000130
18212990000197
08326009000107
12859257000182
13836931000176
18292497000124
18595881000104
15362057000299
18651759000108
18688546000142
18699168000100
16772274000139
18795950000115
19080377000126
19171243000110
19188442000131
19352629000129
19452281000141
19654784000108
19679977000105
19958380000108
01474300000256
20074851000196
20207787000174
20213705000102
20672123000186
21469160000154
21660209000151
21702339000100
21795358000128
21821332000107
22005727000102
22116365000119
22124980000177
22191483000191
22266921000133
22378274000151
22605523000102
22708170000168
22752929000100
22805104000106
22833139000159
23003443000131
23161034000163
23352865000112
23389259000171
65468266000290
23751022000199
23872421000108
24020191000111
24288913000113
24290916000191
24471720000101
24503507000126
24659656000189
24343859000161
25222349000107
25237007000152
25255724000107
25262537000150
24182381000135
18038580000171
15786368000102
20913702000173
24389633000100
15065256000154
19027140000181
23796991000166
16817352000174
20482057000181
16703279000100
15236541000190
13893439000132
10207105000331
10292285000135
13028388000180
12074728000147
13869560000129
13175339000170
18099485000188
13422479000104
17439102000100
20972475000157
11638423000158
14565690000130
09189517000226
22614780000100
25995087000105
26021036000145
26432296000103
26536872000162
26554140000103
26851480000198
26881107000180
27049684000172
27082530000182
27242073000146
27656181000165
27689055000107
12623590000350
28155102000103
28217558000142
28250513000170
28400888000179
28634935000149
28712625000103
28971746000161
29151835000124
29167856000138
29170227000167
29396343000107
29586024000156
29650567000195
29715291000186
29896319000129
29966641000187
29283650000173
30199209000197
30605518000110
30671370000111
30784168000104
30785449000173
30839444000186
31245225000131
31484838000121
31558341000100
31606108000156
31807588000113
31812475000106
31812979000126
31850890000154
31855035000136
31867240000111
31934125000112
32009877000130
22989717000221
32076665000175
32276592000165
32529600000138
32777696000153
32900731000180
33028540000132
33057909000135
33082213000169
33164974000160
33194071000121
33379575000116
33489822000137
33527355000192
33733409000176
33794888000130
33932299000171
33933536000119
33971723000197
34006681000117
34287962000195
34577608000103
34597030000149
34714615000100
34189971000143
35142894000139
35175964000155
35235581000125
35296213000197
35479600000169
35485249000119
35507145000168
35771584000183
35930356000109
36172709000111
36489099000184
36555805000149
36777095000100
36778788000109
36814414000100
37022953000160
37161001000128
37178707000100
37193795000101
37341592000115
37370894000111
37472568000115
37706859000120
37769911000198
37886365000175
37978928000155
38257802000154
38325899000195
38357088000176
26794216000160
38460893000120
39335150000191
39429863000114
26014824000104
39620132000151
39652871000125
39662997000180
39728656000160
39968759000106
40012925000177
40035823000177
40132093000122
40166363000116
26076578000115
37408559000246
40377896000147
40501677000128
40609164000135
40859780000144
40958952000137
23855628000255
41283507000187
30450629000102
41516082000109
41565911000143
40282452000128
26139669000152
41686708000125
41813256000103
41701367000209
41871783000166
41942880000100
28003421000195
25901860000127
29194631000170
29966724000176
32101906000199
41991759000160
42022801000106
33228245000120
42115718000173
42125857000188
42130209000110
41102746000193
42398408000103
42632986000162
42640783000118
27850227000182
42676987000109
42771893000119
42779642000180
38083667000178
42968886000101
43029442000173
43163646000100
43265965000119
43367446000161
43389834000143
43394985000190
43422502000113
40673775000142
43500911000190
43517007000198
43526701000171
43565278000119
43656331000197
43705280000146
33362016000101
39558295000151
42473593000153
36947178000191
32204616000170
33404915000111
40586101000100
40371658000124
69697928000254
33088307000145
30621488000135
39298267000142
22539218000402
42699018000173
35387298000119
32026835000107
29268420000135
43923755000170
43933342000177
29255402000380
43968954000103
17815092000241
44091751000136
44095838000181
44277841000116
44513713000124
44570325000185
44586974000174
44607559000150
44762826000163
44767720000152
44828725000148
44953047000145
04944521000310
45001248000105
45016793000175
45024158000130
45092013000176
45092078000111
45119808000120
45163650000196
45268860000149
45454135000165
45491187000101
45534982000130
45691688000131
45863924000150
45901181000165
45978333000128
46014134000162
09310209000207
36775159000206
46412871000113
46466634000135
46709400000171
46796621000124
46868812000154
47044303000170
47189027000138
47282226000196
47575456000143
47644580000113
47648528000135
10368118000716
48189022000178
48209747000180
48268738000160
48279415000172
48283346000170
48427522000109
48456092000145
48456160000176
48539145000191
48627231000156
48797482000189
48855567000176
48994394000177
49024438000107
49167184000178
49242094000102
49412846000128
49457408000186
49653757000173
49683920000140
50084786000140
50089641000132
50101410000105
50311482000179
50449557000182
50484952000104
50535089000169
50601065000160
50623329000187
50628911000136
50865065000178
50919563000156
51000686000151
51016372000147
40677278000201
51067912000111
51088922000133
51210063000103
51316078000150
51366807000183
51381039000137
51385584000100
51473359000117
51479944000124
51551296000170
51638839000190
51692702000114
51733419000193
51759274000108
51052255000139
51930257000183
52140306000147
52207126000135
52210354000164
48235195000185
52248003000142
52271221000106
52360157000121
52536325000197
52549937000114
52833417000139
52954374000140
52968325000166
52988327000117
53048378000121
53174112000125
53348791000101
53386277000160
53386635000135
53391379000174
53448867000170
53671113000185
53696780000112
53801542000120
53901464000135
14822564000203
54094264000180
54208545000117
54253634000185
54255327000133
54260428000100
54276963000141
54387769000133
54457745000103
54557114000166
54613249000100
54239776000198
54663465000151
51237112000100
54740868000157
54784656000171
54827893000172
54881524000168
54888365000123
55015040000107
55141213000125
55370592000125
55373140000105
55499733000104
55548876000169
55561087000168
55568401000134
55769474000194
55780476000184
55807588000181
55899796000158
55931665000100
56071472000190
56113370000190
56258892000180
56366132000196
56386682000177
56457032000175
56729327000153
45529169000171
56919946000100
56939744000120
56978347000168
57009522000171
57027512000169
57186852000132
57249042000188
57249888000118
31262940000263
57368569000121
57371719000156
57373265000152
57378102000162
57450412000140
57451240000120
57465961000199
57678441000164
57776810000151
57814482000130
57842488000111
50466496000242
57918981000178
57950467000110
57970318000112
57988009000170
58022171000100
58095572000181
58124266000126
58237342000100
58262795000196
58352983000105
58407567000167
58418494000109
58030543000131
58580437000121
58756284000120
58804627000185
58683569000260
58993703000148
59177273000159
59192632000147
59193240000100
59204067000190
59339885000109
59363381000116
59387906000153
59432610000107
54658770000155
59514264000106
59556790000139
59568294000103
59570882000173
59673915000100
59735198000102
59951113000115
59998114000115
60114240000149
60129716000115
60235027000195
60239491000150
48590824000195
60430908000167
60642876000163
60654750000109
60880535000126
60909042000171
61028682000135
61064793000105
61181842000181
61284797000190
61333920000116
61482422000135
61518698000126
61597551000179
61760016000197
61762843000110
61766708000142
61777477000172
61839558000150
61868952000116
61885571000145
60322875000131
44723459000199
51140885000165
53016611000194
54726581000172
49955667000137
50461392000164
61998627000178
62093454000101
62442748000100
62443706000185
62492840000176
62524779000100
62574814000197
55543201000399
62862381000175
62918283000102
63120939000100
63249487000160
46520350000260
63282520000154
63320107000137
63531687000101
63704016000103
63826151000113
63900131000145
63927715000104
63952804000100
64039180000106
64058745000194
64113613000118
64132760000135
64191932000141
64205481000154
64236806000166
64258707000185
64258902000105
64311461000168
64398827000188
64517106000140
64528143000153
64529320000116
64540126000131
64562980000107
64578674000150
64595292000135
64677825000128
64754821000104
64799450000179
64858309000108
64896390000102
64907683000148
64936338000132
64939497000190
64084059000198
65027879000100
28229950000373
65212245000128
65244713000146
65274627000186
65300419000104
65355780000138
65367715000122
65445582000165
65478795000193
65577163000187
65602801000172
65684324000131
32525490000217
65852884000158
65899227000166
08859526000214
66086616000135
66088905000173
66131858000101
66161932000124
66252204000128
66309551000140
66320155000113
66336391000128
66414951000115
66438148000110
66439859000100
66457269000100
66475325000139
66477600000153
66574545000110
66580270000127
66507719000121
66654293000139
66673107000109
04950586000106
92790245000188
04981408000142
05019491000136
05019519000135
93930089000176
05098475000186
00169295000124
97028583000109
05365244000191
05366307000124
02015661000116
05380261000106
03714612000134
05391290000165
00423440000151
00430775000105
03846192000140
02216148000193
03915518000143
05606831000125
05618528000142
05666505000103
05689440000111
04059442000164
05758315000116
05931038000100
04281124000143
02652891000196
06061320000138
02690932000139
06132250000161
55250179000127
55543201000127
04500871000125
06241218000114
04573328000158
56429558000141
06281930000147
04635474000160
02910969000125
38469722000162
06910081000143
02977776000191
64565732000292
39409081000113
77308625000140
01478589000109
03111329000118
07087047000183
03145207000142
59873950000173
04939651000100
60223872000140
07178178000176
60632072000183
60645959000106
79732897000106
61254884000103
03284609000128
01639980000130
61392155000105
07251560000168
25099482000100
44550606000176
07358498000108
08987802000149
83283580000107
65077968000161
27825256000194
28126944000129
49666019000160
67299602000162
13012927000193
51788313000197
68408335000187
31885106000143
14597850000123
69980514000157
70022074000104
33800913000141
16770562000154
17245655000122
07426327000179
19532514000116
07788165000119
07935070000180
03118356000112
02946345000168
03286628000193
03246708000115
03601683000120
69249670000142
07826941000128
00418261000126
02072350000199
02384620000105
73421208000158
07057104000181
40621435000178
72271877000128
38074225000165
06189711000132
01207839000168
25962598000120
76872332000128
04768449000155
71420889000104
21661871000126
54889076000149
07310917000131
54878277000140
42851451000182
77318731000104
42086538000100
08106875000184
07721955000187
04152742000193
01081888000105
07710198000146
08188424000133
08199476000105
08691051000119
08738198000117
09021985000106
09474129000106
09620761000110
10356915000198
10213461000104
20271721000143
09574193000169
10576524000189
10649696000135
10681206000188
10693735000100
10754480000130
10809350000157
64196066000262
11080150000179
11393258000111
11404499000119
11566846000100
11649615000160
10962679000234
11999378000167
12016761000110
10207105000250
12370601000175
12421209000108
12578873000165
13035546000120
13307757000174
12423629000123
13075545000109
13629773000183
13710154000119
13888539000170
14028890000154
14118659000151
14176197000129
14311072000164
12558325000173
14419134000156
11209393000164
14551669000186
20412548000156
14674361000128
14778826000190
14822564000114
15028785000188
15122303000154
15133033000187
15268211000187
15345348000198
15400813000146
10765221000104
11795688000160
12112852000150
15362057000108
12364605000221
15494512000129
15533271000180
15723326000114
09199838000120
16614972000106
16763360000185
09221966000123
16880883000101
16936838000121
17089837000151
17275286000110
17298490000157
17407833000174
16444052000197
15169777000232
17744396000184
17778402000114
17995803000126
18143872000174
09009957000173
10356675000121
12433861000142
16685420000199
17177782000131
18686185000103
18882628000123
19017229000167
19127439000108
19313481000113
15560381000130
19726336000164
19736046000100
19773876000107
20032046000108
20107953000160
20547754000173
20731438000157
20829580000131
20957491000170
21006421000108
21156071000158
21238009000105
21241250000193
21125535000169
21338234000113
21354742000195
21436774000130
21478499000117
21937389000176
22257982000134
22262613000130
13674885000237
22575600000110
22659840000101
22848041000175
23144715000113
23401699000105
23427799000100
23551632000149
23599132000187
23216058000172
23711311000164
23768100000168
23778546000173
23951118000109
23975805000156
24071405000189
23916157000167
24245373000190
24326591000150
24607648000199
24658024000109
24853630000177
24901029000102
24988683000103
25011050000103
25243887000170
25288605000150
25324659000124
13224360000119
22878024000180
13875348000174
19429782000107
08805630000145
12817351000179
11167802000107
20662893000148
37544111000250
23245066000147
24977212000191
18192960000166
24671160000120
17220054000670
14427158000157
16799441000135
21895721000187
16859709000187
12629407000161
11160339000171
26031616000113
26230637000168
26315014000198
26504086000183
26588687000111
26941305000191
26981554000100
27378329000147
27403706000150
27408339000188
27729061000140
27895084000125
28059602000133
28149741000158
28243151000190
28260944000117
28301774000171
28359375000161
28404250000106
28508960000186
28672490000191
28673825000196
28701305000140
28742057000185
28744635000112
28925773000106
28943224000156
29028912000153
29221115000198
29255402000119
29405023000168
29420019000179
29491624000130
29549564000160
29592788000154
29695906000150
27705853000185
29835517000182
29842318000100
29874317000139
30028671000121
30202300000114
30379601000118
30462112000125
30563692000147
30589066000120
31144888000160
31247736000192
31401746000130
31788182000130
31810979000197
31923153000134
31055027000105
32005508000179
32067343000160
32192227000172
32274132000106
27616611000115
32342074000100
32907904000191
33163356000103
33179158000120
33431576000162
33446900000116
33656913000110
33702154000184
08616569000511
34127250000109
34282324000181
34712777000109
34747374000197
34751329000106
34812637000102
34887960000137
35026702000129
35057349000144
35170367000138
35184998000106
35310195000150
35325320000104
29167852000230
35649984000110
35720303000163
35734584000103
35870266000170
32070128000118
35897942000107
36051809000190
36065821000153
36198040000137
36371192000190
36371838000139
36409683000182
36654357000130
36700787000141
37028509000152
37080968000185
37105734000145
37133708000120
37289272000163
37317711000102
37341029000147
37347599000144
37567103000148
37625424000151
37684700000152
30633569000155
37913807000125
38102931000173
38165043000108
38219635000157
38260668000140
38279536000160
38375867000102
38414034000103
38657935000118
38708758000151
38829378000175
39336804000100
39609004000107
39629580000116
39648151000196
39707016000174
35122168000154
39726009000110
39781461000184
30783630000140
39921243000106
39983519000172
39986635000145
39987758000109
40004823000100
40007242000121
40013196000173
40075369000188
40184272000103
40349085000132
40352851000118
40405507000140
40488937000172
40559408000112
40643505000199
40756765000170
40913425000106
40946877000194
26209925000130
41074202000165
41141403000138
41375778000162
31888244000186
41644694000187
41776706000127
41502913000193
41904088000153
35171117000112
26745451000141
42027373000104
42033655000106
42034548000100
36676318000134
42689300000170
42747228000190
42770361000167
42846546000108
42929432000121
42972587000140
08199476000539
43284172000147
43355611000165
43419984000152
43477160000139
43644128000109
37638650000177
36775159000125
27582120000109
36922675000135
38320910000124
33978346000118
39886961000180
37159802000159
42404683000192
26977113000135
26940041000151
29785833000197
38231852000162
31552137000182
39999967000164
43003567000124
41772157000112
38321825000180
30996925000103
36497021000101
43940401000134
44046306000154
44122887000166
44295439000164
44493735000170
44667976000198
44755987000120
44772493000153
44787355000148
44857843000184
44869013000177
44940183000109
45246978000176
45348684000155
45469093000136
45492292000165
45515580000198
45795999000140
45828129000120
45907814000142
45932419000110
46011570000188
46056455000120
46274199000147
46348051000100
21447306000241
46470848000185
46554718000120
46559768000109
46833277000104
46890647000137
47034063000122
47143270000115
47228149000196
47335006000183
47456492000198
47466394000131
47554040000149
47598712000118
47685592000196
83730390000697
47732908000153
47767432000196
47797470000191
47822095000192
47858421000111
22186181000478
48061646000105
48135985000199
48189429000103
48242137000189
48273299000184
48332752000186
48386077000178
48507129000117
48661922000176
48902224000115
48934572000174
48987944000120
49380974000137
49464573000165
49538120000136
49617839000162
49722461000167
39409017000302
49791980000187
49941097000126
50075813000119
50101778000165
13570740000296
50329245000135
50429379000128
50442668000167
50501754000101
50561958000120
50660071000199
50712037000110
08199476000610
04694713000234
50833966000188
50839012000182
50874556000185
50994330000118
51069469000118
51084039000175
51094965000121
51107798000106
51229039000116
51260395000100
51261577000198
51337625000184
51420501000168
51436700000164
51444714000120
51451988000146
51454648000179
51505240000189
51555446000113
51587880000185
51592035000106
51625923000170
51681309000125
51685018000105
51749566000151
51759696000175
51866229000144
51924577000120
51989236000133
52022801000151
52153593000120
52179811000103
52292230000175
52294794000147
52426486000128
52446621000105
52498434000167
52582873000153
51668680000157
52673804000155
52677081000162
52685546000127
52818592000157
52826957000195
52851670000115
52857124000191
52938399000150
53036937000183
53127504000133
53180322000126
53244573000127
53246876000189
53307696000160
53349495000125
53397732000123
53517625000191
53963432000164
54065312000102
54176736000144
54304748000107
54336592000146
54445370000161
54626736000107
54725935000164
54809216000121
55029196000139
55085183000187
55089060000114
55191341000183
55030475000112
55233551000197
55306676000108
55407684000132
55424176000162
55557019000125
55569152000100
55589247000187
55667167000100
55930645000115
56144293000135
56294639000181
56364853000167
50475013000276
56887948000165
56958021000179
57041042000198
57055596000144
57092647000108
57100126000155
57107954000115
57121441000169
57127265000172
57255798000130
57587489000167
57641936000119
57775049000133
57775794000182
57780376000183
57788221000193
57894718000196
57941911000130
57959319000166
58154644000114
13570740000377
58301750000183
58457079000164
58461516000113
58525531000188
45744038000107
58643280000136
58682539000158
58744895000159
58771267000162
58787853000103
58824440000143
58850999000148
58901384000101
58983781000161
59004834000118
59315255000196
59331848000146
59348809000151
29283650000254
59450931000134
59452001000110
59458298000120
59532781000108
59957023000131
59983073000193
60120156000138
60150831000171
60188389000172
60436650000106
60444755000107
46688756000257
60559782000125
60628750000134
60666969000128
53608472000198
60893870000169
61046453000143
61177194000190
61347533000139
61510717000178
61539083000186
61594504000171
53855772000171
44108333000104
47878280000107
51492054000152
52645508000140
58923522000145
53808147000179
46134735000109
13763171000203
62019837000130
62112673000190
62146985000115
62205701000114
62212032000108
62233461000161
62254665000189
62274043000112
62274909000195
62335122000196
62375129000131
62398024000106
62404210000100
62565219000195
59556790000210
62805329000187
62827568000138
62846949000164
62854176000168
62924696000108
62671922000188
63014141000183
63043484000176
63127722000121
63419156000121
63463262000102
36697765000331
63617558000130
63688962000103
63833251000177
63860984000109
64026083000170
64360722000130
64402640000100
64448268000173
64450734000155
64483796000163
64588609000106
64608943000184
64647863000138
64678698000181
64685620000194
64689756000172
64723988000108
64731768000118
64828366000136
64876641000197
64944924000129
64976369000117
65061081000185
65303097000157
65410305000117
65618943000128
65650753000198
65693609000139
65716454000109
65755733000181
65813240000150
65823196000160
65892293000104
65931435000103
65956980000146
65996580000164
66134475000189
66175067000175
66235661000104
66325938000190
66344752000188
35078460000206
66396138000160
66424931000125
66440465000171
66583718000166
