66621827000120
66662318000146
66670018000109
66670706000179
66685036000164
00009139000104
03318494000145
01671560000130
00020999000130
04967314000119
04977493000175
01689624000120
01699468000189
03364295000173
00098519000154
03384821000167
05041295000168
05044976000180
00125054000183
05070168000197
05083784000182
01782326000180
00159480000138
00175207000105
05128574000163
03481097000190
03512521000116
03521182000134
01877009000148
01905475000190
01913069000179
03593577000142
01922898000118
00307647000160
00307798000119
05274189000124
05276369000145
03628162000167
05306589000174
96807136000187
05345451000184
97162093000192
02011428000165
00400047000142
97355853000188
05385586000173
00414943000160
05390838000152
05413425000146
05417970000100
03770438000147
03780705000167
02149291000100
05501727000176
05526062000155
02184615000140
05536251000109
00570422000100
05547011000100
02202310000114
05563146000169
02214428000162
00611825000142
05591949000127
05603115000194
37202942000324
05641170000179
05646430000107
03391297000232
00682834000124
05678415000132
00737374000194
02376172000190
04083643000105
00759062000181
00760408000161
05745297000138
04105911000134
00778945000139
00805998000100
05803113000149
05804503000133
04156732000126
05827854000160
00836232000184
04177022000182
00846425000116
02478313000185
00858277000150
05880331000187
00891241000178
02521777000127
05900286000185
04251233000118
02546619000121
05977097000100
00964393000153
02592649000174
05984500000129
65371460000333
01003760000115
01004568000143
06090947000117
06105761000194
06109723000100
04447606000120
04461568000160
01099435000106
35264027000176
01103888000150
04487858000183
06164894000131
06638852000195
06166637000139
02755032000122
38129847000224
35739721000100
01154461000181
73734824000169
73760712000182
36020238000126
04548811000182
02804636000111
01190267000151
74031824000165
36298891000151
74048828000156
06241461000132
01196343000136
04598630000160
06774608000150
02865155000116
06310777000139
56904139000114
74727082000107
37273794000177
01274310000167
37373966000184
37424579000120
57331944000169
20281010000150
57486136000170
07477939000271
02939146000122
38129847000143
38147138000190
06880430000121
02952763000168
06894991000180
06919046000195
01364723000132
02989567000168
06934974000129
02996357000105
21305313000128
03015344000162
04796334000174
04815377000150
01419223000150
07001336000118
04856709000144
40470494000192
59299958000178
78007259000151
01488693000176
78126141000142
01498353000126
22613582000114
04934652000154
41280181000134
78532306000186
41562810000119
07153642000170
03193023000158
41637661000100
41765892000107
03220135000150
41938655000192
42094110000100
03240567000123
42129056000190
07210850000163
07216207000147
07223644000198
42833772000154
07239394000184
01637067000102
01644771000184
61457966000147
43085372000170
07272632000153
61794426000159
07323024000120
62435938000191
25351438000145
62557723000143
07361938000186
07364216000185
07366879000139
62978457000122
45443728000126
26018390000110
63429351000132
63454482000170
08377731000162
08490591000134
09036336000189
27356245000102
64537632000171
47994199000184
65185100000185
84156256000182
28174985000190
10263887000164
10340362000185
10415636000158
65853632000143
65959256000176
85150167000191
11058146000104
66754698000149
50120690000190
11737491000174
29931631000106
67791293000143
67817080000143
88127998000130
68036904000100
13457528000136
89005292000169
52186285000109
14152045000196
14157366000183
32245078000162
14580914000183
69342772000108
32621260000170
69717312000117
32867012000104
32876963000140
70152699000190
70153994000161
33516725000196
33645441000108
33994344000112
16307241000118
72131170000116
72971278000117
72973480000188
07403999000169
07405516000165
07442209000154
07446363000102
07514211000191
07518003000160
07522376000105
07567311000186
07584514000180
07609435000187
59068429000163
00657146000104
07639185000128
07692248000100
07754689000199
07772669000140
07799318000123
07849305000111
07850693000150
07867014000156
07906067000139
07913600000190
07932931000177
07606166000103
07995339000114
08081412000105
05731691000117
03169734000197
53415303000131
05129692000196
07247543000157
03998009000121
00983347000100
04485632000143
03129258000180
96282611000149
07849541000138
01232193000179
05843141000190
01823474000104
07664365000160
03304740000100
05059587000128
00151946000159
03484966000130
05211942000132
01051554000180
03561202000109
00282698000185
95780920000186
00311570000100
01958496000173
96620620000100
00419731000176
03823296000139
00622368000191
04038697000140
04050001000100
04316312000160
01033121000100
17644915000132
74604596000175
74656018000182
74771239000100
06334802000114
76155704000103
03005186000160
04873146000100
07069662000167
07092106000101
01576203000193
45059219000102
07717283000136
63749915000114
10372704000149
29640398000102
50322676000170
13313796000184
13339247000189
69630036000155
14945174000131
90922790000155
72848054000112
07489794000148
07908679000160
08115820000130
15244353000104
03696316000158
31513849000192
01685169000195
05014180000184
00106634000123
00163360000104
04072879000138
05777899000177
00869656000145
00971877000120
75508002000195
41275389000165
07269354000185
81640666000106
54509682000191
07436302000156
02765146000153
52658697000196
06901738000106
00795250000165
65498438000197
00450828000141
21705066000157
00252549000173
01956004000100
03670245000114
02356175000161
05950363000101
02594097000133
35036300000296
04486679000121
07569446000180
02981907000104
04780650000158
03032242000155
01503737000190
42800292000197
07257136000120
35083898000193
41253774000292
06949004000105
05703383000188
02718016000160
64620420000153
04857979000170
07706461000123
71316715000104
04632337000172
31093339000103
73661324000144
65812596000170
07514783000170
06935505000124
59790832000100
65908055000140
04794044000191
87232286000119
00299577000146
56081490000152
07179721000150
02052419000112
07209141000168
00387806000184
33529900000180
37202942000162
33745035000109
68718568000186
08140742000124
08176220000182
08201407000199
08214442000142
08222099000188
08321398000170
08418831000190
08423564000149
08458237000122
08505689000118
08546649000114
08561820000164
08735446000176
08784952000155
08832571000102
08866552000199
08939930000117
20226222000134
09002824000175
20227512000100
09053243000162
09101944000120
09118992000120
09135821000100
09154218000175
09162908000176
09228383000124
09261028000157
09261308000165
20235829000180
09310262000127
09333846000118
09363583000190
09392756000106
09393600000131
09414291000139
20240961000180
09491533000198
09506223000108
09510438000194
09555026000170
09575187000126
09664718000157
10292253000130
10015414000148
10015697000128
10398826000104
10399510000137
10211941000128
10207311000180
10235538000139
10264882000156
10278948000167
10561064000115
10590760000150
10626473000152
10662597000193
10715163000104
10740832000106
10770482000112
10789715000129
10793003000183
10833468000110
10849282000150
10863387000163
10974692000122
11044479000184
11045985000198
11060898000100
11138589000105
11150782000161
11151194000142
11167346000103
11203772000147
11232657000109
11242847000107
11260335000165
11295297000186
11308364000150
11319731000110
11326892000131
11330179000161
11334112000103
11385578000120
11411957000147
11422241000145
11493330000182
11523392000190
11544201000176
11545277000116
11547323000116
11537127000160
11563500000158
11580023000139
11598972000146
11608868000195
11615034000107
11620186000106
11713173000173
11713558000130
11719757000156
11722351000122
11739003000168
11744491000100
11768106000156
11772904000151
11776174000167
11804948000116
11828576000168
11829559000145
11831048000168
11885771000120
11903951000197
11921009000151
11921219000140
11935174000162
11979076000127
12007251000187
12060530000104
12067563000186
12075069000163
12091293000149
12102781000104
12111925000199
12116777000103
12156365000199
12202418000160
12217646000104
12229516000191
12254758000135
12279132000183
11377406000295
12285428000107
12299263000122
12315765000108
12316740000110
12379480000122
12380254000161
12393057000187
12395969000198
12424736000176
12444053000180
12452229000146
12456017000137
12458728000140
12467532000112
12471875000150
12492124000110
12506798000127
12513702000158
12536572000179
12556058000103
12576368000181
12348969000137
12589902000194
12606352000174
12610108000185
12630902000190
12632036000177
12641685000134
12642640000184
12649170000180
12650108000109
12650246000198
12650278000193
12660116000136
12660175000104
12674185000107
12689711000102
12697253000145
12717084000168
12726308000106
12732602000112
12736010000179
12736428000186
12755110000142
12773171000132
12779817000199
12788705000102
12807691000119
12818510000150
12818913000107
12825455000125
12872778000170
12878498000179
12886811000110
12895928000160
12897517000104
12898232000198
12927236000157
12927361000167
12961501000113
20358811000176
13082704000100
13091649000107
13106670000139
13106863000190
13113990000116
13120218000121
13122976000189
13125509000102
13141899000104
13186442000116
13186545000186
13201708000152
13203771000128
13245807000136
13247944000100
13269387000128
13292325000137
13304070000185
13379787000196
13401934000187
13468496000174
13497032000196
13497103000150
13514325000134
13515053000197
13547627000109
13561099000142
13562709000122
13601734000178
13622237000156
13626693000174
13637594000198
13640276000186
11798835000155
13676686000187
13711303000164
13776532000167
13802006000124
13838193000104
13857742000180
13863366000136
13878024000190
13895549000133
13906529000110
13942613000190
97547583000107
13980980000188
14003472000102
14012762000112
14027363000125
14029915000134
14032253000151
20393078000120
14117630000155
14134490000123
09245510000101
14226185000161
20400053000107
14276531000116
14343406000181
14378666000192
14452838000120
14482716000187
14499109000120
14520079000196
14548794000137
14566938000188
14604335000123
14618440000111
14702136000158
14705681000106
14730575000174
14751209000100
14754554000199
14777238000132
14834603000101
14836401000190
14879820000100
14895514000167
14906951000139
14910556000120
15020858000195
15047207000199
15094676000169
15136403000130
15145478000187
15165820000100
15205454000176
20430470000100
15225514000112
15291749000102
20432987000120
15320375000106
15372674000194
20435713000195
15395806000101
15408114000142
15426022000195
15438150000159
09251272000139
09306771000186
20441121000186
10435061000135
10853119000160
11519070000177
11591544000191
11663517000187
12244622000144
12275193000172
12490994000150
12547219000194
12611286000120
12908378000177
13143337000108
13159232000139
13218703000132
13496598000101
13834082000111
13932712000190
13935061000192
13953917000152
14481663000180
14593239000127
14826371000131
14866791000141
15334786000150
15371324000103
15382806000169
15396298000178
07976009000262
15479004000171
12154338000187
15550640000142
15551904000182
15554197000188
15566675000170
15610079000140
15616026000136
15668289000199
15697844000100
15765095000101
15844433000109
16101924000114
16103666000105
16696508000106
16710936000146
16718358000194
16735954000182
12112169000112
14479213000152
11371703000142
10730779000154
16771117000109
16779942000150
16789580000188
16809150000180
16837151000139
16851232000193
16864416000198
14221100000152
16940738000179
17023889000125
17094769000119
17222764000124
17225151000140
17263124000162
17289140000124
17297111000104
17297215000119
17316248000169
17375840000131
13075129000100
17391099000100
17405774000103
17419436000112
17462161000108
17475966000188
11666941000185
17566980000197
14088566000121
12831013000191
17625430000100
17630032000173
17731929000193
17744258000103
10467270000160
17792641000129
17856933000188
17863412000158
17878153000139
00835721000200
17913592000135
17954060000146
18024103000157
18049230000100
18057607000173
18087481000180
18128403000186
18148532000136
18153388000126
18190287000125
18232631000100
18257260000102
18267363000153
08599117000145
08698428000161
10268716000128
11792755000192
11831124000135
11942723000126
12029572000182
12648900000129
12734830000121
13740291000104
13969105000103
14032917000182
14538942000132
17255093000106
18298522000187
18306732000170
18448566000146
18456272000166
18472872000118
18477776000162
18521139000146
18598133000177
18606340000126
18609434000159
18641518000170
18747760000122
18827068000104
18858724000136
18902428000195
18927297000109
18945918000179
18947110000120
18989700000116
18992063000137
19005952000126
19008901000158
19036303000192
19052785000174
14853127000168
19072766000100
19072964000173
19084846000185
19110938000192
19167192000153
19200455000189
19201601000190
19221463000101
19252799000131
19284810000145
19313780000158
19401673000181
19420701000108
19421207000168
19431404000168
19462979000148
19481769000105
19486637000168
19542866000152
19543755000160
14793887000127
19627234000191
19729209000119
19746318000144
19780643000123
19794291000165
19840468000112
19898682000120
19928108000177
19938264000119
19978813000189
19983390000195
20122151000120
20526278000104
20590839000134
20648856000185
20670819000173
20679587000114
20729312000148
20809175000151
20811891000173
20830127000145
20844808000162
20885699000121
20889808000189
20890922000129
20892932000101
20909807000159
20966780000136
20978047000131
21041037000138
21085125000131
21090621000183
21142778000105
21143026000169
21167570000140
21170821000146
21187584000126
21212480000124
21221047000155
21234472000189
21237703000108
21273924000131
21312718000193
21319622000157
21349112000122
21374919000115
21450206000193
21458231000113
21470518000169
20935123000121
21532844000153
21558900000129
21575385000195
21640366000103
21647594000105
21655882000101
21699215000112
21704082000125
21718400000107
21780615000158
21904601000107
21908394000150
21935126000128
21988265000110
22009938000105
22051597000136
22074240000173
22087040000155
22114515000155
22119468000132
22127380000162
22175606000109
22254796000141
22260468000158
22301018000166
22364437000147
22384584000189
22424059000140
22436167000132
22501344000117
22543750000142
22622838000150
22645926000177
22664149000108
22695345000140
22726841000113
22727462000148
22735822000153
22737994000166
22748702000190
22819959000196
11795452000123
22947760000143
21477382000119
23039678000183
23068183000182
23099117000170
23181329000100
23192083000163
23210846000151
23291490000128
23344767000133
23402069000147
23494045000165
13256785000290
23548469000165
23637492000126
23658915000194
23715831000145
23740609000100
23773894000158
23810182000161
23836770000174
23897917000136
23929077000146
23948295000128
23964071000100
23995841000181
24053939000182
24061256000177
24070442000172
24104760000107
24137917000109
24172236000173
24190822000140
24191061000141
24195574000120
24249207000162
24318934000134
24329090000127
24360726000101
24382743000131
24390800000124
24500311000188
24587997000196
24588432000123
14894415000160
24639738000161
24703947000127
24791754000175
24794376000183
24858780000173
24865722000177
24907854000114
24908144000109
24911639000197
24930576000116
24943255000156
24987862000118
25016418000118
25022536000139
25027823000131
25037376000100
25071771000109
73741126000271
25146228000115
25158159000160
16567472000160
25274658000112
25307910000142
25318150000179
25330133000157
25407749000189
25681049000188
21506620000177
25094015000197
23550813000150
24077808000135
12557931000174
12724595000107
15482512000109
11788336000187
12306590000164
97545223000176
13579144000196
12202203000140
12652796000146
13774715000143
18691705000168
12213706000110
14026925000116
14538802000164
13193490000131
23105658000163
24576131000180
13881821000126
12478410000121
12950149000110
21655282000135
11606473000153
15473468000170
11866839000204
19294277000100
19522480000189
24019869000146
11101419000156
23012430000129
16880647000195
24338313000112
17880518000160
24517945000143
21344333000108
17122892000104
11040892000170
22123396000105
19120292000124
19175347000101
24582106000109
19248237000114
13710354000171
18495003000109
14619318000160
15258997000151
19905013000138
20084383000130
12895818000107
10989709000115
15694891000109
15737271000100
24711588000150
21890567000150
22969343000100
17564142000184
08236090000126
10406099000180
21470429000112
15555200000188
11933468000155
18557695000172
15528520000149
11515336000103
08945794000178
15138890000170
21494892000102
24148502000122
15023845000170
21541139000112
11412316000107
14471755000189
16985042000169
17891848000150
25385344000197
16857137000105
13487077000180
19807215000147
10738580000172
13400846000160
18325002000116
14477802000100
21101157000183
19820954000179
08770887000109
22910751000188
14273306000126
12589960000118
22880211000107
24373716000100
11653526000197
20424596000164
20763111000167
20297676000104
24247795000103
24798075000128
09091062000120
11974658000110
12590528000147
15470598000150
22321482000114
15594586000137
22965185000101
16639459000170
19957037000130
25977978000139
26019309000117
26029685000192
26033984000109
26066471000196
26105187000181
26110248000107
26125986000110
26140457000195
26216826000186
26222093000192
26227424000187
26234653000129
26239445000112
26290514000112
26340481000178
26358590000112
26414337000139
26418789000199
26448162000180
26455629000110
26479146000155
26480802000130
26520952000120
26562490000103
26642001000123
26643848000122
26653027000177
26675186000172
26708726000177
26713331000162
26734803000163
26748915000173
26753782000123
26807045000166
26808813000104
26843376000151
26853013000105
26861624000197
26871375000110
26871388000190
26901316000148
26952868000185
26955502000160
27010608000153
27012826000127
27041262000150
27047990000170
27110757000194
27123522000137
27159324000123
27195589000187
27212701000140
27283965000195
27305594000103
27360549000143
27409715000159
27423505000115
27436459000199
27459402000105
27459465000161
27476264000172
27524448000160
27543975000112
27597351000188
10596051000262
27639823000118
27670302000123
27679345000170
27699613000115
27717056000118
27717173000181
27731424000182
27800786000188
27924816000168
27936698000108
27968035000175
27988238000123
28000218000165
28041063000105
28095122000128
28115070000104
28159643000100
28168804000113
27560483000135
28191335000153
28202295000106
28211952000173
28258338000167
28285800000115
28288436000147
28294822000141
28307169000108
28313075000141
28338734000102
28343039000120
28418974000109
28437896000190
28454047000144
28476264000135
28489497000172
28490776000156
27423187000192
28522150000184
28591058000176
28604492000143
28618441000170
28638595000124
28645600000126
28654141000147
28664762000101
28673437000105
28677422000115
28699732000130
28717922000133
28721469000139
28729196000179
28730855000197
28739668000174
28760225000165
28761486000108
28774557000107
28777604000168
28871271000131
28871816000100
28892134000183
28893599000159
28909640000138
28954776000160
28965162000183
28995480000197
29072559000109
29098184000156
29126253000198
29135532000118
29148644000103
29160337000148
29175792000117
13328444000283
29212494000150
29241923000117
29289846000175
29327709000188
29384090000143
29405856000129
29434861000160
29453332000103
29457591000102
29495000000191
29505569000190
29531709000103
29545848000188
29571037000151
29576228000106
29602131000120
29669671000121
29699459000107
29722495000144
29741226000125
29744897000140
27672136000102
29773316000106
29816875000148
07024313000200
29917260000108
29929673000102
29996198000197
29997028000127
30128497000199
30165150000116
30179187000101
30196052000146
30215762000176
30308023000129
30333376000189
30334610000192
30359713000107
30366515000170
30383345000132
30417317000199
30419226000192
30427794000135
30433656000169
27245244000190
30473563000168
30543196000121
30563156000141
30571713000176
30588550000134
30598034000190
30602466000128
30646581000102
30664145000158
30679170000105
30711133000137
30722071000169
30737622000168
30762865000156
30781898000143
30802790000190
30804364000195
30334664000158
30882041000110
30886722000156
30924148000183
30938155000134
30945185000178
30989188000103
31002583000113
31016107000151
31047211000103
31095609000115
31117176000151
31125559000171
31133868000193
31138593000180
31205724000103
31217913000198
31270181000108
31308781000100
28547620000164
31341864000109
31345899000108
31347912000168
31366254000151
31379186000165
31476797000121
31487880000104
31489881000180
31508166000147
31510818000188
31512430000116
30986579000174
31534981000180
31556987000159
31584397000130
31620764000103
02350558000203
31710516000153
31723154000135
31742433000146
31841656000160
31875350000125
31880025000150
31901831000168
31926971000190
31954435000107
31986074000172
18132740000228
07457087000250
31617458000118
20430806000208
32124684000120
32151923000130
32173394000176
32203939000140
32214262000145
32259975000125
32279185000101
32296180000197
32301189000149
32357947000140
32358958000145
32388378000109
32400957000111
32401974000173
32412095000147
32415177000145
32438551000128
28635560000131
32479118000130
32482215000182
32492643000196
32496991000131
32517244000132
32530634000142
32567102000180
32575526000196
32615315000130
32650671000194
32665683000192
32667526000116
32684348000131
32687503000173
32733275000120
32791979000150
32891300000102
32901226000150
32914119000166
32948306000160
32988365000162
33019593000197
33094719000198
33096424000150
33105274000102
33128065000176
33135760000165
33164430000106
33215878000101
33241039000150
33244688000104
33254659000123
33259141000182
33336442000162
33342613000166
33409859000108
33447812000139
33475268000139
33481432000110
33502564000181
33512479000102
33517727000108
27184417000108
33587472000141
33628403000139
33629587000151
33648115000146
33661960000151
33717352000111
33759940000118
33761754000113
33825482000178
33830816000100
33847134000100
33876577000110
33960051000114
33967205000108
34024336000106
34026602000130
34098466000193
34106448000106
33329086000150
34186787000140
34193013000146
34197631000164
34198752000120
34235396000178
34263064000105
31663381000112
34284074000119
34303815000161
34352669000164
34360006000191
34366943000154
34369965000178
34418906000142
34436335000179
34451253000101
34468432000143
34530106000119
34535207000182
34548477000128
34549833000128
34557765000149
34725910000153
34752133000136
34783437000160
34792258000190
34816540000160
34860677000111
34928178000119
34951593000193
34958499000166
34989618000148
35028982000104
35047037000150
35053290000116
26414010000167
35081563000136
35098699000159
35117083000188
35152690000189
35196496000103
35197559000138
35209009000191
35229026000190
35235284000180
35240220000177
35248622000118
35286514000130
35288722000178
35293633000110
35304585000118
35322923000144
35357642000127
35395137000177
35414711000197
34946094000108
35535133000147
35545968000188
35568110000139
35602511000168
35637785000192
35648730000188
35724775000194
35729855000132
35733833000146
35772076000110
35772781000117
35824447000160
35843209000100
35860883000194
35867162000106
35922311000192
35940822000137
35943722000164
36006527000170
36036806000187
36039358000175
36053407000124
35142037000139
36091504000101
36093511000142
36103415000138
36109147000161
36130523000108
26537115000103
36185120000158
36203885000173
28734371000116
36275281000132
36347339000106
36366728000189
36388743000128
36435185000104
36452125000108
36453292000165
36456244000120
36457214000139
36460317000158
36470737000115
36529086000191
36581556000166
36629743000172
36631056000191
36679284000131
36699343000133
36709423000122
36821195000188
36858811000175
36934710000136
34914891000103
37013082000119
37029520000137
37040927000165
37073081000160
37090531000122
37094177000104
37107339000100
37140603000107
37158992000190
37221580000157
37268486000153
37279244000165
37284534000105
37286029000191
37310555000140
37310622000126
37313523000106
37329569000105
37350183000185
37407492000144
37416325000160
37429607000100
37435585000182
37446621000103
37459935000140
37463870000107
37527076000180
37549779000109
37615142000173
37617504000165
37651637000158
37662615000193
37714717000105
37753005000103
37778204000168
37782193000190
37818434000103
37114623000103
37825570000120
37829494000121
33248955000111
37882194000106
37913665000104
37914266000150
35047564000164
37985916000158
37993879000120
37999768000120
38017426000120
38033343000125
38048525000170
38055110000123
38061526000154
38093195000134
38097946000190
38154851000161
38162242000154
38169494000105
38184442000108
38330925000173
38337043000130
38343464000173
38348757000143
38386995000143
38410198000154
38415988000122
38423197000144
38461987000114
38478873000187
38538605000103
38650395000140
38800023000153
28605309000124
39291487000144
39317878000190
39476574000176
39528700000199
39546086000198
39562271000176
39575495000112
39594467000142
39596975000160
39643349000187
39644492000193
39644900000107
39695956000190
39712125000180
39725926000180
39743106000110
38333904000101
39801768000108
39825967000148
39884049000190
39884981000112
39897311000130
39951778000111
39955113000186
40076797000125
40181911000187
40184113000109
40190699000114
40208120000101
40233468000140
40256169000121
34209834000123
40266275000196
40269889000121
40339247000151
40340483000198
40360163000108
26066634000130
40417476000147
40418343000195
40419877000136
40428188000198
40452549000131
40459468000163
40478720000181
40510058000108
40516964000101
40523117000174
40614187000138
31396073000259
40690608000100
34062486000104
40747771000161
40772582000149
40776257000154
40806439000120
40846433000187
40859478000196
40881859000171
40898279000197
40911249000173
40919589000140
40952320000166
40962266000130
41020838000124
41076301000186
41112315000108
41133213000179
41147255000169
41157039000102
41168694000158
41201507000190
41238526000191
41259512000154
41290445000130
41339501000184
41352921000109
41386680000100
41446676000190
41448845000121
41452973000149
38109887000123
41494982000100
41497745000195
41522660000110
41575568000118
41092654000170
41663230000118
41674768000128
07129648000373
41728547000195
41732809000195
41738007000192
41757920000136
41761331000121
41824233000196
41861970000169
41868527000110
41882086000100
41884809000100
41889535000142
41901108000132
41942554000195
41953485000115
27698316000155
34522498000174
27685027000111
35342128000118
37025670000172
28701850000136
39573343000180
27399929000191
39905412000106
40182069000106
41393057000185
41501899000103
31094000000121
31255926000151
41967793000108
41988917000123
36738343000103
42080990000165
41772009000106
42087596000159
42093148000168
42103766000141
42142633000184
42167660000101
42177471000110
42177917000106
42214832000150
42249768000143
32784879000104
39664183000266
42278597000180
42304179000110
42323917000177
42362340000102
42415909000150
42525970000150
42550518000149
42553015000127
42611696000132
42613698000160
42617426000139
42623364000178
42627189000197
42642824000105
42643821000196
42678230000154
42701983000133
42810865000163
42814345000129
42818620000182
37955830000182
42857299000145
42920782000127
42925194000186
42958950000173
42968663000144
43011031000150
43023700000104
43031298000100
43046037000163
43061007000126
43061040000156
43096872000108
41996775000146
43168565000195
43172425000190
43196664000180
43228180000176
37914217000117
43318570000137
43350465000185
43364072000120
35134525000102
43378014000156
43386521000131
43394384000187
43424131000109
43432924000170
43457386000178
43505263000165
43519300000194
43522210000152
43624518000109
43670750000183
43673899000116
43689149000132
43707738000104
27165876000225
43824694000194
34375483000120
27446850000174
35290380000120
26868840000164
41880399000120
33059280000162
34523379000136
43015731000113
37441885000174
40018282000179
33477189000167
33207224000128
41869316000100
40442382000128
39598254000199
43501411000173
42405062000123
42385050000184
43125951000108
36023648000120
29956219000140
33554020000163
43132060000170
30059757000111
36411025000125
37587095000100
33946623000100
43556244000168
30568275000197
39511594000130
32527852000128
36574928000127
29653793000120
38338807000101
29823921000136
27349261000178
30429180000192
30798758000188
31389435000101
33179424000114
36270440000106
37773554000131
39775114000149
29270177000190
32902756000112
30506667000121
37894876000139
33663177000127
43830891000116
43858344000149
43872692000170
43895654000133
43941506000108
43966947000164
43972916000116
43985094000108
44010470000101
44026380000109
44068131000186
44089933000172
44140806000150
44158180000100
44160086000195
44171712000149
44213630000110
44278065000179
44318138000109
44332131000141
44338737000194
44345900000146
44383642000192
44386298000195
44400534000180
44450978000120
44465659000199
44483098000150
44529475000145
44553166000100
44557447000131
44570419000154
44618657000192
44627841000107
44631618000125
44720295000146
44728067000112
44755339000173
44774272000114
44775564000171
44779172000180
44820655000181
44827086000104
44864465000166
44865226000120
44875364000190
44984301000172
44993246000187
45017354000187
45042562000136
45057035000103
45060724000169
45088823000159
44509914000158
45200605000164
45201094000103
45224584000117
45229290000188
45242836000130
45251185000145
45293211000106
45306350000119
45317596000196
45334733000109
45335802000190
45341421000114
45349779000193
45375752000175
45377240000148
45427050000198
45453470000149
45214747000180
45515365000197
45518387000100
45554922000189
45571131000167
45592216000121
45614874000177
45616540000132
45618000000198
45624508000107
45646348000199
45664574000100
45750881000104
45481085000105
45804413000167
45822208000124
45846214000111
45862520000141
45863273000106
45887436000182
45921936000193
70303805000351
45963953000193
45998558000146
46002814000166
46037782000134
46050618000167
46053363000196
46076266000119
46129707000101
46157851000143
46162569000154
46177585000110
46279376000188
46298416000139
46301104000137
46333128000178
46348802000198
46368419000100
46383179000104
46479233000110
46488402000188
46495469000140
46498299000157
46603663000100
46641432000182
46647663000101
46647833000140
46653562000135
46687008000179
46735565000118
46743980000113
46791550000177
46829410000140
46838750000138
46839094000198
46847293000148
46864171000160
11838642000504
11838642000938
46901353000163
46910277000152
46941160000136
46942242000103
47013474000131
47044379000103
47066651000148
47099514000100
47119962000128
47160565000108
47161444000172
47179244000147
47185328000193
47204878000102
47249770000136
12807195000327
47264562000106
09188067000338
47286774000194
47421619000133
47434003000105
47468401000134
45679939000162
47479926000175
47484610000171
47506213000153
47513373000120
47537510000166
47545204000171
47564727000165
47579530000108
47584242000133
38217026000240
47593117000190
47608651000122
47609481000109
47622704000160
47626959000109
47659521000119
47660735000105
47665876000110
47687673000125
22682168002615
09329914000256
47725272000112
47743626000151
47752335000120
47759201000130
47796772000145
47811174000106
47816252000157
11251916000300
47875763000140
47880563000185
47946072000190
47971648000179
48042616000151
48057512000110
48058595000162
48059651000183
48088136000121
48123620000144
48127582000106
48147187000187
48175308000102
46670366000179
48222267000150
48277484000147
48351769000180
48380967000172
44274242000149
48697009000120
48738565000105
36275281000213
49052422000108
49053554000146
49106400000175
49139972000150
49142935000100
49148817000109
49157645000121
49158897000175
49175427000110
49183402000168
49216458000171
49232430000128
48738392000117
49271888000196
49297803000149
49406760000192
49413177000109
49436530000176
49460724000107
49461068000167
49227227000163
49552046000102
49560285000104
49581058000165
49615163000178
49615563000183
49616979000116
49623984000156
49665943000122
49666695000134
49701305000110
49709715000107
49723578000165
49735879000109
49747529000162
49764931000155
49836922000122
22682168002968
49849551000113
49896656000123
49912508000155
49913922000189
49920079000168
49947068000171
49953553000158
49993103000199
45719253000158
50068942000180
43851628000103
50094569000131
50128543000167
50130981000160
50141820000171
50195944000130
50224233000146
50258775000130
50274311000117
50283360000116
50295923000196
50322472000139
50331637000139
50359845000146
50364896000166
50371024000125
50374049000182
50391900000185
50392115000147
50438468000130
50449944000119
50474563000190
50519093000133
50554230000170
50571128000183
50571687000193
50612917000115
50705082000148
50735747000166
50747944000103
50762497000153
50765970000156
50803863000175
50817408000129
50821394000117
50823649000180
50825257000150
44211749000153
50899263000152
50906801000199
50914855000104
50914973000104
50954222000111
50955958000104
51009585000141
51028563000129
51045022000109
51045774000170
51054691000147
51061704000105
51074860000100
51085961000187
51108790000164
51125677000197
51128529000126
51140140000104
51216664000123
46675931000190
51267180000103
51273059000194
51298082000133
51334854000145
51392260000190
39664183000347
51511033000137
51527105000134
51527501000161
51546006000108
51559713000120
51600608000198
51661744000198
51664165000107
51689873000194
51727264000182
51743510000190
51743901000104
51744739000149
51757577000183
51764791000167
51791373000169
51805277000122
51813503000117
32492152000498
51858612000150
51862215000152
51863008000112
51865732000185
51873786000192
51894727000109
51901424000168
51907214000187
51954988000169
51987479000132
52012848000134
52021943000102
52022813000186
47174467000111
46004102000186
52099541000112
52175047000190
52191444000155
52195136000106
52201426000107
52225748000196
52249350000190
52266593000136
52271477000105
52283415000113
52286490000138
44070076000240
52309007000193
52335013000115
52384513000147
52385787000150
52420826000103
52518765000111
52587689000104
52657502000193
52695380000120
52715924000178
52729257000182
52766107000149
52782404000188
52803450000116
52832070000100
52851892000138
52899193000168
52904478000140
52935888000158
52936935000188
52941392000197
52942580000130
53017645000101
53043848000164
53046432000108
53079411000180
53085618000168
53091519000199
53122548000170
53195407000188
53247836000151
53257955000195
53261768000185
53306857000109
53362279000110
53374862000140
53388965000160
53396366000198
53441620000122
53481593000111
53495359000143
53503688000199
53531270000195
53537448000105
53545327000105
41809002000294
53577528000194
53579449000112
53584880000157
53617096000106
53620178000100
53637975000191
53641233000130
53763537000170
53827167000197
53881044000134
53898942000103
53921841000106
53963182000162
53995102000150
54004332000173
54056206000162
54062343000100
54066421000144
54084438000124
54109216000119
54119160000183
54168054000190
54229377000146
54260676000143
54263881000162
54272557000100
54274018000100
54321812000168
54328964000192
54331036000187
54337426000164
54380580000119
54384222000184
54386322000140
54388249000145
54423364000103
54430851000101
54444705000127
54474972000147
09085565000274
54587038000131
54664432000126
54665660000110
26652325000223
54683459000166
54688909000103
46907274000160
54720936000116
54731006000168
54856369000120
54879562000186
54947939000197
54986581000101
54992864000166
55078360000106
55087249000178
55107690000174
55109407000143
55113442000136
55165036000117
55172132000192
55176882000132
55210479000182
55215528000170
55219114000119
55221780000191
55228045000100
53921746000102
55312418000126
55338544000150
55395345000183
55834196000535
55399825000112
55382256000283
55419214000199
55425226000126
55454669000145
55468611000150
55473324000139
55485090000140
55493573000196
55507524000165
55516123000171
55523267000155
55596182000105
55645064000131
55653660000163
55663242000157
55763623000108
55767785000114
47494880000244
55794647000124
55797713000110
55824531000190
55840735000115
55865302000114
55878097000121
55894007000196
55903597000176
55946072000118
55964832000110
55981869000156
55999367000152
56002093000148
56004668000161
56034888000138
56071611000185
56086520000113
56097844000157
56125715000125
56149575000125
56197022000148
56300919000155
56303393000167
56303839000153
56304943000162
56319660000194
56322848000191
56348000000131
56377891000154
56386652000160
56421240000114
56428467000191
56604584000169
56706551000120
56778292000142
56873244000133
56893911000140
56920968000190
56957409000155
56966280000141
56972404000100
56982603000190
56987294000141
55099827000439
57075559000106
57082543000112
57162507000169
57165773000145
57204488000196
57214759000194
57229556000171
57245915000184
57275884000104
55438926000236
57287622000160
57299837000109
57310370000142
57360021000135
57397916000144
57398326000136
57429308000174
57431294000123
57473176000188
57511864000195
57515532000189
57519939000184
57526976000110
57533133000140
21752687000272
54875734000143
57549506000171
57556704000162
57589799000110
57603457000108
57673398000144
57720072000120
54065530000147
57729320000102
57730450000157
13450817000294
57783784000199
57802643000176
57827270000198
57838448000104
57839212000184
57840801000182
57876066000167
57898029000150
57911776000180
57941121000155
58039038000158
50916138000103
58169958000190
58208997000150
58246304000113
54739279000230
58256368000103
58283030000132
58310282000103
58338860000110
58380186000131
58396741000113
58453343000191
58462526000173
58489118000105
58498542000116
58526698000163
58528796000130
58544084000104
58561573000174
58572992000101
58584247000182
58612340000153
58635961000152
58671304000160
58681276000162
58692514000135
58698899000148
58719092000144
58747107000188
58748599000126
58759164000187
58766436000176
58801254000199
32203621000401
58805406000121
58827948000103
58830767000128
58838380000118
58858157000132
58863773000181
58878160000118
58960299000106
58967213000177
58968901000151
58983946000103
58985895000140
58997415000161
59003718000184
59022727000112
59034188000131
59038320000183
59054284000141
59077133000109
59083056000108
59087918000162
59108395000193
59136626000172
59137043000166
59140805000183
59163310000170
59197391000129
59221782000131
59227435000116
59286231000156
59326737000141
56615864000253
59355405000195
59365389000111
48814162000513
59474794000178
59487044000130
59496834000182
59498960000176
59529588000118
59535854000115
59541465000100
59547670000175
59550989000150
59553286000185
59565841000199
59604065000199
59604311000102
59636075000106
55099827001168
56099236000181
59702031000137
59706844000103
59713718000178
59725652000136
59750138000150
59771467000188
59777667000148
59787468000110
59812696000101
59827886000194
59858495000137
59871940000107
59889043000112
59911507000140
59915037000192
59919465000193
59961492000124
59966058000137
60045679000167
50324574000606
60192571000105
60290556000191
69321206000209
60339047000106
60342477000187
60361600000107
60371925000170
60373173000187
60379720000131
60421134000108
60422943000134
60436460000199
60462202000187
60525630000101
49214613000110
60541376000135
60549413000151
60554619000170
60581528000123
60602321000198
60603975000136
60635073000181
60677551000116
55226250000136
60837349000104
60838788000131
60848408000140
60894397000134
60919071000114
60926803000101
60929127000111
60931462000154
60939611000121
60968169000161
61036346000134
61063902000161
61083567000163
61087922000172
61106422000130
61126943000150
61134393000110
61161186000155
61168598000117
61198907000100
61216106000111
61219548000111
61239215000154
61286609000163
61286766000179
61287382000170
61301023000120
61304262000134
61314884000143
61339613000142
61350496000118
61397752000122
61402636000154
61404563000130
51418482000135
61429038000179
61440428000140
61446309000102
61454132000188
61496724000162
61504297000117
61509203000100
61526986000122
54913254000120
61588365000173
61598417000192
61634883000186
61639645000163
61641188000141
61654293000115
61732777000135
61753625000119
61762661000149
61805876000108
61826852000127
61854039000160
61871175000169
38542369000522
59528237000192
53302080000104
53273449000190
45482896000120
53200351000102
44981982000115
45153513000170
51485610000163
56060223000107
61397905000131
60425350000121
60522105000132
51153565000140
60215389000114
53594014000147
46600937000107
50053139000171
57222009000164
47162740000198
61987748000114
62001449000121
62026428000160
62030223000159
62072638000195
62084305000186
62104975000117
62112787000130
62122843000118
62132752000163
62146057000150
62168784000119
62175747000138
62195354000196
62208184000137
62232460000100
62241193000120
62299389000175
62337094000146
62406154000135
62417703000177
62429215000180
62438600000193
62453557000135
62478902000195
62500349000140
62510263000106
62513450000135
52745938000215
62557906000169
57456663000302
62594580000140
62611214000151
60210966000266
62629926000106
62647095000197
62647252000164
62703927000145
62712041000168
62716814000184
62726230000190
62728989000101
62734212000150
62736227000157
62741499000145
62749849000110
62820198000107
62829687000120
62850467000188
62855641000185
62886222000100
62891014000108
62953277000196
62971365000110
62996284000175
63021243000126
63035465000106
63059705000102
63060858000161
63068145000144
63070795000124
63164938000167
63194656000102
63198922000175
62938414000113
63222017000103
63238803000107
63248071000128
63249806000138
63251876000120
63258464000112
63267559000100
63270634000184
63280060000125
63327885000158
63328668000182
63341695000195
63384342000172
63402964000186
63410116000119
63411451000131
63412432000120
63423318000103
63432612000173
63452754000100
00943579000207
63477561000104
63516775000134
63523652000120
63548565000128
63636283000182
14840158000265
63702375000113
63723014000153
63753591000198
63802850000123
63839551000163
63892647000195
63900397000198
63961341000143
63992571000170
64037083000176
64088369000180
64095010000130
64124389000160
64143421000154
64161999000133
64181634000170
64253436000175
64286209000146
64341703000166
64350732000194
64379742000152
64383312000104
64383678000183
64401503000151
64426271000196
64433262000122
64482100000184
64494770000110
64497708000182
64510356000158
64541040000123
64553392000107
64588067000171
64608582000176
64637404000173
64637826000149
64652676000142
64657498000142
64663705000171
64680167000123
19895280000252
64724201000114
64810991000150
64817619000176
64851067000112
64869833000176
64871088000108
64881126000103
64883819000127
64956864000164
64956919000136
64960821000152
64971791000180
65015164000138
65018644000152
65070695000123
65144514000166
65180669000158
65192591000191
65193519000189
65210060000184
65221636000109
65223428000149
65232706000124
65244815000161
65280482000126
65282625000139
65285729000105
65291857000153
65301256000184
65309661000149
65323331000108
65351772000113
65359816000151
65366613000192
65383489000173
65391269000191
65429471000165
57938307000236
65468294000126
65468680000118
65469813000170
65471308000160
65473730000155
65474974000152
65493211000159
65493590000187
65563557000267
65563557000348
65588902000136
65592806000161
65596483000184
65613891000105
65637247000169
65671153000106
65679600000173
65705621000116
65728680000100
65731931000105
65751938000199
59296266000257
65819969000134
65822321000117
65831169000139
65563557000852
65876087000100
65901403000157
65907204000156
65951760000120
65563557001158
53247836000232
66019785000152
66041786000101
66043186000174
66081538000186
66088182000102
66108568000139
66157615000134
66159155000183
64863549000192
66174295000120
66216041000128
66250084000120
66275756000151
66287900000170
66290011000161
66296808000176
66312775000100
66328020000102
66352146000104
66034920000210
41016893000221
66433249000107
66446526000108
66449253000155
66462742000147
46568764000260
66476436000160
66494589000130
66500437000100
66555223000123
66561269000155
66565064000148
66567341000151
66612826000110
66624762000177
66661853000182
66663187000111
54595966000229
00005117000168
04950636000155
03314399000173
01685923000197
92936186000103
00075819000118
03363083000171
03369460000180
00104046000150
93714616000105
00132541000173
03419369000121
01769293000139
03432423000179
05092086000143
00162296000147
94043718000109
94084571000103
03472920000109
03482707000170
03482719000102
05143992000120
00199567000139
00202100000109
05148553000100
00231285000171
01866170000116
00238473000121
00244078000151
94959921000120
95266847000129
00279423000192
00290515000173
05263174000160
96012240000185
05268869000135
03607893000126
96350087000104
01953363000104
00334986000136
00343543000101
01978446000158
96774385000113
96781547000140
00374519000130
05345290000129
00375888000147
03675301000103
97093892000154
00400106000182
00407143000112
97375612000109
97462691000187
05393128000186
03730368000101
03734179000107
03743003000103
05419061000101
00455983000150
05473097000173
00507266000125
03818450000184
02139831000174
00524828000149
00528662000139
05499814000136
00537189000156
05519555000168
02173952000132
05523387000184
00568138000191
00577369000161
02245403000126
05599200000126
00642007000107
00062795000405
05626866000126
05630486000165
00662546000108
05644836000142
03989071000157
03991160000138
00691492000109
05690911000101
04026547000117
00710457000190
02349290000109
02364152000107
05739654000155
04092657000187
05756140000108
00779402000136
04115097000139
00805224000170
02430564000190
05814128000102
02452529000171
02456178000177
00838808000142
04187278000170
11796455000262
05873848000149
05893273000126
04247507000103
05938471000169
02566309000179
00972397000183
06008666000172
00993736000108
01005939000101
02650899000113
04391486000197
02665108000129
06078985000154
04408776000104
06106786000102
01080953000170
73022691000106
73024713000169
73030611000156
33910902000386
55255434000124
06149725000122
06154285000100
17759440000120
35493915000160
01126240000108
04499089000133
04499853000170
73450736000135
04503071000168
04504854000166
35630789000149
73600397000126
02776041000108
06196490000120
06214545000187
02801262000180
02803163000138
04555364000199
73990202000100
01188559000150
06728737000101
06266030000120
04592778000198
06269653000157
02855166000115
36970887000198
06776733000107
37009081000109
04634801000160
06318327000192
06322653000173
57094666000173
06341152000134
02905477000141
01291920000179
06847694000183
37824992000181
01310306000107
01312432000109
06867557000100
04717829000160
02967881000140
02981883000193
04754340000169
03016267000165
03034802000100
21669247000175
58849688000169
07013593000170
21873526000156
01447468000191
04855666000182
22048268000136
04874486000148
40572513000191
01474459000190
40770380000168
01480893000182
59438440000178
59443069000132
07078699000151
04917636000153
07129648000101
41406679000109
41634155000167
79003414000124
23379621000123
07523709000110
60454725000181
79173944000110
03223967000120
23612237000129
42043588000100
07200178000125
03245189000170
03250892000177
03253046000100
23948979000120
07224760000121
01634217000116
79783684000103
07245968000127
07251662000183
79951455000142
43075795000100
07283597000178
07283979000100
62140165000116
44211647000138
44506889000159
07340864000100
07360780000120
07363388000134
07631955000196
07819980000106
63547285000103
63573695000110
82175639000172
08446908000135
26937433000161
82639014000114
09108929000103
64516347000174
27393909000103
47612684000146
83815738000134
83922971000116
84426832000164
84577105000106
11004439000109
11018561000134
66296468000183
86400777000169
86466141000110
86574837000160
86810728000102
86835923000189
66985961000100
87308821000178
30422513000151
12338075000166
87394904000127
30538656000123
31070279000103
13124128000109
68128727000192
31456981000100
31633183000106
31665672000140
88979133000100
68520048000164
52085560000190
68843697000104
52457314000111
14467633000119
52606399000152
53144614000103
71076269000108
33693326000109
71908321000137
34237891000116
16834228000117
72636715000146
34993584000165
55030852000113
17283185000191
92302330000150
72894769000101
72993991000161
07470969000175
07488462000149
07522689000163
07532184000180
07539782000180
07553694000133
07580934000199
07613050000193
03655119000190
07655093000131
07677190000125
07690577000111
07733805000193
07783821000190
07785391000146
07859932000133
07880314000175
07884058000194
07884419000100
00150504000198
07915170000145
07944392000196
08009025000168
08074418000155
08083879000194
07284139000153
05434694000199
05398793000162
35594290000123
40598799000184
26879932000140
08104485000175
02350212000124
05304226000108
02416795000149
07359048000130
07462105000101
04456777000116
04479302000145
07843787000100
07595687000102
81116519000131
05028571000158
94335833000157
96753108000124
00460288000187
05449645000120
03832865000102
03891112000178
04079550000107
05767614000117
02433595000102
04400968000166
73594558000116
02776994000168
35977990000105
06313880000132
74762089000160
06335364000109
37432788000115
02916771000159
01329152000103
04760741000121
03063881000188
04864647000112
42084350000123
42165498000192
01632284000100
62346093000168
81619082000159
63858625000109
82387804000150
32921843000117
34667550000180
34674721000107
07471715000171
07547894000183
07860673000160
84056456000244
65371460000252
04967834000121
00496094000131
04109670000100
00019841000140
01688009000108
96597638000120
05740520000154
06243259000140
06922577000137
07003913000100
04886066000181
82343294000119
64157035000111
66006289000164
66174194000150
07613378000100
12564365000128
70052451000158
05082645000134
01558490000109
07125491000146
74694902000101
73854630000105
26798884000165
03650948000180
03746782000109
00741639000128
04180791000130
00890836000109
02592189000184
02602501000173
02672768000137
02713948000110
06195668000118
01294427000102
02913944000185
04679085000137
01375966000176
89465397000281
61959813000106
07315545000136
07401410000193
16112385000119
72141625000184
07683798000162
07786359000185
07857064000152
07982700000178
03687371000181
07640274000194
00579070000146
07078932000104
06201885000173
14591788000162
00361044000147
00431801000101
00436426000192
07407700000144
67624908000147
27869312000354
02947885000166
35493055000165
00442546000100
02782994000170
81374936000184
03636673000120
73655680000155
07487322000156
21891049000151
06697290000150
63393169000179
42067074000195
08237542000194
08293117000112
08314149000157
08455051000110
08512784000149
08533803000113
08541881000160
08683759000128
08689668000108
08695201000162
08744466000103
08826468000141
08842987000101
08862797000148
08864368000100
08865787000166
08903710000133
08370048000101
08740355000129
08930150000106
08941620000137
08980929000136
08992744000141
09000352000111
09021573000176
09023658000193
09100191000138
09104685000190
09147270000102
09224511000161
09236263000179
20233717000190
09266824000182
09032637000134
09304878000195
09318227000154
09322901000174
09332249000179
09333666000136
09356913000110
09372387000181
09390831000191
20240650000111
09468717000137
09500709000120
10213984000142
09639209000174
09650897000173
09675627000117
10333606000100
10334008000148
10338216000115
10349366000124
10381468000127
09439487000188
10226574000136
10237050000140
10248810000115
10249345000137
10256053000121
10470620000148
10505787000105
10595524000126
10605446000101
10612456000166
10657374000138
10687777000120
10712633000186
10730504000110
10752636000143
10779035000124
10848727000187
10888508000121
11054056000145
08538759000215
11077504000126
11037052000159
11132604000108
11151338000160
11181691000193
11245424000132
11294820000150
11313023000172
11385558000159
11394936000160
11413708000190
11436460000183
11457987000194
20307027000139
11506541000102
11571404000151
11626475000104
11633174000108
11644910000123
20312397000164
11728355000118
11739322000173
11764170000169
02223868000267
11805228000175
11824677000160
11873154000104
11917005000108
11933269000147
11795112000100
11950860000102
11964869000172
11995895000168
12001811000196
12006856000153
12008977000134
12047736000102
12068723000101
12069615000153
12071637000158
12075097000180
12089319000114
12093448000186
12109774000134
12150650000100
12157091000152
20222424000299
12202795000108
12224377000103
12237536000104
12251299000136
12253604000129
12264076000103
12290535000123
12313118000159
12321563000160
12356459000101
12361225000152
12379821000160
12384840000184
12408072000151
12471661000184
12486324000160
12541042000119
12568795000118
12595074000105
12654173000102
12659257000139
12668288000156
12674186000143
12685133000128
12728479000166
12735639000102
12771736000142
12815787000129
12817065000103
12836759000198
12850857000180
12876517000128
12881346000125
12917527000164
12940991000171
12956719000180
12974851000114
12984034000147
12988155000167
13010704000197
13032410000166
13074915000193
13084632000122
13098201000115
13108777000116
13110365000110
13127795000145
13132604000133
13138809000126
13139193000108
20361651000114
13167463000194
13170490000116
13174163000132
13184789000120
13189368000191
13218721000114
13241841000132
13253535000116
13262941000145
13263088000186
13300604000103
13307518000114
13339092000180
13339990000139
13342033000161
13364610000116
13373951000158
13393338000100
13405499000169
13405905000193
13493393000164
13587798000161
13628679000100
13649493000137
08152300000289
13691876000173
13694194000114
13704821000150
13728693000185
13747322000140
13801099000172
13802847000131
13837697000100
13886877000173
13921486000142
97534851000156
13956417000174
13965336000130
14017709000104
14027715000142
14072181000176
14073237000107
14097923000118
14116108000159
14259228000105
14302969000121
14351541000179
14352484000142
14365022000160
14379296000108
14398711000170
14430194000170
14439833000168
14456204000146
20406581000173
14478829000109
11740694000110
12085257000172
14533105000110
14562937000165
03695389000206
14647431000159
14731016000189
14763045000122
14774771000140
14821832000183
14825164000162
14825759000118
14875921000102
14882597000150
14895468000104
14902286000105
14974865000163
14988899000107
15001346000181
15008744000120
15018159000100
15050702000157
15082020000126
15100044000160
15104137000163
15178698000107
15232060000107
15236971000102
15250191000117
15259334000151
15275999000159
15282798000189
15314298000181
15343366000130
15372403000139
15390577000124
15396069000153
15415492000153
15429309000179
08241569000150
08453900000104
09264024000122
09433861000138
09646651000128
10330689000176
10669757000126
10866712000141
11149132000104
11712904000166
12000494000193
12259952000103
12360256000199
12658405000109
12709338000104
12872686000190
12983893000111
13034878000190
13098216000183
13192934000114
13245726000136
13338170000122
13650358000101
13801641000197
13895885000186
13972442000141
14157476000145
14524498000104
14564471000137
14821222000180
15172213000178
15181207000187
15440991000109
02959513000230
15442462000136
15460995000140
15463729000171
15502199000123
15502608000191
15503427000180
15549986000120
15576926000105
15623686000144
15649467000134
15649649000105
15657140000104
15657439000169
15772081000115
15786244000119
15815125000147
15822440000100
16365998000168
16514190000103
16644516000109
16672055000188
16726316000103
10223503000180
08935051000117
09010581000117
10541874000100
11313743000138
09088975000198
10808841000183
16837180000109
16883220000140
16890674000149
16919208000149
14693333000158
16948533000130
16948810000104
17051199000180
17106846000103
17187347000198
17227028000169
17288859000140
17290431000132
17296347000126
17312283000100
17331022000137
17338208000118
17408776000148
17410916000112
17431015000107
17456118000121
17474449000194
13160101000171
17571248000105
13690856000188
15000393000100
17612940000134
17640143000160
15148934000142
17739476000141
17754761000131
17773612000110
17783312000111
17796637000139
17810112000100
17817919000175
07078932000287
17875869000182
17893800000181
17921449000195
17922003000185
17930936000114
17953966000146
17958309000191
11138774000108
18049606000187
18060730000143
18101116000182
18123486000110
18142629000131
18154486000188
18184279000176
18198612000104
14158262000193
18235667000139
18268194000176
10824890000100
11146079000180
11728724000172
11822052000160
11833798000179
11899011000171
11976790000161
12453942000104
13361287000127
13518579000120
13623549000184
13732671000199
14250531000147
12972838000207
18280940000147
14688533000112
15365336000125
15570644000192
16492377000145
16841707000160
17170361000189
17211788000188
17646153000103
17784500000164
17860852000151
18290397000169
18353792000143
18390214000187
18435326000107
18473400000180
10856271000105
18509341000152
17912868000160
15291322000104
18669881000101
18682611000122
18688949000191
18708915000111
18765778000157
18766020000133
18825022000156
18858251000177
18880869000133
18944064000106
18997225000120
19002246000120
11956761000138
12815710000159
19017936000153
19018168000152
19043417000160
19047143000187
12242736000155
19205520000169
19206718000167
19215044000167
19241233000104
19243276000129
19258340000145
19279049000153
19306050000120
19308336000144
19312344000164
19330400000193
12807114000127
19357262000136
19376431000185
19404370000112
19428716000112
19475684000106
19623997000164
19651295000194
19655226000159
19706897000100
11654820000113
19767063000104
19789051000172
19789485000172
19861309000102
19895635000122
19902060000128
19939332000164
19956328000104
19992922000150
20018148000160
20024309000129
20062481000177
20063527000172
20106588000170
20128601000191
20160798000146
20163070000178
20170112000106
20211434000148
20213107000125
20214197000179
20498492000102
20555381000182
20605352000188
20623157000180
20648050000197
20649626000130
20694445000126
20736592000111
20753393000111
20771640000102
20813426000171
20825566000160
20835498000110
20904121000175
20924113000190
20929743000158
20941073000195
20755693000130
21010714000150
21076535000116
21128423000161
21180950000115
21197180000113
21211400000116
21305554000177
21310227000103
21324166000133
21388591000196
21406743000136
21471525000185
21507939000117
21518208000177
21574260000140
21668683000120
21719895000199
21768560000160
21771195000143
21778791000155
21862455000196
21915156000172
21921588000196
21934499000184
21963518000109
21971402000103
21972009000134
21987415000170
21991315000118
22063395000104
22067041000138
22110333000106
22117263000118
22131376000178
22275138000136
22313271000130
22361175000167
22492648000165
22504528000130
22615217000149
22634377000135
22649431000116
22693965000140
22733979000140
22744894000167
22781586000101
22831802000186
22850189000144
22956413000187
22963795000176
23016086000146
23027573000104
23119259000151
23131546000187
23316056000155
23368703000172
23389772000162
23454182000176
23473100000130
23594735000196
23632228000108
23634171000178
23059461000135
23704157000101
23761910000192
23781436000160
23802967000192
23812806000180
23823509000130
23838795000107
23877512000136
23939042000198
23939740000193
23972450000141
23995655000142
23998329000199
24025395000145
24030618000162
24100700000116
24128314000132
24161436000120
24167495000106
24173351000162
24178005000177
24248608000106
24279163000113
24282737000102
24286649000189
24433642000142
24548658000109
24590874000104
24752083000133
24789906000103
24795337000109
24798703000175
24904964000122
24933568000123
24961973000155
25004702000174
25030670000181
25129825000131
25134448000129
25158457000150
25170207000135
25203690000107
25204338000196
25214520000128
25217130000101
25245935000169
13239233000193
25311365000168
25319170000164
25325963000196
25358218000143
25362848000191
25369647000116
25381720000175
25433555000158
25462989000186
25331454000176
10581716000183
10698649000181
14246728000102
12680760000176
22088444000163
23193595000144
24409496000110
21408973000134
24952307000150
25031889000103
13078247000172
13939659000150
23671560000173
18728988000175
09813714000193
23627521000179
11760021000121
09011876000108
12301462000128
20935381000108
19745286000162
20468541000156
14935950000112
16902679000144
19121324000106
22286589000179
19801150000122
22944100000109
11574914000182
12962674000156
14399657000188
17643015000170
11264676000109
12082755000161
08996842000157
20839394000183
11372503000104
22693310000171
21002113000104
13685605000105
12652888000126
13071654000158
14739855000143
13551377000180
12734854000180
14602392000173
17280182000102
17993553000195
15119507000136
11813868000127
24883195000123
13099364000112
11980397000141
14199738000134
23178482000170
23636583000147
23733981000181
13743797000169
18988852000102
25338131000104
09254788000137
15573315000103
21262524000120
20325018000170
18330146000160
14503976000191
19739409000152
08648535000185
24636541000179
23011744000107
12924854000143
12576218000178
08348710000119
24620450000145
20808715000182
23933973000189
15127690000111
14722222000122
12673231000145
08912280000116
24383609000155
23030060000152
17631553000145
08413630000108
14377565000105
19563481000171
12651540000203
12413110000164
12234611000183
10271307000180
09124567000144
23108175000112
19988826000139
15051827000100
23964882000100
20832566000197
13363603000108
09339465000146
10951163000103
13427998000157
15399449000141
15245898000135
22783729000114
20062960000193
14170190000108
13794088000102
14732136000109
26076609000138
26141645000138
26150575000184
26166616000120
26186533000101
26194741000144
26253055000105
26267279000168
26334843000118
26387946000146
26403250000166
26504607000100
26514909000151
26579304000149
26608941000104
26687270000106
26688367000133
26054216000123
26712660000199
26728936000127
26744015000158
26758497000103
26780039000162
26800947000170
26814560000173
26838044000189
26843636000199
26863453000135
26942495000161
27006860000199
27008350000150
27109935000167
27120277000104
27127309000101
27187779000152
27230748000137
27275943000183
27291328000160
27291455000160
27317537000136
27335101000170
27364226000128
27453268000135
27466623000100
27329529000100
27570930000137
27574081000190
27601083000120
27606944000163
27647729000100
27648535000120
27680251000110
27710996000185
09570634000235
27823835000106
27854399000124
27872145000139
27880209000143
27884000000158
27894974000112
27990066000122
28001268000167
28016482000197
28037286000107
28045226000128
28068863000110
28077275000142
28084493000104
27926307000255
28107581000184
28114989000183
28120367000168
28126618000111
28195903000194
28215306000184
28269692000197
28358797000112
28362577000162
28395799000181
28400894000126
28441125000176
28448727000155
28458568000170
28468055000140
28493428000132
28500175000187
28538465000110
28550467000124
28565693000189
28586440000191
28605602000191
28626338000172
28665337000137
28670279000130
28670647000140
28715930000140
28735697000168
28757126000124
28766879000104
28795389000128
28810211000109
28903638000151
28909193000117
28921731000199
28969286000137
28984812000138
28988646000148
29038419000114
29045104000102
29086102000153
29115525000154
29171230000103
29188904000174
29192668000160
29237193000180
29244447000198
29267608000169
29275026000124
29332100000105
29343614000158
29402481000143
29410336000104
29440588000186
29507942000142
29534083000180
29549668000174
29590212000158
29639281000109
29715627000100
26951867000116
29023161000182
29838180000167
29842496000122
29845474000116
29919655000140
29939760000140
29968606000105
29975009000108
30067922000187
30162360000150
30196493000148
30214070000103
06253219000340
30244451000135
30311185000116
30335336000176
30352261000131
30412848000199
30430725000180
30439720000119
30454307000123
30501075000117
30595317000189
30609290000136
30278431000185
30626047000126
30628425000100
30643661000104
30665209000135
30727178000108
30749668000105
30752205000194
30788239000139
30788982000199
30819324000117
30839366000110
30905768000175
30909528000149
30921411000180
30981386000120
31047283000150
31052959000102
31059861000179
31075870000153
31088536000134
31099091000198
31140055000120
31157351000134
31269272000115
31288317000107
31334789000140
26427570000156
31485185000103
31518294000171
31521898000177
31557411000106
31598099000107
31724715000110
31748481000141
31750626000149
31827989000135
31864118000191
31769520000197
31952601000128
31962334000170
31990720000175
31997490000176
32027080000165
32066217000190
32078760000108
32118860000110
32122975000189
32152461000176
32182759000129
32189373000149
32202076000196
32243707000115
32274585000124
32276418000112
32327814000121
32338526000172
32351733000167
32420115000121
32437395000180
32471556000152
32500440000102
32514484000183
32529808000157
32532116000168
32544750000110
32590719000116
32590966000112
32599836000140
32640296000100
31612908000180
32698099000133
32725267000132
32771805000125
32772933000193
32874865000173
32936984000103
32950749000196
32965821000159
32982741000101
33006746000161
33011989000198
33026314000112
33052466000190
33100582000137
33127948000161
33153275000114
33170167000150
33189832000157
33263035000172
28018766000201
33331467000173
33349773000137
33410232000177
31155061000151
33626410000100
31566773000163
33680418000146
33709013000193
33729679000103
33762239000158
33804375000163
33902424000109
33924383000143
34008365000184
34022227000150
34172115000185
34192974000136
34209002000107
34211929000181
34215614000102
33124414000181
34224003000120
34239382000122
34244130000191
33835659000117
34317812000187
34354679000139
34418662000106
31708257000207
34265814000170
34446092000150
34519772000156
33079579000189
34633822000121
34643956000123
34668845000171
34677182000151
34678004000145
34712868000136
34714086000136
34741501000140
34752051000191
34752885000105
34779717000103
34831127000174
34847322000192
34849551000146
34856622000138
34859516000108
34914608000143
34925473000111
14250531000228
31717791000107
35011636000113
35013430000122
35084846000131
35115099000151
35121960000194
35150927000192
35204343000152
35233549000100
35311558000172
35327016000198
35334407000130
35386491000135
35398193000165
35403878000152
31888273000148
35418887000117
35444005000198
35449484000135
35453761000183
35461436000162
24033857000338
35490038000174
35538466000120
35572302000119
35601807000164
35641053000176
35705635000179
35591615000203
35710972000154
35713607000101
35731938000166
35864124000108
35887803000194
35940236000192
35942450000188
36004343000171
36008428000128
36091077000161
36106766000100
28057657000295
36217277000118
33308203000107
36318181000146
34130550000147
36331961000126
36356239000146
36362505000143
36374211000131
36387431000108
36403922000197
36404445000184
36422677000165
36465669000104
36566720000166
36638416000187
36714601000103
36726413000103
36741251000174
36742043000190
36820502000106
36840836000141
36865318000182
34568173000122
36922665000108
36939573000122
36952789000128
36998171000107
37047898000163
37084975000155
37086738000123
37091960000114
37113250000148
37132771000142
37191044000156
37195296000153
37202125000104
37211122000137
37214359000171
37303790000194
37319162000105
37326299000189
37334040000180
37361899000188
37364526000160
37375544000148
37430013000100
37440086000183
37449953000141
37481337000178
37488457000105
37492663000180
37511905000136
37521542000110
37523504000104
28331807000126
37548644000129
37549287000113
37607396000140
37620441000104
37631353000108
37641832000105
37663443000172
37684266000100
31837371000156
37826029000137
37743196000203
37833747000130
37368002000148
26432335000172
35815724000178
27656288000103
37743196000114
37881593000152
37901132000102
37901229000107
37982602000100
28267267000240
05603115000275
37993361000196
37999363000192
38011609000139
03877144000380
38049164000186
38052837000157
38056819000143
38071493000123
38092016000144
38099803000118
38135346000170
38148068000195
38158589000123
38185359000153
38200889000123
38208850000152
38223189000154
38242002000160
38274087000168
38299451000144
38317911000110
37106433000136
38333182000195
38334065000146
38402250000120
37064660000146
38454560000199
38459363000162
38483736000130
38541415000145
38574285000147
38574447000147
38711066000162
38974274000154
39248807000183
39278491000172
39297995000130
39300434000142
39305281000126
39320666000162
39331522000101
39348063000179
39433822000100
39484825000164
39487526000183
39489843000139
39507518000151
39525930000102
39526300000144
39545817000180
39586240000155
39600302000136
39616507000100
39628702000150
39634426000132
39654762000147
39680330000100
39700259000180
39704659000164
39771890000170
39774188000160
39776276000100
39818247000155
39842290000156
39857291000174
39861456000181
39862600000102
39864165000147
38653586000166
39917972000180
39940158000187
39943727000148
36723091000130
39967082000183
39990413000104
40020127000197
40026967000167
40043443000184
29258725000166
22682168000914
40177212000163
40178921000163
40180808000112
40220965000104
40226705000146
40239335000181
40246671000151
40285026000148
40289437000101
40336272000181
40341396000155
40359352000152
40441621000125
40473466000129
40501155000126
40507864000119
40528128000147
40528546000134
29625572000148
40728908000130
40828850000105
40880527000172
29526360000103
40959605000129
40978672000190
40991147000105
41006704000159
41012478000119
41047494000147
41050789000172
41078003000125
41090446000131
41164805000158
41173871000194
41190945000109
29395642000119
41285184000160
32448494000168
41347442000196
41381715000119
28125986000145
41397252000183
41420565000105
41428188000150
34867914000257
41431528000100
14400324000555
41435398000176
41452472000162
41471722000101
41472908000185
41489625000146
41528248000107
31292172000100
37638110000193
28412403000167
41657437000180
41713640000126
41750788000130
41770387000142
41774629000176
41815436000116
41815749000174
41700844000122
41842260000191
41845719000100
41847838000100
41850107000106
41852288000100
41870975000158
41902484000141
41923167000101
41942036000171
41950812000185
38435345000140
31886969000135
34530054000180
35264552000191
37066746000108
00710386000206
29222416000136
40373495000119
29914490000113
40660192000187
40725826000132
41235515000158
31502423000133
32275069000114
37348226000198
42005005000157
42058694000168
42089009000160
42119766000130
42123574000105
42159311000148
42185286000177
42225642000139
42242202000190
42244846000117
02834884000296
42287787000164
42306691000104
42343868000134
42354390000148
42364733000155
42366638000190
35663915000595
42381643000172
42387099000176
42416646000102
42444771000118
32236554000189
42477172000109
42484912000126
42495426000103
42536233000153
42544230000161
42566974000187
42610094000160
42627131000143
31835134000156
42759848000149
42761136000164
42769311000160
32965268000154
42792331000151
42809116000116
42810373000178
42856473000135
42882333000131
42882659000169
42882875000104
34272017000110
42617146000201
42934985000172
42948171000197
42973085000134
27023337000170
42993191000180
43058762000151
43069308000104
43141066000104
43158361000173
43161143000198
43184734000180
43190999000191
35723777000169
43208025000198
43261590000119
43307848000170
43310121000142
43315400000107
43363247000185
43381507000145
28208135000166
43440062000127
37578897000145
43524351000104
43563488000178
43577612000154
43597698000187
43604096000100
43634246000128
43638834000130
43658724000130
43665010000159
43681602000164
43686077000170
43704075000166
43712457000131
43731214000140
43752587000106
43766041000104
43788431000177
43801352000159
40925818000130
43820507000102
33025877000196
33089994000113
37393478000139
38030955000164
29822654000182
43261626000164
40635473000180
41542107000149
34867255000178
33342808000106
38335982000145
38309425000150
26602738000112
43090619000147
29668778000155
38652946000105
31644831000120
36913711000102
35861994000115
34577519000159
26496168000123
38715254000169
42459447000173
28777251000104
40913274000196
37693927000164
39912646000180
29079394000105
41030093000184
37628080000134
40425711000122
41493948000103
40924211000135
43036457000169
39922852000171
27987060000104
34418695000148
39824890000191
39812491000100
40647702000186
25966691000103
31017029000100
34806417000168
36843499000146
41056497000147
42018369000171
42116231000105
30802031000127
33157007000170
38107944000135
39990879000100
43844411000176
43860735000106
43921076000162
43931364000106
43942359000190
43943369000140
43947453000132
43972460000194
44007587000136
44033623000136
44061573000109
44075451000163
44082877000144
44096111000119
44098348000139
44122375000108
44196045000159
44201923000187
44264923000126
44281207000157
44300140000150
44335986000126
44377560000135
44392143000161
44495269000161
44512793000101
44546845000152
44548722000150
44635231000147
44675550000186
44741812000163
44746399000120
44769167000197
44775050000116
44806646000136
44807649000194
44816741000110
44819834000107
44873393000113
44888326000172
44928995000120
44947759000151
44956278000102
45012299000132
45025617000108
45062293000170
45067641000100
45076365000138
45079314000160
45081766000186
45103517000144
45123076000142
45157109000175
45174839000184
45265968000188
45300163000128
45309464000112
45322177000142
45323274000150
45349092000158
45373171000102
45412365000161
45432303000111
45460444000148
45487374000111
45495855000179
45510790000193
45516057000186
45556280000157
45607631000101
45636293000136
45689675000128
30120850000275
45704896000128
45741457000195
45748466000108
45783225000108
45784422000133
45795471000171
45848860000118
45905476000100
45952360000121
45965171000193
45980602000190
46007117000106
46078904000130
46084855000149
46110352000109
46167382000143
15121459000200
46191115000101
46191405000155
46226258000101
46240189000190
46246413000151
46266564000171
46271690000114
46272857000161
46274293000104
46296203000178
46305982000120
46308277000187
46321026000132
46345687000106
46408716000123
46444602000139
46446278000198
46446433000176
46521633000146
46531008000185
46537427000124
46544665000167
46556770000116
46570379000176
46620093000158
46629896000173
46632069000139
46636203000170
46639494000150
46655297000124
46665793000169
46667880000155
46669359000157
46676216000172
46679515000160
46444104000196
46742889000183
46780160000100
46811449000130
46868269000195
46888258000177
46934216000125
46953851000150
46963578000144
46986110000175
46990013000156
47140633000169
47146492000191
47169497000130
47232131000168
47233644000193
47241681000143
47251250000168
47255565000183
43884516000159
47259196000105
47263172000111
47276701000111
47307188000189
47322691000103
47329781000126
47343758000196
47387012000184
47389647000110
47514904000107
47516603000104
47567242000125
47578261000157
47589218000197
47594898000137
47609174000110
47644469000127
47680966000180
47736497000174
47754595000134
47804087000113
47813394000160
47836161000183
47841979000194
47873528000139
47936748000164
47971683000198
47976432000104
47977799000134
47991367000188
47992404000172
48014125000105
48023657000109
48053006000153
48120433000107
48178033000152
48180908000150
48199862000111
48212693000102
48245452000160
48260735000180
48273482000180
48358919000188
48493516000141
48495662000106
48546403000167
48587548000106
48602867000143
48643067000170
48652530000140
48660460000172
48746701000109
48784752000117
48791286000105
48809411000159
48902619000118
48917461000150
48930276000103
49015987000107
49056722000157
49058242000125
49062522000107
49133989000109
49141287000169
49200720000190
49216198000134
49251260000129
49259637000196
49324987000199
49363386000195
49369581000122
49383834000112
49401139000136
49439223000149
49463781000140
49490070000164
49511016000158
31879108000391
49516729000104
49544153000199
49573910000152
49598512000190
49631390000197
49648963000195
48234095000134
37538636000282
49711982000119
49787545000189
49787758000100
49793617000109
49818127000101
49830234000155
49848367000159
49878645000110
49911153000180
49922543000155
49927094000138
49929328000186
49952149000160
50018278000164
50067224000199
50121903000107
50147769000105
50149164000153
50223597000101
50236049000116
50239040000169
50239864000139
49377473000100
50246059000132
50248519000161
50277108000102
50298159000102
49936785000106
50321752000122
50355349000114
50411232000100
50422394000144
50464186000108
50482774000174
50508220000107
50543639000191
50545260000110
44416755000147
50559983000179
50562851000104
50565817000185
50569214000151
50569782000152
50599875000120
50605539000142
50611353000104
45200950000289
50687451000117
50723319000113
50723944000165
50806866000162
50875580000139
50901439000163
50930803000113
50931921000146
50948213000118
50950961000135
50963772000105
50973578000100
50982273000157
51038892000150
51083956000135
51152315000195
51159304000137
51188991000119
51213529000124
51274558000104
51291878000164
51316540000110
51384538000188
51390681000182
51396462000100
51429036000126
51457337000163
51511662000167
51564074000191
51574179000121
51545471000116
51615159000151
51640927000127
51644237000146
51651539000141
51653453000158
51679217000100
51685366000182
51700447000104
51722765000176
51734712000175
51749644000118
51753162000131
51757384000122
51759126000185
51763847000169
51795024000115
51803081000107
51852196000183
51869533000145
51893372000125
51914238000163
51917554000199
51073208000252
51741185000126
51969110000105
51999260000153
51999358000100
52009515000156
52016174000146
52018097000163
52019136000147
52049840000142
52065191000173
52099786000140
52106633000182
52110631000167
52191944000197
52251042000107
52317274000102
52352939000119
52396342000176
37914217000206
52431229000184
52434468000198
52446048000121
52488698000130
52507144000132
52532493000104
52556570000166
52613117000144
52613893000144
52632797000143
52718701000164
52726801000132
52747851000104
52772034000106
52775360000169
52861665000193
52946350000149
52969015000166
52969601000100
52975921000173
52977718000136
53034702000152
53060469000182
53089358000107
53095389000162
53100353000120
53101751000160
53132067000146
53140719000194
53189740000184
53202425000140
53256357000100
53297025000165
53306721000190
52911159000161
53399014000196
47976432000287
53429273000112
53439165000120
53444805000190
53449965000122
53492167000183
53547690000160
53548899000148
53572439000155
53585827000170
53588782000198
53609458000109
53617871000115
53645722000160
53659610000168
53711310000180
53713943000128
53721319000172
53741512000175
53752496000116
53757819000164
53834730000154
53867700000144
53879067000104
53894979000155
53906623000194
53908012000185
53921118000119
53924324000182
53926087000199
53940601000140
53965626000107
53971918000144
53974743000129
53978347000170
53990125000172
53991569000122
54029765000183
54093555000154
54112055000112
54129391000178
54171218000138
54180439000172
54187286000195
54221075000121
54223547000185
54241613000140
54287820000135
54319846000118
54341087000190
54347720000157
54436450000150
54439918000160
54449818000115
54458447000138
54469324000100
20062481000258
54499889000122
54507178000152
54593340000100
54613675000135
54631159000133
54647176000169
54648102000147
54652483000138
54669231000111
54692169000189
54695241000121
54745937000115
54758790000106
54760021000134
54765496000113
54814950000189
54818144000189
54846517000125
54026675000139
54866250000138
54869495000119
54880876000107
50324574000517
54894157000137
54922706000130
54978995000199
54979250000144
55038076000106
55052607000107
55055159000103
55080635000138
55083921000157
55098528000137
55116405000181
55120772000159
55151576000141
55159789000110
55173146000120
55174045000174
55204206000125
55243210000100
55252148000105
55273738000114
55314344000167
55347131000131
55347772000196
55382256000100
55401968000111
55417076000109
55417740000110
55431495000103
55443804000157
55473384000151
55550358000180
55565635000128
55635865000116
55645137000195
55678888000108
55704925000105
55726851000108
00944922000238
55798410000111
55800807000109
55821154000136
55857207000179
55860682000102
55868386000140
55869570000104
55888273000106
55947652000120
55984186000152
56006861000131
56007510000145
56014414000124
56036449000164
56056249000173
56119414000199
56125350000139
56134630000103
56154733000135
56158873000181
56239240000106
56282704000159
56322989000104
56346856000178
56365104000154
56386249000131
56428961000156
56430094000193
56432794000117
56480987000143
56504519000161
56607504000129
56608621000107
56615864000172
56636963000130
08612743000205
56877907000198
56895455000177
56906595000101
56908748000141
56924365000167
56934340000144
57016912000179
57018504000156
57022714000118
57037404000177
57058863000137
57083418000127
57152305000136
57195563000108
57201164000102
57212352000128
57225015000175
57250294000127
57268043000170
57291222000128
57320069000110
57320347000139
57362266000100
57365867000168
57367843000148
57414727000132
57416161000188
57419403000197
57421964000120
57436564000199
57452808000127
57454545000195
57533458000123
45200950000360
57551957000143
57560539000112
57562798000182
57605204000173
57612817000138
57640924000170
57681170000104
57694256000163
41157123000207
57805162000114
57863576000108
57868026000173
57897062000165
57938307000155
57940635000196
57981761000199
46846191000108
58056894000111
58076842000107
58156349000105
58157700000174
51096828000207
58209699000184
58246783000178
58246806000144
57926331000174
58301339000108
58305720000145
58331563000142
58333300000172
58395837000167
49610962000151
58418759000179
58439155000109
58445074000111
58453222000140
58494770000118
58508040000129
58593236000169
58594786000100
58604333000100
58608045000123
58675030000188
58694556000105
58745345000154
58785868000124
58804812000170
58806775000139
58812877000167
58829798000169
58832678000110
58837158000109
58917765000170
58918985000119
58931740000121
58953814000120
59011359000107
59013832000195
59065065000168
59082799000155
57252446000120
59165797000120
59177598000131
59201518000136
59224351000129
59243379000103
55645647000162
59274962000181
59275252000176
59311313000103
59333353000156
59383147000150
59417604000180
59418953000117
59467559000179
59499446000155
59508633000158
59527720000152
50735457000112
59608351000122
59626179000130
59681447000116
59690183000167
59732020000108
59749163000114
59749311000109
59786436000109
59788734000120
59817377000180
59817546000182
59830719000100
59833391000178
42844571000314
53541733000108
59868485000182
59872510000100
59896839000100
59917438000181
59223445000183
59970717000109
59994359000174
60027122000101
60031345000134
48388153000184
60068309000145
60126688000182
60154173000196
60165238000107
60171190000131
60216766000130
60217757000163
60221077000113
60224186000194
60226910000119
60253874000182
60271786000103
60279636000146
60295629000138
60301565000130
60310540000101
60391628000197
48818716000127
60406545000124
60422665000115
60427094000101
60473348000128
60483327000193
60502383000128
60511428000120
60520274000133
60533654000102
60548116000191
60566743000155
60582381000196
60582524000160
60604095000184
60629794000189
60662007000109
60681634000189
60724362000157
60747293000105
60758009000198
60782563000100
60799197000100
60821318000165
60826354000111
52981256000120
60913135000170
60917867000138
60927833000124
60930325000103
60941109000155
60969324000164
60970459000140
60978325000175
60981616000112
60993317000106
61009860000180
61024002000105
61075033000195
61089901000196
61104629000176
61104767000155
61167909000123
61168195000178
61185176000150
61222506000130
44644669000191
61238582000133
61251874000106
61261015000106
61280154000179
61305412000124
61309222000185
57101077000175
61329695000144
01726029000207
61372195000195
61377201000105
61421980000190
61441243000150
61447398000101
60969324000245
61481308000190
61581293000132
07024833000646
61603899000121
61638450000107
61656234000186
61709778000169
61718407000143
61720274000140
61787368000136
61806871000191
61813489000105
61814674000114
61845989000129
61855395000107
53327096000163
61014862000168
52005314000180
61482125000190
49622246000194
52174495000179
52452028000163
59556546000176
46619676000169
48580319000160
49001924000100
49172789000157
51180505000116
58856079000137
59102652000180
59794375000113
61737593000168
57866127000105
60968630000186
52444260000150
55219276000157
54476976000164
52816593000162
48239599000228
62018321000170
62023603000166
62044971000190
62047706000166
62126546000140
62137749000132
57937165000616
62158717000113
62217101000176
62257461000100
11377406000457
62301439000101
62332912000118
62335069000123
62351773000170
62386068000108
62411326000169
62411717000183
54814950000260
62412644000144
62416514000180
62436105000145
62453237000185
62462282000104
62463173000101
62504181000140
62517444000156
62524341000113
62536827000171
62553257000128
62569015000122
62570632000148
62639089000198
62713807000129
62788513000166
62797656000134
62819143000187
62830851000119
62831189000111
62837052000174
62456604000102
62852329000138
62904229000108
62934259000167
62954298000126
63023569000192
62335612000192
63046794000144
62463683000251
63109220000178
63110179000150
20681673000242
63165366000130
63183023000107
63196353000129
63208899000152
62327058000100
63215130000161
63238581000114
63295669000178
63295691000118
63316070000173
63342004000178
63350263000140
63353664000154
63357361000100
63363381000193
63380055000194
63383916000198
63420548000100
63501644000183
63522546000122
63525031000186
63547928000100
63560968000192
63563102000135
63618790000193
63333883000171
63624963000186
63637972000101
63639600000114
63690120000188
63696441000190
63724985000118
63741954000175
63743161000195
63756198000158
63758461000148
63832218000122
63842385000154
63864798000130
62560866000104
32275275000205
63907102000105
63912126000152
63941235000106
63947844000164
63970874000191
63975209000190
63976333000170
63994470000138
64012239000164
64019014000130
64026831000115
64055041000168
64060774000190
64102343000140
64132796000119
64202402000151
64224995000157
64257916000104
64261025000121
64266607000109
64276760000109
64278613000178
64295154000130
64295420000125
64325865000100
64337558000140
64435579000106
64456426000137
64456720000149
64481536000159
64489015000148
64496916000167
64505559000156
64609608000109
64609232000124
64621129000108
64622219000105
64671893000180
64689344000132
64712725000195
64714434000136
64750322000130
64774064000122
64808814000130
64827367000166
64838427000146
64839059000150
64858018000101
64895268000111
64896664000163
64906338000190
64922759000104
64953633000105
64972476000177
64975950000114
65003454000161
65034880000162
65041833000146
65049308000177
65052095000132
62007176000203
65069176000145
65088832000157
65100130000141
65129664000109
65171405000138
65172115000109
65172580000140
65174685000138
65271663000196
65276673000114
65279248000189
65316501000127
65327076000171
65329637000171
65336768000186
65353201000118
62978377000258
65426068000182
65446260000130
65449996000162
43792899000569
65463855000102
65471878000150
65475839000121
65488365000152
65492451000139
65492519000180
65528144000160
65543003000117
65551143000137
65552251000124
65556533000108
65570900000110
65573524000117
65600095000120
65620335000158
65630297000114
65633954000187
65655429000162
64377378000191
65696661000149
65702360000180
65705489000142
65712375000120
65718666000125
65720886000193
65730876000139
65738373000100
65757818000107
65763640000107
65777196000170
65778241000101
65779345000130
65787399000148
65811464000123
65813136000166
65818119000111
65863363000104
65869999000155
65876962000154
65888170000108
65888593000110
65897698000135
65935973000168
65951958000103
65959258000165
65974393000180
65563557001239
61755535000248
66003378000157
66014194000192
66033391000159
66052397000173
66057841000143
66063756000198
66066182000101
66067424000181
66130178000165
66135194000140
66162936000127
66167143000109
66169922000135
66197226000132
66221157000155
66237580000143
66243649000141
66245447000139
66253197000189
66272684000199
66280145000100
66294046000179
66326300000173
66338383000110
66357852000149
66366526000106
66370638000122
66278695000267
66378437000171
66390731000107
66394233000124
66403442000197
66418281000105
66428522000105
66430961000144
66431547000150
66451814000150
66460757000176
66465377000124
66503136000122
66504128000109
66510560000102
66530555000153
66532667000143
66559224000146
66579515000104
66590465000158
66590517000196
66601144000101
66636433000146
61755535000329
62047706000247
31307464000250
03300189000126
03308134000162
00025346000144
04969849000129
04970777000130
04975109000103
03350466000105
93251726000188
01734806000176
03394815000190
01771018000150
03428115000170
03428822000166
03436652000161
03459851000195
00176399000166
03470610000147
00190556000198
94655297000177
05191270000140
05208734000184
95249116000175
01903696000129
00282813000111
05257673000145
95839833000157
01947535000137
05296332000189
01982734000186
03669669000169
05350092000153
07932190000124
00383207000192
97136931000153
97151401000184
03690130000191
03720030000160
00423716000100
03745045000183
05420100000190
00459980000195
05443010000115
05444866000105
00473302000187
00480430000158
03824797000130
02144110000152
05505533000149
00546700000186
03871656000178
02298189000257
00619135000130
02276386000194
05654281000110
05667601000176
04014735000125
00697606000128
00699324000160
02322235000125
02349786000182
02350589000183
05746029000130
05773788000192
00791190000102
05777842000178
00821289000100
02451702000117
04181190000141
00852803000174
05866725000180
00869441000124
02509435000191
04270505000127
05941039000127
02558025000130
05943165000110
04284775000197
04289756000153
00952869000136
04327586000154
02613462000100
06029768000174
01020523000162
01022105000104
04383507000122
01030896000114
04400897000100
04403430000105
32838245000260
02687462000154
01069753000116
06125925000145
04450205000120
17403692000111
04457496000188
01100465000187
35281310000106
55411938000196
06163047000152
18016022000105
02767404000130
04512956000123
06192903000106
04521340000119
04523717000179
55834196000101
06207589000180
73821712000145
06230004000142
02807718000110
04562399000155
56232077000141
02822420000189
01209905000139
04593431000160
02861156000192
06781078000177
06319585000193
06321687000143
37251758000102
07425701000111
02894256000115
37373339000143
01280172000129
37432853000102
06829365000100
37547965000109
57364192000132
04682826000139
04686296000105
04687986000170
07412889000163
04690153000169
37894235000184
38673349000167
04734249000181
07412937000113
04740420000165
57972077000140
01356279000103
04759024000180
06931104000104
02990227000157
04763589000130
58206202000174
01376688000171
06940866000169
06970821000137
03031093000100
39700984000159
07014754000140
07030030000190
04858926000173
01454988000121
03084859000114
04864154000182
07042073000195
01465178000170
22215271000105
04881651000199
07088212000111
07098979000121
07101135000192
07111634000160
01522979000120
22869192000100
41311465000140
78570983000199
41375940000142
42024562000115
42056549000148
95038386000218
07214304000109
03260780000105
79604138000150
03269320000130
01623034000103
07241480000121
43130533000109
24513566000185
24558207000144
24616880000193
07309139000160
62774310000110
62894142000105
45616018000150
07779796000171
63506588000170
26274878000109
63840979000126
26658328000193
26817783000194
82706391000129
83073130000181
27499813000124
64635501000127
83900654000107
65688285000140
28430635000148
02872104000111
10638534000100
49314255000118
49370802000182
66274747000146
66458308000193
86451333000152
86477387000197
29699451000140
86765286000111
12064440000191
50470699000121
67587105000160
12623930000180
67719989000169
88152939000112
68288869000117
14016323000188
14152763000162
69314748000165
70154174000194
53233524000199
70965108000102
71327407000176
71387856000100
71405716000117
71624563000107
71911895000164
91365650000196
72107220000120
72191455000142
34612945000186
91873380000124
34692780000108
16975708000106
34900712000189
35069863000108
35132026000178
07452822000152
07465191000106
07469004000162
07477024000185
07567652000151
07568891000126
07585146000195
07659601000150
07666428000117
07280337000149
07684569000162
07687966000198
07765304000199
07794453000186
03071745000130
07857640000161
07904517000154
07905399000107
07950119000174
08048237000154
05926213000162
04890431000121
00732428000129
06203690000162
79876371000191
07332035000177
32242869000139
91884346000317
06174883000132
37367042000175
03803454000199
05565966000190
02677422000121
05651030000181
02772535000106
02773713000113
07644510000140
58871237000128
07562722000189
03560941000178
96275995000172
03631233000180
05322772000163
97074652000102
03827348000145
05507475000192
03953133000170
00647707000194
00725624000176
05731495000142
05995064000193
01019132000128
73290702000120
01122240000121
02778930000104
20401170000195
20636502000110
20651923000110
04770159000146
39281431000109
04828175000142
04880775000150
07065167000180
01562889000163
07184787000138
42844571000152
07253955000108
07364948000175
81260929000151
25710443000105
26496760000125
00689609000110
28345353000142
66432139000112
86457413000115
52749504000102
33631730000140
33743923000192
72367477000110
72452402000138
34710780000185
07688018000177
00793075000177
02754918000151
01813473000170
94521739000192
05623620000109
04171043000190
01092464000138
53404224000125
07839341000102
72989262000131
73638819000152
01054825000151
40272874000112
02139768000176
03236922000190
03391297000151
05202305000108
95859179000143
00350571000156
03947847000176
04179945000173
06038868000167
04600097000124
56785108000191
83670851000179
02918237000181
22269401000184
07231755000146
03281140000173
01643093000135
07355009000164
25771387000100
81732943000100
64124050000163
10237725000151
66713587000194
86720471000190
53354718000142
07716761000193
05493522000196
08374258000160
79631008000106
04111293000135
96354832000185
00584318000167
64411713000120
22747794000194
00212844000104
27328509000114
04735169000140
00782864000102
00238905000102
91047274000191
79032199000190
03169785000119
63925234000160
07349538000155
65349540000120
07294987000143
04234071000100
04911096000109
03914312000107
96467147000165
00418584000110
01765961000150
07334773000153
06353679000189
86608890000134
03615058000138
14715844000123
08232805000172
20222424000108
08277874000100
08294317000190
08295103000138
08353134000106
08355697000125
08599056000116
08695129000173
08740245000167
08770052000159
08797085000192
08857246000196
08879312000129
08892912000127
08948466000125
08953270000129
08958898000117
08969790000120
09005676000142
09048792000149
09088439000192
09102499000112
09109171000128
09113133000149
09149288000135
09168870000149
09196393000125
09209900000118
09277924000104
09318113000104
09349516000110
09381982000183
20238745000109
09424531000186
09445812000115
09453990000198
09455687000124
09483479000139
09515120000104
09560694000196
09570634000154
09205749000140
09621786000139
10346737000114
10358651000101
10413975000103
10144960000189
10197658000199
10198237000182
10222491000179
10222767000119
10247276000122
10617431000155
10627090000107
10698342000180
10727677000180
20283711000128
10760295000158
10773169000138
10785438000186
10792405000163
10837469000133
10837861000182
10889060000160
10921132000100
10950067000140
11004671000147
11134219000108
11136147000120
11199937000154
11256982000101
11283346000160
11304591000107
11376459000100
11403149000138
11403663000173
11420178000108
11435151000199
11313991000189
11461791000173
11475706000126
11539514000136
11558563000116
11565001000108
11598707000168
11607105000120
11626837000167
11631782000183
11659900000161
11675306000164
11523590000153
11731466000183
11743038000170
11826832000188
11829167000186
11835996000171
11902033000143
11918058000135
11966381000184
11978076000102
11981732000126
11989029000164
20324223000111
12057478000137
20325302000147
12067400000101
12069545000133
12117520000168
12133271000102
12154216000190
12226555000135
12234482000123
12249807000141
12261742000150
12286071000181
12316172000158
12397772000198
12491772000152
12562863000131
12598429000101
12673366000100
12677938000120
12727646000154
12757482000108
12765353000161
12791305000148
12791354000180
06876015000366
12860328000167
12862361000126
12890279000105
12913089000166
12929092000178
12932300000198
12995212000135
13023220000182
08650559000179
13059026000157
13072643000192
13112122000111
13125241000109
13126543000100
13130958000149
13208957000170
10705741000121
13304847000101
05421387000254
20368591000161
13387050000115
13407912000124
13442598000110
13449359000192
13458645000114
13459321000109
20372516000174
13491039000109
13496741000157
13609586000138
13617108000170
13617145000188
13626600000101
13674652000153
13699292000144
13631681000138
13734643000100
13737155000157
13780867000159
13799806000133
13844835000170
13872351000134
13941987000190
11552149000108
13970254000184
14055043000189
14099930000159
14135711000188
14141789000105
14150717000124
14155392000172
14156750000161
14179794000107
14196814000158
14235108000178
14241119000160
14242909000160
14259078000130
14306822000100
14307159000168
14310804000100
14327897000177
14333786000173
14343126000173
20403117000123
14356175000140
14358625000134
14359783000109
14391897000136
14555151000110
14524247000111
14583337000183
20410971000117
14625481000135
14684550000181
14702638000189
14707956000132
14755301000130
14797246000140
14830912000103
14864966000181
14902388000120
14915385000121
14945098000164
14987203000128
15038740000194
20425448000164
15106225000102
20427656000100
15176786000170
15177548000189
15290030000157
15295438000111
15315855000189
15362191000109
15398510000136
15412722000120
15419474000140
08384994000107
08902240000193
08958617000126
09813101000156
10298920000191
10317446000106
10421488000184
10435856000143
11166650000128
11745388000176
11950740000105
12065502000180
12182769000157
12429610000194
12631590000130
12849976000112
13021594000169
13077307000132
13253914000106
13453376000101
13897023000192
14074931000149
15010665000153
15118566000190
15316963000176
15410867000192
00573070000210
16652067000302
32242869000210
04632337000253
03245189000251
15466759000131
15508966000101
15578452000122
08158955000183
15593905000190
15651919000112
15742878000170
15775540000114
15776555000105
15875088000162
15912356000179
16371081000176
16500905000160
16516341000154
16551222000132
16589763000150
16595174000184
15571526000107
08772036000103
16639207000140
16650446000100
16718361000108
16724458000123
16729002000156
11073097000189
12759611000105
09108131000161
16793329000197
16825261000180
16924266000160
16945398000179
16966589000117
15408747000150
16993384000120
17036991000165
17055171000110
17107131000175
17118485000115
17136075000105
17224373000149
17226577000119
17253382000168
17285472000130
17380228000157
17419815000102
17441947000130
17457985000181
17476707000171
17519441000105
17519727000182
12450410000113
10314179000105
17662660000130
17664924000195
17720143000170
17755403000143
17792340000103
17808145000116
17832337000168
17886719000174
17899211000100
17937799000140
13140533000110
17981181000187
10790725000265
14503873000121
18077345000109
18110417000172
18135685000149
18145439000178
18166375000191
18243280000124
18253516000103
18261641000165
18271249000105
08544054000120
09421915000145
09442653000103
09687734000165
10143456000164
10635189000142
11214971000150
11477613000130
11571341000133
11816011000160
12075105000199
12474710000132
12994176000195
13357917000190
13706295000168
13752995000199
13882310000129
14074316000132
14321734000187
18285027000133
15094663000190
15472745000120
15493945000160
16573808000106
16690815000180
17322828000169
17388898000110
17395772000172
18132740000147
18297798000140
18322549000168
18337448000160
08921332000110
18351434000100
18420251000190
18438431000108
18459401000170
18541543000181
18574231000174
18636443000139
18646690000116
18722468000155
18733855000197
12533822000117
18789629000128
15302695000133
18848530000150
18862754000116
18891859000101
18955907000170
19036069000101
19040485000175
04588474000238
19109224000164
19152969000106
19163270000141
19228074000108
19263285000181
19267403000120
19286292000107
19293184000153
09005676000223
19345440000109
19366603000130
19368203000163
19396158000150
19400773000193
19404191000185
19417236000156
19421443000184
19452458000100
19534209000163
19612363000106
19616305000150
19618963000181
19635513000105
19641017000156
19701569000102
14246488000146
19755661000155
19797080000186
19809977000182
19827614000170
19839977000125
19883799000130
19898349000110
19957862000135
20025493000121
20091467000100
12131683000103
20094869000150
20105895000136
20180085000144
20207670000190
20208159000103
20209453000130
20515247000158
20554727000128
20701718000112
20714302000139
20736619000176
20758545000179
20804008000118
20924212000172
20941592000153
20961864000187
20966090000187
20976033000189
21090599000171
21091580000140
21105982000156
21119838000179
21255827000116
21058410000163
21319865000195
21372803000147
21402758000126
21409280000166
21438903000129
21527406000105
21549351000126
21608206000179
21620069000198
21625437000190
21658433000109
21685674000147
21713881000168
21798948000104
21809681000103
21821637000119
21825595000194
21896044000111
21902591000162
22036522000186
22073487000175
22077546000183
22106842000165
22237775000118
22242968000167
22263460000145
22286384000193
22346458000130
22350220000188
22401424000109
22415262000150
22474768000130
22485811000162
22557956000121
22673522000197
22693101000128
22709239000178
22749749000179
22779039000191
22826129000196
22878622000150
22879728000178
22892254000102
22918390000116
22931966000185
22940731000150
22952762000120
22998001000100
23165645000180
23208944000154
23217430000165
23257050000154
23274085000100
23301050000104
23329639000110
23371972000198
23373329000101
23391836000160
23399847000196
23406888000162
23415081000196
23428737000105
23473113000100
23509002000106
23573260000151
23582355000131
23602637000153
23609137000143
23645628000140
23709965000153
23723933000102
23743873000190
23750430000126
23803157000150
23887103000110
23920926000109
23986455000123
24012488000135
24060376000150
24087662000109
24130541000100
24143671000170
24197460000110
24263195000120
24277158000171
24284876000175
24328901000175
24340943000121
24354792000160
24389685000178
24417295000164
24492060000137
20067847000109
24683733000136
24699329000150
24782204000190
24831790000115
13552194000180
24873658000176
24877603000134
24877985000104
24896794000181
24929217000149
24934183000180
24942374000194
24969166000189
24992829000186
24576861000180
25008218000113
25033908000122
25048985000156
25078921000106
25082043000194
25084324000186
25087907000160
25123307000100
05700483000312
25156809000138
25175806000141
25190930000186
25213882000102
25253751000140
25267249000199
25271585000105
25369371000176
25391333000110
25488431000170
17625695000108
10645154000194
13820268000111
20120054000106
17777209000169
19449268000133
12852817000177
24480650000140
25120448000170
12806379000100
18487841000130
19094162000164
19611823000181
11099288000110
20155886000150
13383685000144
08985317000136
11436349000197
22255777000130
17268289000127
08637454000180
08759443000172
20674915000190
14130685000103
18979370000188
18862899000117
12877176000105
14331609000158
12476953000100
15358981000110
18097546000178
22518424000185
20694289000101
19353658000105
13668055000116
21233650000157
14897933000138
14983867000119
19838727000170
18815034000108
12120764000108
11880217000150
20753328000196
14917772000105
24210117000168
09815558000108
12134740000108
15705115000159
21505642000112
17556858000130
15343708000112
13141151000101
13162071000132
13322851000100
24434343000122
16059552000296
18764846000163
15047207000270
19772660000119
18408568000101
21286357000158
21423180000194
08971116000180
09308334000100
12138909000190
12298426000152
13289200000158
14056927000158
12644088000163
14240267000160
17212637000144
12765540000145
12048891000135
12249518000142
13126831000156
12020142000108
10534434000125
12135060000109
11149488000130
16553291000185
09027066000140
23625694000158
25214568000136
25261602000123
24097855000140
24435602000130
12448904000163
14710242000183
15559488000169
13736081000134
19424387000131
19655821000194
15141614000160
17314798000149
15745970000193
18401665000172
20376572000187
14367025000132
16689517000170
12444668000107
12973648000123
13277524000176
17711492000126
17731286000188
24783718000160
11988682000109
24259352000124
25983335000106
26037467000108
26053536000169
26161234000104
26224987000111
26324388000170
26350160000154
26353180000189
26386735000199
26389785000120
26397399000180
26421275000192
26422075000154
26567218000116
26593422000101
26603376000184
26605792000111
26616366000183
26627417000172
17692060000204
26707502000140
26770937000130
26775626000163
26785852000125
26847332000108
26853497000184
26894648000142
26903228000185
26980010000124
27120621000165
27122780000107
27184991000166
27208356000171
27230334000108
27315855000168
27322911000191
27339454000148
27382831000121
27384798000179
27387504000162
27416131000100
27451535000135
27502785000157
27511705000120
27522337000115
27579149000123
27590040000197
27635214000190
27691813000121
27717972000158
27797891000105
27858714000191
27869206000109
27950094000116
27961766000199
27806007000151
27996181000104
28032925000133
28050811000116
28061660000100
28071104000106
28080310000182
28085592000100
28104873000163
28128133000167
10795401000210
28144902000110
28182979000185
28220001000160
28284721000190
28304347000147
28324768000130
28328659000190
28341935000150
28342363000124
28357117000146
28382324000150
28394000000132
28401998000155
28412412000158
28492945000197
28569905000104
28625007000118
28628104000164
28638685000115
28645747000116
28649760000143
28662895000149
28682792000140
01905126000259
28803338000109
28831732000142
12006866000270
28880338000102
28886616000120
28931098000110
28947317000159
29005897000128
29026063000107
29026816000176
29083479000159
29096552000127
29104335000131
29114474000146
29174285000169
29192396000106
29235781000185
29257270000164
29266506000129
29308133000101
29308615000161
29344631000100
29376128000136
29404561000138
29424410000141
29478160000122
29524420000159
29537340000138
29549196000150
29551906000186
29557726000101
29568751000190
29626731000129
29665864000104
29724502000147
29732824000138
29783314000190
29793228000168
29810291000165
29837955000180
29848378000121
29848888000107
29899016000160
29919417000134
29936654000103
29939575000156
29961563000128
29978916000100
29985803000124
30031026000168
07205154000240
30052571000130
30100691000166
30122381000142
30124046000183
30143901000101
30174351000180
30183466000130
30267522000115
30321367000178
30342970000136
30365644000144
28436456000118
30414557000130
30421802000136
30433597000129
30433733000180
30457935000162
30493622000160
30514976000143
30547490000101
30548298000130
30554444000130
30609700000149
30611778000106
30652850000135
30663505000105
30675168000168
09423318000230
30713459000101
30742535000107
30754985000101
30780742000148
30827691000162
30844868000139
30915578000139
30931654000108
30937235000175
30942749000119
30975958000169
30985051000180
30985206000189
30996752000115
31035378000154
31084745000100
31034819000101
31092904000118
31098810000156
31119114000189
31189274000102
31231429000113
31246989000141
31262226000194
31286623000104
31310652000156
31332267000100
31346831000143
31415430000106
31432185000137
31434844000174
31472391000170
31528701000121
31556691000138
31597359000111
31597954000157
31598215000180
31680756000152
31707332000134
31733605000115
31760803000178
31764569000157
31768711000134
31771431000185
31839027000104
31854366000151
31859103000135
24083311000391
31903815000104
31916975000198
31923146000132
32002778000126
32011345000137
32014119000100
32014191000137
32026933000144
32038910000150
32056464000106
32062253000186
32079222000138
32110887000167
32115283000103
32156881000120
32208681000174
27635214000271
32304618000131
32306360000102
32379100000167
32380783000172
32434905000166
32451443000195
32472333000100
32534251000142
32541808000172
32554047000193
26570273000165
31363312000193
32609401000130
32626887000114
32648848000118
32679273000109
32684296000101
32699179000103
28795639000120
32709969000122
32714730000140
32730375000101
32799456000150
32807247000100
32827061000113
32861159000197
32975325000186
32978455000172
32980718000188
33070638000158
33090543000104
33126464000106
33150738000194
33158762000170
33164151000134
33166276000101
07207677000225
33204323000156
33219261000156
33223641000164
33240944000195
33249819000146
33257763000171
33350373000141
33350736000149
33369664000181
33371099000197
33382139000104
33401979000169
33405597000103
33427208000140
33434360000150
33442016000103
33504716000185
33538236000135
33543580000112
33564237000154
33606715000141
33612455000117
33617103000154
33635554000114
33639297000199
33645928000182
33646510000190
32607142000108
33660633000185
33699090000100
33735357000177
33754507000190
33830876000114
33835145000161
33879405000109
33889766000128
33900260000172
33955882000106
33959239000142
33961303000120
34028610000115
34047455000184
34077350000178
26930184000182
34109257000106
34117006000165
34143441000164
34175044000174
34209266000160
34314402000182
34346774000190
34377581000105
34392685000180
34414605000140
34481634000125
34484730000127
34513719000148
34526457000156
34569346000127
34571920000181
34602207000158
34610299000118
34624330000170
34629589000103
33651687000184
34660756000189
34727717000151
22860103000245
34735224000163
34770218000147
34778108000121
34787122000191
34805756000120
34832754000120
34953057000127
34986512000190
34996014000129
35040741000180
35052218000174
35074767000140
22283233000262
35121634000187
35135286000105
35172385000159
35309295000167
35371118000100
35383695000112
35406791000139
35421029000121
35430968000132
35433003000101
31819325000205
35542938000118
35547803000145
35592662000182
35592851000155
35623555000174
35653556000161
35738600000136
35787680000110
35869863000184
35878049000126
35933643000172
35960799000142
35988529000140
36042867000157
36079758000104
36087759000109
36095042000109
36130379000100
36138208000119
36187206000110
36226118000180
36265625000122
35358653000121
36319146000141
36339017000115
36370853000162
36397136000124
36407888000129
33159126000162
36423625000103
36439543000157
36458157000102
36468344000177
36572278000180
36604561000147
36646139000154
36676254000171
36711169000105
36741749000137
36024418000186
36825680000120
36916756000122
36976016000181
36987676000168
36989842000165
37023154000109
37074003000180
37084919000110
17667432000234
37116808000149
37144628000170
37153824000101
37161069000107
37172585000137
37173694000179
37180468000115
37182035000107
37191614000108
37209464000112
34639304000115
37248736000193
37249825000154
37269268000133
37284351000181
37311092000130
37325124000157
37351567000112
37357515000153
37366206000140
37380865000130
37423786000160
37428418000104
37432833000131
37443229000100
33186091000150
37479798000106
37481414000190
37490294000197
37516018000150
37517365000106
37547464000122
37554735000177
37561733000105
37573437000124
37574400000110
37580182000127
37593490000197
37600246000104
37642432000106
37664686000125
37674273000121
37714983000138
37758830000192
37832492000191
37836358000169
37841357000102
37845432000103
37851791000173
37853097000195
35283503000104
31014219000173
37859075000132
37873364000196
37876049000112
37886477000126
37888903000160
37932418000147
37943449000101
37943514000190
37953745000185
37958484000196
37975376000121
27998077000230
37992779000189
37998079000100
38012965000177
38024636000146
38068574000174
38077245000190
38093892000195
05829535000274
38134002000146
38146192000111
38207397000160
38208281000145
30533200000170
38228444000151
38258536000184
38266021000126
38269937000130
38278252000150
38295425000148
38302031000170
38312905000170
38377590000149
38404203000116
38417060000187
38462634000139
38463370000138
38487383000147
38541582000196
38594728000161
38658516000109
38820996000154
38973896000168
39238436000159
39249483000106
39257492000130
39264200000197
39297626000147
39373240000177
39390313000139
39397440000160
39496185000102
39518229000158
39538115000170
39593367000100
39625730000113
39625857000132
39655791000123
39676118000170
39703587000130
39724204000100
39736074000126
39737110000176
39793188000108
39803925000106
39829552000142
39838809000122
39848230000140
39920908000159
39963741000103
39976168000172
40015078000102
40111677000111
40112911000125
40121508000162
40152295000136
40159078000178
40166927000110
40168082000100
40174453000159
40266738000110
40285812000145
40317607000114
40361726000174
40362433000101
40380175000196
40410939000149
40437658000180
40461332000198
40466472000159
40501658000100
40536124000100
40559860000184
40564720000102
40584143000102
40592421000173
40683761000100
40704985000150
40707415000114
30085562000146
40725009000184
40743976000179
36430820000160
40774551000127
40780195000154
40784718000130
40789164000164
40810157000105
40826369000172
35942383000100
40887088000120
40936021000138
40961437000106
40988729000132
41016893000140
41018313000154
41039103000142
41041108000100
41041555000169
41078201000199
41086472000196
41121173000145
41128777000113
41170600000185
41180577000100
41220453000100
41341684000172
41354674000171
41396181000102
32203621000169
41427059000148
41453720000190
41477105000113
41498017000106
41508937000150
39690644000194
41532663000134
41539726000184
41540680000113
41551568000188
41564791000160
41567473000152
41628328000134
41639802000123
41651155000175
41669906000180
41680593000161
41706679000116
41721311000127
41732701000100
41763945000142
41778629000144
41798187000106
41800808000130
16676145000228
41819928000180
41836162000141
41859082000101
41863348000190
41874748000109
41883132000196
41907506000166
15005669000224
40070969000153
33526580000104
36021421000146
37457825000140
28669649000119
37985890000148
38177311000101
27050789000141
39661898000184
38374414000153
39912066000193
32484095000152
41998768000183
42001827000160
42069273000132
42092479000183
42164648000143
42168715000106
42170744000102
42174216000113
42190021000167
42252754000189
42262538000114
42281688000175
42281937000122
42337967000103
42351207000150
42361514000112
42377818000178
28505233000165
42415682000143
42432698000164
42436168000194
42436339000185
42438906000132
42473960000119
42481371000182
42487870000187
30546601000165
42525356000199
42528558000194
42565497000135
42566103000163
42569456000117
42574083000172
42684707000104
42704217000122
42712220000198
42728021000178
37233112000100
42782843000137
42787569000199
42805099000149
42805245000136
38262993000142
42853287000142
41681469000110
42920396000135
22839872000261
42955496000105
42967378000109
42984851000166
43007607000106
43029664000196
43083532000142
43108686000141
43161225000132
43164697000149
43174510000198
43178611000137
43190813000102
43192940000132
43199335000193
43205735000164
43216484000113
43252827000103
43254859000130
43259156000102
27362237000179
43291787000109
43293097000180
43307133000118
03873368000233
43327947000114
43342038000155
43381247000108
43385062000171
43409467000100
43418625000180
43430287000100
43434143000114
43481684000101
43495968000149
43535339000103
43537439000160
36712955000119
43577624000189
43581919000129
43608334000155
30233140000170
43643392000110
43645919000145
43712935000103
35113580000108
32000256000195
43750893000103
43762487000152
33511725000101
43767768000106
43786111000188
43820710000170
32881892000173
30982602000152
25976963000156
42149182000107
32308472000100
26783147000199
34403135000110
33586295000189
35540795000105
36398080000122
31727615000148
41990411000159
32783419000153
36141773000135
37875810000100
33067854000144
26266495000199
43247036000187
38078854000163
26511781000172
40494773000196
34668382000148
37876666000207
39371120000130
37420639000136
37844486000154
36529140000107
32139348000150
43122416000195
42966811000191
37325744000196
36345975000107
37363342000186
27589946000191
38080505000186
34608410000131
41604079000147
38123776000171
33318829000196
32794514000152
40930573000139
39741415000151
29550990000113
35411591000174
40707513000151
31937267000133
43506235000162
37913325000175
34060204000130
36862331000188
39748567000186
39600204000107
43850104000106
43860281000165
43883006000167
43916811000140
43934525000107
43935665000108
43946529000105
43951100000106
43964692000109
43988800000175
44003699000119
44003827000124
44019139000152
44073836000191
44111241000183
44135271000120
44202762000146
44203567000130
44204070000137
44207007000154
44207463000102
44235310000160
44256230000191
44261809000142
44273792000143
44274247000171
44398035000104
44434143000187
44434739000187
44455906000176
44466735000180
44513144000117
44527472000172
44543249000119
44562961000165
44569175000190
44571447000196
44719857000131
44744369000184
44745135000151
44774663000139
44806102000174
44812625000123
44815924000111
44826898000127
44831541000137
44887207000103
44934593000139
44952423000187
44977250000151
44986408000150
44989190000197
44996261000189
45041141000190
45058044000100
45087235000109
45112115000106
45124216000105
45125238000181
45138817000169
45167709000114
45264174000108
45312449000123
45333683000137
45350297000153
45389935000140
45398301000153
45502088000188
45517345000155
45519252000160
45531665000160
45582272000185
45689826000148
45737059000103
45749380000108
45752421000107
45752659000132
45769333000118
45806264000175
45807001000180
45855647000133
45875550000192
45888950000132
45892235000173
45965380000137
45974647000152
45982277000103
46027860000110
46035021000143
46056155000140
46056469000143
46060477000163
46093182000193
46115220000161
46143852000139
46178314000180
46183660000156
46191008000183
46219764000173
46255448000157
46284814000104
46287885000152
46326533000169
46345778000133
46364381000199
46428419000140
46449334000148
46463528000106
46472824000165
46502799000115
46546940000181
46579585000147
46608795000116
46638731000168
46650402000132
46696778000188
46707120000124
46757037000160
46831406000117
10664419000282
46917222000174
46920479000185
46934787000160
47000384000106
47100476000168
47115063000157
47133183000187
47205162000120
47238022000158
47301701000124
47375334000103
47413102000100
47417808000132
47543037000120
47544714000124
47607043000101
47647369000154
47689367000128
47738886000139
47834116000190
45007970000157
47891204000123
47926089000185
47928212000105
47949290000188
47975661000104
48021941000138
48043615000121
48093935000196
48099198000139
48171030000197
48233901000150
48267789000178
48296915000112
48312543000170
48319493000153
48398248000189
48414045000139
34488877000276
48466219000107
48501215000112
48520318000120
48524022000187
48529420000196
48449982000120
48635456000154
48642809000143
48681519000109
48698015000100
48715041000190
48801915000122
48821178000120
48828543000128
48838920000100
32676049000317
48885096000149
48888386000146
48888544000168
48538467000116
48998716000156
49041297000122
49047429000123
49047520000149
49066625000145
49104758000169
49118258000186
49121547000134
49133519000137
49197243000150
49228081000170
49264871000101
49284279000171
49301774000141
49303026000106
49330380000111
49358202000107
49394478000132
49451226000106
49517537000112
49553961000112
49554146000178
49561084000121
49580604000143
49581578000178
49591558000188
49678130000177
49445750000328
49714864000164
49724403000172
49727213000109
49738956000184
49778733000140
49805556000144
49819060000120
49824911000122
49884300000170
49902477000151
49902575000199
49912604000101
49976200000173
50045159000109
50110536000138
50137616000187
50140380000138
47622547000192
50164454000176
50202601000155
50218652000175
50224107000191
48171832000105
50238067000137
50285377000102
50306037000110
50314331000174
50329314000100
50331877000133
50340503000184
50342115000132
50348723000154
50371527000109
50482481000197
50486102000137
50506269000112
50509456000150
50539926000128
50545407000172
50590048000175
50604709000174
50632945000102
50643867000133
50688434000102
50703698000180
50728672000196
50847419000151
50876078000142
50899548000193
50912528000105
49856325000240
50956571000172
50962587000198
50971727000194
51001202000199
51001805000190
51036505000147
51083373000104
51104992000138
51107900000173
51111670000116
51115777000132
51133980000131
51226359000112
51230075000108
51258615000153
51278165000160
51299315000112
51350831000124
51368456000140
51380017000152
51420257000133
51433499000161
51465725000196
51477300000105
51483454000100
51501281000105
51536329000102
51562947000127
51582750000150
51615361000183
51721315000169
51764091000172
51782881000180
51837583000140
51839996000164
51843271000140
51846070000104
51846383000154
51860457000107
51881822000160
51887993000104
51893167000160
51917140000160
47962767000165
51928502000118
51944416000107
51957099000155
51971444000105
51999521000135
52037437000101
51997001000193
45191484000131
52102528000175
52160190000108
52161674000171
52187526000126
52198486000118
52216624000144
52293550000140
52302741000120
52332252000111
46965041000113
52415504000176
52415861000134
47615332000144
49155379000106
52464731000191
52479984000139
52518810000138
52543463000101
52554231000140
52576586000130
52584765000110
52585172000178
52599374000179
52640925000109
52644161000111
52665357000192
52687034000108
52687872000173
52717842000162
52729875000122
52665587000151
52825355000113
52835277000138
52839302000151
49679000000159
52849206000194
52851280000145
52888124000159
52986944000183
52994288000160
53011397000183
53025798000192
53044155000196
53101202000196
53196510000142
53198819000171
53205186000181
53207195000101
53252617000160
53253983000134
53285653000120
53337355000137
53436924000100
53526624000103
53530233000162
53570384000144
53600035000128
53676416000190
53679720000191
53719561000101
53726822000110
53744432000173
53806740000186
53840400000171
53859341000183
53924240000149
53925141000181
53973614000116
53977798000192
54004660000170
54007767000171
54022820000103
54050908000139
54058354000116
54122685000178
54123562000151
54173142000180
54185783000154
54253008000199
54259170000114
54263093000176
54275761000185
54276602000103
54394109000180
37538636000444
54527822000154
10888508000202
54601076000100
54601591000181
54614382000172
54623693000106
54703649000106
54724353000163
54743974000194
54745103000100
54749895000190
54779099000109
54787297000106
54788121000179
54798556000102
54835369000143
54979135000170
55011285000158
55079712000130
55104594000172
55152682000140
55156948000122
55176716000136
55198908000143
55237181000166
55242827000101
55251100000182
55252291000105
55288502000151
55331654000190
55334249000125
55368040000182
55375113000163
55379133000102
55397978000120
55402443000109
00653846000201
55466548000113
55499921000132
55538872000108
55544859000153
55552805000130
55570341000194
55600657000181
55605358000130
55626633000100
55629195000125
55664853000110
55677329000183
48235746000100
55728382000166
55765707000180
55777115000189
55806538000180
55847426000177
55905891000117
55939428000196
55962685000149
55980434000197
55988472000196
48821178000200
56038363000170
56076145000120
56150411000118
56167693000166
56196718000150
56209523000105
56262886000104
56391740000150
56633834000199
56688373000151
56701367000197
56871891000106
44763125000149
57011478000134
57022005000132
57041207000121
57048562000122
57063832000174
57106019000134
57160281000167
57164757000138
55774412000170
57178185000146
57203015000174
57256205000150
57256354000119
57262154000179
57273986000190
57275850000110
57300081000162
57327013000197
57339511000150
57343156000192
57370922000108
57372624000157
57374279000190
57404334000148
57461586000109
57497923000118
57508851000167
56944040000146
57555976000148
57721025000100
57741726000100
57743404000192
45970545000169
57797004000160
57812127000122
57822373000165
57850279000110
57870196000192
57872788000143
57875428000103
57895728000146
57898820000160
57906770000115
57941902000140
57975909000182
57976079000108
57984813000180
58031818000151
58060030000173
58087142000118
58096361000163
58126235000104
58145014000183
58147332000183
58187731000178
58188371000129
58195053000195
58218174000105
58259239000160
58264430000109
58287564000137
58291684000108
58327848000100
58328116000134
58392263000173
58412716000186
49990045000140
58457117000189
45870958000333
58519470000146
58520019000149
58526386000150
58544161000126
58672305000120
58699423000121
58724117000106
58771649000196
58775977000160
58787130000104
58820211000150
58833592000102
58839262000124
58850894000199
58862195000169
58880566000135
58931055000103
58940806000140
58958077000159
58962893000136
58976621000195
58976996000155
58987691000149
59012870000123
59075930000157
59077661000168
59091403000136
49418886000187
48440372000165
59185483000199
59206283000175
59232804000169
59248118000186
59267257000157
59308156000187
59322932000101
59347572000194
59349908000158
59407588000145
59420567000160
59432919000105
59438792000123
59446199000129
59463275000104
59471382000184
58775980000184
59481397000123
59491162000112
59517481000150
44741141000130
59539543000124
59569599000121
59610396000131
59630156000107
59638987000117
59644841000184
59653971000183
59676103000119
59696416000139
59723943000195
59727951000100
59763196000119
59786598000139
59788025000144
59816745000176
59850111000130
59850415000105
59852282000106
59854664000160
59855068000103
59867113000131
59886349000115
59892146000131
59905228000173
59935844000177
59937675000104
59988158000164
59994786000152
60007919000139
60017087000131
60019782000132
60056968000161
60105198000108
60136119000118
60146428000179
60217481000113
60233131000140
60238357000134
60248611000185
60356630000125
60374175000190
60390397000105
60428185000161
60441595000142
60498778000102
50934131000114
60535086000189
60556856000170
60575579000142
60575591000157
58517904000179
54763499000118
60660086000100
60666444000192
59870826000316
51228774000105
60712609000115
60721787000102
60774520000183
60805502000111
60868276000118
60870613000101
60884583000192
51975667000140
60985483000152
60986001000189
61004116000193
61005055000189
61010785000178
61012409000112
61048852000143
61065677000100
61070862000185
61096054000197
61121169000194
61126883000175
61127311000100
61128099000104
61187987000190
61191719000141
61199722000101
61206866000148
61225490000119
61268023000176
61345622000146
59682703000190
61409114000184
61448236000180
61478402000190
61488523000113
61495789000193
55527072000183
58188371000200
58188916000288
61544116000186
61551337000181
61623982000162
61637485000113
58810579000138
61678211000172
61745038000188
61750680000155
61779107000174
61779932000179
61785558000114
61797992000114
61816266000100
61828605000160
61835053000117
61850105000124
61864370000161
61880273000162
61884561000195
61905156000106
61937115000100
61950954000150
49862304000157
54910176000100
56990101000101
60106852000190
51601074000114
59296266000176
48505539000129
51629882000190
52299412000178
53657536000140
54481779000133
56033846000182
56062717000112
45732924000110
54553963000141
53606928000180
44359011000138
47542396000162
48662905000153
45858835000115
61961427000140
61974833000148
61980377000149
61993104000139
62068740000117
62073190000124
62111608000140
62171983000186
62172527000150
62175579000180
62187116000139
62280479000114
62282487000108
62310970000140
62327717000108
62329393000139
48544387000254
11295297000267
62144313000170
62450045000115
62503237000142
62564023000186
62580214000131
62581815000169
62588396000197
62602147000109
62634546000151
62657097000167
62678938000112
62679750000199
62687490000101
62695466000106
62719103000163
62743011000119
62763547000104
62771120000140
62790221000168
62801685000122
62843278000188
62862817000126
62881100000121
62918231000136
62942914000129
62959134000191
62964613000104
62978377000177
62988707000105
63002640000150
63007795000180
63017845000100
63027194000139
63039156000104
63042928000159
63071115000197
63108359000105
63139614000179
63149844000119
63154160000105
63159600000117
63208967000183
63223118000107
63236896000122
63253026000161
63262142000147
28422860000302
63301769000160
63323880000157
63371122000104
63374480000170
63384836000157
63400986000107
63414273000100
63423332000107
63429437000165
63460501000170
63477831000179
63497641000113
63498566000105
63504169000107
63508056000171
63510419000103
63519505000187
63533070000125
63594403000126
63661306000109
63669740000135
63676064000127
63681930000178
63688624000163
63703612000160
63725318000150
63792833000152
63814973000184
63823943000134
63835695000141
63844164000115
63862600000189
62591232000119
63040702000119
63237638000160
63897762000152
63906635000172
63930567000187
64003495000195
64005327000139
64044020000147
64067298000130
64087250000193
64090639000198
64110212000104
64119703000116
64151441000177
64165597000107
64253780000164
64254796000191
64257887000180
64288981000105
47805707000210
64336679000177
64363079000106
64365047000131
64431341000102
64431843000125
64433829000160
64471009000163
64492467000189
37464811000234
64509452000186
64528192000196
64531180000110
64536927000123
64552980000118
64594821000186
64611743000180
64620408000149
62917253000181
64663780000132
64713991000132
64721432000174
64733822000164
64745387000198
24308094000200
64773489000117
64787679000193
64803173000120
64883822000140
64924080000154
64926481000143
64945943000170
64987243000148
63568974000196
65042444000135
65050902000188
65053989000147
65061829000140
65114024000117
65120706000132
65138556000194
65152257000104
65172562000168
65175522000170
65203803000199
65206462000105
65222262000146
65235724000160
65259868000156
65282657000134
65297453000177
65338459000145
65357143000109
65420288000107
65437219000106
65446799000190
65513149000110
65525687000124
65525949000150
65530455000164
65052095000213
65588676000193
65604169000104
65608867000170
65624073000108
65635352000169
65637780000120
65692024000102
65733392000143
43792899000640
64806476000105
65823797000172
65825601000189
65835501000133
65848918000130
65852415000139
65862706000108
65871984000121
65907152000118
65563557000933
65940473000114
65967397000130
65971287000142
65979777000195
65999308000138
45456374000235
66050094000111
65563557001310
66128759000162
66147481000170
66153877000120
66191314000127
66217123000197
66244452000127
66244627000104
66258247000110
66262358000109
66267630000135
66295078000199
66351977000161
66354825000112
66378713000100
65899208000130
66408278000100
66410678000150
63935318000265
66438536000100
66471721000198
66497638000198
66498088000121
66498235000163
66500351000170
66503495000180
66520482000119
66527512000119
66582603000157
66589857000105
66603399000103
66603673000144
66615846000144
66645814000191
66646575000194
66652001000129
66677764000124
66682850000125
66683717000193
66689994000103
66691009000102
01662043000103
01662939000184
00012846000141
03318388000161
01678075000199
03342520000170
01697723000154
03358739000168
01738755000150
01747029000102
01760022000112
05066058000151
05068027000130
00163752000173
01805668000179
01806568000167
01813771000160
01815491000191
01818060000189
94299799000102
05140193000108
00228707000150
00236853000127
00240479000133
03535248000145
03540798000152
95049391000145
03567134000187
00279252000100
00280684000122
00281453000133
95387304000160
03581800000131
95777207000183
03593888000101
01922258000108
05264902000159
96176201000113
05290355000186
05303696000149
00364410000111
03672966000163
97093454000196
97341457000100
05389816000172
97493688000120
98415862000180
03726531000154
03783635000109
02135510000100
03825088000179
02146189000150
00530633000101
02152444000178
02154984000190
00548914000191
02172708000155
01813473000251
00574437000139
03888916000118
05563874000170
05565963000156
05572135000145
05591587000174
05595957000141
05632386000178
05640187000101
02289140000157
03999619000140
05668002000177
05687719000166
00706640000111
02348905000182
04067432000170
04073148000107
00762547000124
00768217000146
05752028000107
05763724000100
04117101000106
05797794000180
05818975000145
05827709000189
05829535000193
02465676000186
02478004000105
04191497000123
00855343000138
00867165000165
05890805000171
04239202000141
02529306000165
04253166000170
04254026000117
05934613000110
00926898000123
02568469000157
00953082000199
04318901000187
00982282000170
01005228000137
06031838000129
01017960000127
02672552000171
01045451000108
01052913000114
04417287000100
06126875000110
02722815000100
55195424000140
04467972000141
01103055000190
73136525000122
02741577000180
73279648000112
02759864000117
55716435000129
55765531000167
35888650000108
04547588000159
18751032000194
36195865000106
06236380000144
06238767000130
04568035000182
02815905000145
02816172000163
06279484000136
74520529000172
01241777000100
06327367000109
06337762000164
37389749000182
02896853000189
01281996000113
37531506000137
06864553000179
01335059000101
04788037000187
39299110000131
58513524000166
39389523000107
07827782000186
21663984000160
01420823000139
39642061000198
77391555000136
04829574000128
07010249000127
07020074000139
07022903000112
01448980000152
04862335000170
03089447000177
04870012000128
03109119000195
03114432000111
04904238000100
59604371000125
03141630000174
01524347000104
78544343000104
23266893000117
07166153000152
03202615000199
07177438000199
23552037000128
03229642000155
01588224000129
03236620000112
60784964000108
23798408000156
07206561000190
60869245000181
07211328000104
61043311000122
61069670000159
01629562000161
61281903000182
07245223000168
43554039000163
24845695000170
80448202000130
80655285000138
44736296000189
44792695000167
07362689000143
81108912000183
07369680000164
81377954000110
25817743000180
25818097000175
07714884000195
63508162000155
08257362000174
63819767000167
03770235000150
26936526000171
09157843000170
64743305000176
27737980000166
48264899000186
83792317000135
83905349000108
84261148000170
65479743000131
65605800000181
65993628000180
86412160000163
66767229000164
86948882000137
86960655000127
51055135000195
88104526000162
31125511000163
68262443000194
68279900000153
88725916000150
13571591000107
68648831000108
68750371000124
32439507000132
89778153000178
69321206000110
02042889000103
69397172000147
70094289000130
70165956000129
70166392000149
70320767000183
90546763000125
71804355000181
72301781000165
54658026000150
34730598000196
72531353000129
34837575000185
17300609000189
07591453000189
00991377000230
07659058000190
07694415000151
07695308000148
07791983000170
07797535000184
07857844000100
07861583000194
07864052000155
07886894000108
07893940000104
07989683000109
08071299000187
08091214000122
04357722000159
07427653000109
04043773000106
00922510000116
04457294000136
17921693000158
01139409000156
06540219000160
90081308000100
02090190000100
07021405000155
02408114000109
02415194000111
04007249000180
07389966000101
05700483000150
02858654000186
32582629000183
07156377000183
00217925000199
03315617000194
04994071000108
00160192000101
03452763000161
03475816000160
05201427000171
03542386000151
95037750000144
95854667000168
03625515000175
05296427000100
01955036000191
03634958000122
00411639000160
05474906000161
05490308000186
05565653000131
03963034000170
04056312000178
05812421000130
06062512000169
02672462000180
04451413000143
73555807000164
36444487000149
01294374000120
06369629000190
20346110000117
77176782000149
07014207000164
22839872000180
80604432000140
26102897000158
64213754000102
64298961000107
65443673000161
85187185000148
12655247000125
67927780000190
14095459000120
71013130000107
53613808000100
33543521000144
91629022000170
07458820000170
24616880000274
07232388000103
00628408000102
01703618000180
03477295000180
03532073000112
05282242000139
03722992000159
00427111000189
00516371000120
02680070000163
01192457000108
36784080000160
06820997000102
01469916000158
07995359000195
07334142000134
02977261000191
12684874000194
04240863000197
97018246000122
01725590000182
00410173000188
05509844000186
03871911000182
02202102000115
35614270000177
06990432000173
40979213000121
41134289000119
07279860000155
80388416000168
64128754000104
28819241000186
33997784000123
72337637000189
05303668000393
12160248000107
63425490000198
05951491000170
77125037000170
02380995000199
55620827000190
07613973000145
01500910000104
00773229000169
01795234000135
03766264000149
03127973000184
01054936000168
07322964000103
02391281000186
01373450000192
25343096000111
41253774000101
05503926000113
03074381000141
02148611000107
01536849000147
00307396000114
05353196000111
01938130000132
55003859000146
06171848000160
03567626000172
00454351000172
04172095000181
68889294000198
57951162000122
08175752000103
08189392000190
08261451000194
08417721000103
08429198000135
08435328000142
08463502000160
08482685000161
65371460000414
08723487000142
08727342000110
08755549000106
08770524000173
08787348000182
08806306000141
08822315000126
08840265000100
08240852000168
08357971000103
08931192000161
08934670000197
08961102000185
08913426000148
08987949000139
09062877000181
09073267000183
09147500000125
09188067000176
09256060000144
09256213000153
08951438000167
09007148000122
09340660000196
09341160000179
09405462000163
09422433000100
09435010000124
09459235000110
09476357000115
09479115000185
09511712000140
09513385000165
09557831000133
09602912000108
20249118000165
09721347000106
09722072000117
10313886000187
10320522000124
10322739000173
20254998000168
10014242000198
09045875000184
10176296000150
10231327000128
20272830000185
10268243000169
10454714000123
10487088000171
10503032000163
10509363000100
10536450000157
10537382000140
10560975000128
10582537000160
10596051000181
10598940000188
10602048000123
10707459000183
10726664000196
10774931000109
10778776000190
10799842000109
10811161000119
10861216000103
10885898000186
10937572000155
10968010000179
10983293000128
10995589000169
11049447000171
11052921000114
11069452000146
11121582000180
04591749000454
11127288000186
11190715000170
11222307000153
11225979000112
11255663000173
11277805000101
11286716000113
11313262000122
11025297000166
11349683000103
11361363000179
11372333000168
11389428000194
11457012000166
11478517000107
11503231000134
11511062000184
11602644000176
11619279000102
11627236000179
11688495000100
11708075000148
11720459000186
11740549000139
11771171000130
11797823000106
11828390000109
11845475000103
11849953000145
11864866000167
11904712000151
11944099000104
11953075000103
11959017000197
11959991000150
12025211000168
12044929000100
12094543000102
12101877000158
12137630000191
20330744000181
12260095000161
12285014000188
12294453000157
12325826000100
12350969000171
12388581000160
12402318000188
12428127000195
12436489000128
12442746000134
12443819000102
12460257000105
12473303000100
12475871000140
12483604000115
12490305000108
12529668000100
12530800000101
12533208000155
12570410000157
12573940000159
12587563000107
12597289000157
12650114000166
12667323000112
12668428000196
12690542000112
12694106000111
12716087000187
12738973000101
12712304000160
12836934000147
12851816000108
12854019000184
12862350000146
12920016000100
12921688000121
12932037000137
12934275000181
13000613000170
13042284000120
13072841000156
13121350000158
13142524000169
13175326000100
13244666000137
13269182000142
13275645000189
13303480000101
13328444000100
13361646000146
13402959000103
13416886000109
13446082000144
13468821000107
13484036000130
13523772000150
13533821000135
13549599000169
07399516000604
13569484000136
13588540000180
13626526000123
13627642000167
13643546000102
13715496000121
13728432000165
13732064000129
13774322000130
13778911000196
13808576000121
13836637000164
13898189000123
97535716000125
97546791000191
97554428000118
14034853000159
14088337000107
14094881000161
14164630000106
14184184000100
14245461000139
14117412000110
14322014000136
14371951000181
14426510000130
03236620000384
14483511000116
14488911000114
13913358000157
14548235000127
13072915000154
14655090000163
14884114000156
14897674000145
14957479000163
14962752000148
14962848000106
15008521000162
15057629000145
15059996000188
15118424000122
15151484000147
15152441000186
15155772000170
15167841000165
15193830000150
15226363000117
15238475000198
15247715000110
15249557000138
08583380000146
08769876000109
08806032000190
09145714000162
09218507000190
11285066000191
11551175000103
11551539000155
11602755000182
11943300000120
12046874000169
12364696000114
12701617000113
12706806000189
12846923000148
12942307000190
12961966000174
13189109000160
13258192000182
13393781000173
13558504000173
13805506000110
97535801000193
14110809000180
14254075000103
14319293000189
20610891000105
14795731000185
20460878000117
15133203000123
15199783000151
15334230000164
15473525000111
15489944000141
15532572000199
15613834000140
15680098000142
15701839000124
15714701000160
15764594000184
16520027000145
16639169000126
12658874000110
11310493000182
10559468000174
09141852000173
10763172000170
10866592000182
09513693000190
16789338000104
16856154000110
16865932000137
16888585000168
16898294000150
16903065000187
16940429000107
16975853000189
16984795000150
17015742000193
17104343000107
17113480000108
17151463000157
17153898000130
17173045000160
17190006000171
17190662000174
17217695000160
17249738000190
17291870000160
17311245000132
17348461000152
14528670000190
17447942000115
17460596000105
17542436000105
17600556000111
17602347000107
17626619000109
17638360000116
17643615000139
17647073000172
17659965000193
08508824000189
17665416000121
17670113000105
17672620000170
17737830000107
17771971000138
17903331000134
17908897000159
17945737000180
17984020000147
17986003000149
13772268000274
18112928000123
17074336000100
18173123000190
18179170000140
17978863000130
18277096000103
08518648000166
08620495000163
20471395000118
08842104000155
10943668000126
20478421000130
12036530000179
12069847000101
12739183000140
12898451000177
12949391000174
12993776000139
13290142000182
13291326000167
14294263000165
14757761000105
14826539000109
15914572000153
16983440000146
17300227000155
17563541000120
18251147000110
18316129000179
18377281000161
11545840000156
12361558000181
18484708000120
18487424000198
18527611000158
18529067000183
18542179000174
18550411000116
18576458000159
18630831000102
18656493000188
00778945000210
18673062000120
18731150000130
18787757000132
18790488000163
18873282000105
18941206000181
18947953000127
18974167000119
19004028000125
19012161000123
19073178000190
19076848000122
19087243000137
19135506000136
19137731000101
19163763000181
19182705000103
19187063000127
15360974000153
19241338000163
19259623000101
19275392000120
19299431000129
19302570000164
19303840000151
19314726000127
19347856000166
19407854000115
18235122000122
19529206000131
19593642000170
19653786000174
19663951000179
19669420000193
19672816000190
19710523000150
19713182000176
19739438000114
19757262000123
19774465000128
19783883000181
19833596000139
12885376000100
19901771000188
19909220000160
20077162000135
20128706000140
20138874000117
20142217000143
20157893000190
20209160000152
20503444000157
20503709000117
20522903000140
20604331000148
20629503000138
20674803000139
20690891000162
20699217000149
20704693000100
20706649000130
20782346000104
20816036000155
20857367000133
20880453000167
20899877000173
03498801000206
21003261000135
21023603000189
21044828000111
21082473000155
21089767000109
21092274000128
21112058000105
21113502000107
21150618000108
21190398000146
21196475000175
21205333000127
21276337000104
21286609000149
21320127000168
21324642000116
21373878000142
21395849000181
21405467000191
21433183000109
21439370000108
21495534000106
21499326000185
21499572000137
21518446000182
21532325000195
21560751000132
21581356000136
21624742000168
21647323000141
21668809000166
21673350000199
21709579000136
21758533000107
21807739000180
21826454000196
21868181000142
21872646000139
21903322000110
21913396000138
21926425000104
21948257000140
03545070000202
21963498000168
22034046000164
22094269000117
22118825000148
22126355000164
22212347000130
22260279000185
22283233000181
22330185000135
22393905000101
22447358000108
22467418000146
22475089000185
22527880000191
22569056000102
22588812000132
22610990000112
22628953000131
22688446000193
22724832000193
22775198000118
12660727000184
22879899000105
22900838000174
22915629000102
22931632000101
23002739000138
23043917000179
23072627000153
23073602000174
23076570000160
23148451000176
23175695000148
23287795000166
23355278000187
23367966000167
23382438000187
23395360000135
23402562000167
23403297000131
23411187000111
23412685000189
23416397000100
22312865000126
70303805000270
23468678000107
23488321000182
23514628000100
23554388000178
23558256000114
17264932000144
23709832000187
23721235000178
23727192000138
23737183000128
23746475000127
23765676000171
23794261000126
23877671000130
23890822000190
19432795000135
23956258000161
23957227000125
23973875000175
23978249000171
23982305000141
23986304000175
24014116000148
24030318000183
24058887000137
24090421000119
24134668000190
24143792000111
24163796000161
15176523000160
24203566000189
24204410000112
24234738000181
24261776000123
24272152000101
24312419000147
24317589000114
24325035000169
24329010000133
24335541000139
24335748000103
24338075000145
24354629000106
24405121000181
24422855000179
24434578000114
24453443000104
24491766000184
24498272000121
24513696000118
24600317000127
24727443000147
24736854000107
24744854000140
24758084000195
24816106000126
13861314000120
24933347000155
25003614000158
25052393000108
25071123000144
25095809000175
25103902000184
25118578000178
25125953000107
25169297000144
25178490000141
25288090000199
25289598000101
25306666000101
25314703000115
25326565000194
25327199000198
25330874000138
25336423000108
25368609000149
25369394000180
24083311000200
25499828000167
25534047000166
20548936000169
21415071000125
11116426000121
23046732000118
18461469000193
22763421000107
10516586000103
23927870000106
17088524000189
22423825000151
08384750000116
08538759000134
19710951000182
15173728000192
14592199000107
18344454000145
12765373000132
13041727000169
14226017000176
13487898000116
24395640000106
10889329000109
08410195000150
18114201000185
22813490000188
18892129000117
14311852000104
97537357000145
10343318000129
09550677000178
22486407000103
21057532000135
22897220000100
13214496000148
13458307000182
24429555000111
14087843000181
21151929000191
20106584000191
20547002000102
20856959000130
15558993000199
12025092000143
22146851000180
22691530000166
11783582000146
23763875000140
15414960000175
19600641000105
24670971000107
21640382000198
18844576000109
12513473000171
24061068000149
13733227000198
12685070000100
14209583000170
20409295000161
12368298000176
19466574000188
24569031000126
10207311000260
22230582000135
12510496000122
12663204000191
14133579000175
24714416000130
15289638000161
08918012000101
12100547000148
12048988000148
19037924000190
16984182000112
21227013000178
23981777000180
26010341000131
26038313000122
26044116000116
26067385000106
26071783000198
26073606000140
26113476000122
26157411000189
26172515000162
26177713000119
26191636000151
26199863000123
26275603000190
26294889000150
26336381000178
26387441000181
26409967000115
26434479000168
26435002000105
26470227000194
26524976000157
26536293000110
26636974000150
26682783000124
26714842000107
26800515000160
26807296000140
26834190000136
26841507000161
26853599000108
26875541000157
26891278000190
27015376000126
27020621000193
27036113000101
27098911000150
27105614000194
27136080000163
27168286000175
27212460000130
27212913000128
27286292000127
27292496000170
27298854000152
27322519000142
27331236000167
27486732000190
27497385000109
27541704000128
27545898000130
27564522000172
27610356000101
27618879000196
27634031000150
27665955000114
27713919000189
27736141000123
27749745000104
27754447000102
27772496000178
27933643000144
28026341000155
28058230000120
28114731000187
28122904000109
28298400000144
28312088000104
28344136000138
28366256000136
28382857000132
28450969000183
28514359000104
28516742000193
28572508000183
28594866000197
28598230000113
28599759000151
28602821000117
28630890000134
28645185000100
28723339000135
28727676000109
27431996000146
28807807000150
28816422000159
28900196000190
28907310000103
27595741000119
29002541000130
29012537000153
29096639000102
29099620000101
29148256000122
29195233000179
29222274000107
29281694000164
28792470000154
29335661000150
29370948000110
29380618000106
29421582000161
29476184000142
29495372000118
29498899000104
29548683000106
29560007000140
29565697000120
29578324000193
29597684000132
29644065000151
29644745000175
29647642000169
29681309000176
25988140000140
24334855000206
29735126000196
29760194000105
29783191000197
29795173000125
29805758000189
29813908000104
29822514000104
29826532000164
29865280000182
29944685000106
29949824000194
29950728000166
29950831000106
30097162000150
30122945000147
30149752000180
30154221000185
27853869000135
30263112000104
30268946000102
30272261000121
30312899000149
30352648000198
30427139000187
30435847000160
30458884000193
30490215000107
30516020000180
30527099000145
30532406000186
30548512000158
30556850000131
30557208000177
30609255000117
30636908000157
30688546000148
30732115000131
30789946000140
30841893000169
30860808000100
30875471000104
30882729000108
30919063000107
30959518000118
30967227000171
66412438000276
30971098000195
30991911000199
30993685000185
31007569000102
31032762000101
31067922000140
31076001000143
31117206000120
31125033000191
31183602000155
31190956000127
31222464000176
31273092000107
31311535000107
05113519000361
31335183000120
31389377000108
31419273000107
31422828000161
31514544000103
31518917000106
31548604000109
31588421000109
31603355000107
31603710000130
31630792000101
31695327000159
31701294000102
31712785000159
31781788000144
31786266000135
31891762000159
31904182000159
31917124000160
32020161000133
32051337000114
32059094000160
32073010000143
32120894000140
32135283000175
32144912000123
32192519000105
32193584000155
32279855000190
32293249000129
32356600000183
32364624000184
32376821000113
32423837000130
32428300000162
32439562000122
29803701000140
32460177000167
32516806000123
32547418000100
32559440000170
32560326000160
32655394000102
32665993000107
32716067000113
32728235000190
32743352000123
32749399000102
32759073000158
32826619000146
32879055000100
32944777000109
32974163000161
32989181000117
33015107000162
33109149000162
33163618000121
33171397000133
33253829000155
33263331000173
33291468000131
33292388000109
33296056000194
33370960000100
33403134000102
33432731000165
33438203000113
33480822000176
33511278000182
33518186000124
33529340000163
33534492000154
33542703000109
33553634000120
33586035000103
33630466000120
32084125000133
25047663000940
33740447000156
33750875000160
33752259000148
33790594000130
33866533000100
33882165000193
33885703000101
33889664000102
33896062000182
33902645000179
33911768000176
33949950000116
33953824000135
33966867000155
33971861000176
33994586000106
33996600000100
27104424000152
34008145000150
34054625000158
34096350000115
04435297000250
34177389000167
34181389000130
34212898000183
34213961000104
34231987000177
32479117000277
34240908000194
34277161000149
34290224000105
34322946000196
34426081000108
34465274000178
34469095000109
28553473000135
34503514000181
34523193000187
34569457000133
34571651000153
34581076000170
14400324000717
34613636000120
34628626000169
34690536000106
33913469000251
34752569000125
34757486000129
34777654000148
34778204000170
34860557000114
34899150000109
35074902000157
35094161000176
35218875000149
35226057000198
35229940000131
35256923000193
35272222000148
35292431000153
35305151000132
35313354000170
35317868000102
35367072000156
35390609000107
29407456000152
35434438000162
35446834000100
26010341000301
35460011000139
35464818000140
35476632000100
35531492000126
35566489000148
35568101000148
35589716000150
35601955000189
35608832000170
32266079000193
35619848000188
35622871000121
35655674000109
35697516000111
35752261000142
35753309000137
35772141000107
35784659000160
35817804000162
35905234000162
36059022000174
36107420000119
27595010000173
36139636000166
36142209000137
36161613000158
36164992000130
36206915000103
36277476000111
36281998000197
33594513000127
36290404000104
36328477000148
36339494000180
36357016000101
36394321000165
36406144000190
36409273000131
36432834000113
08769876000290
36526136000187
36529775000104
36540620000160
36671961000175
36706104000163
36730070000142
36751234000118
36758164000120
36764482000101
36768231000197
36800976000196
36805120000103
36818732000130
36844626000121
36852742000192
36864286000109
36919993000147
36931222000175
36946337000133
36950950000124
36974977000157
37007249000139
37014133000127
37020710000193
37036253000125
37042613000100
37043672000194
37053417000122
37053963000163
37079870000108
37084848000156
37099323000194
37104903000122
37106684000110
37114209000196
37166835000126
37186379000186
37189012000116
37212648000131
37217227000101
37248493000193
34731006000150
37257083000109
37271298000184
37280692000189
37286350000176
37309601000190
37338418000113
37377737000138
37397516000121
31036004000153
37412070000167
37412828000167
37422283000170
37476990000149
37529520000104
37590107000147
37604104000115
37605552000133
37618062000171
37640277000199
37658702000177
37687926000107
30827886000102
37714040000105
37721111000105
37721240000195
37724182000153
37726055000193
37740128000100
37791188000143
37795550000154
33441214000152
37808400000138
37822427000185
37827612000162
37829434000109
37832699000166
31343356000151
31346334000145
34609329000176
30653457000166
34352298000110
32846304000160
37863245000152
37863681000121
37865080000158
37876666000118
37893704000140
37899979000191
37917824000130
37945606000100
37969396000190
37971787000149
37992551000199
38022329000126
38028488000138
38051610000197
30145971000190
38069201000118
38073366000163
38117902000185
38154482000107
38166548000189
38181833000179
38200472000160
38215954000194
38221698000148
38231818000198
38236839000104
38239160000160
38274303000175
38279202000197
38285213000180
38289330000111
38319518000165
38325198000156
38337300000133
38375990000115
38406255000121
38445687000141
38624267000122
38733510000140
39143189000107
39242174000104
39246365000136
39283407000109
39284362000197
39310527000158
29186651000108
39426248000154
39484107000198
39509931000155
39517542000171
39546078000141
39551302000193
39622748000161
39627871000175
39677120000163
39721408000198
11472464000206
39776666000171
39814212000148
39820771000160
39860030000103
39873407000169
39881459000187
39894427000116
30654098000161
39922184000182
39922902000110
39926641000107
39957878000155
39981120000152
40004322000123
40011262000176
33959049000125
40060587000149
40073300000115
40075878000100
40120097000190
40139089000196
40154267000158
22682168000400
22682168001139
40189229000130
40207459000185
40216336000100
40251831000150
40262481000128
40314984000108
40324396000147
40338049000173
40345856000113
40395305000164
40421980000110
40456589000151
40495200000187
40497296000112
40498437000111
40587765000194
40608981000179
40679518000118
40684682000113
40713954000166
40745576000100
40745798000115
40784054000100
40789087000142
40816476000110
40819722000197
33570293000100
40836375000100
40837653000144
40894096000101
39416682000153
37891635000136
15564745000231
40962626000101
33237128000122
32492152000226
41067849000160
41077369000180
41085845000104
41086342000153
29948144000156
41174088000145
41230536000180
41241323000154
41259419000140
41300826000153
41304329000123
41322549000180
41346100000151
41354618000137
41388073000180
41391505000101
41488607000140
41516624000143
41521138000113
41525149000171
41542822000181
41592303000128
41611244000198
41639486000190
41649388000133
41652985000117
41680809000199
41696422000120
41731633000157
41732977000180
41733038000150
41757193000107
41759463000119
41762594000155
41767396000184
41792153000104
41795313000160
41835477000174
41850305000170
41895058000128
41925548000120
41955852000110
27539281000101
33467021000170
33535095000105
33609345000104
33793970000140
33925369000164
36100354000155
28320520000109
39486973000118
29158552000104
29237888000162
40481035000104
41266030000121
31928910000162
41959981000186
41966694000101
42018850000167
42035036000150
42036735000115
42036975000110
42049280000172
42075555000142
42076887000141
42095670000189
42101372000154
42122737000127
42153698000125
41955429000110
42180270000171
42233224000193
42280196000165
42280593000137
32140960000143
42292662000122
42300466000152
42303178000151
33982139000137
42364482000109
42399979000162
42404755000100
42589891000103
42605934000105
42609871000157
42334878000103
42621676000142
42635806000104
42681162000182
42693343000129
42696729000194
42717461000120
42745647000192
42769493000179
42771483000178
41809036000106
42814561000174
42819890000108
08954746000227
42872073000113
42895132000179
42917477000186
42918825000130
42955415000169
42960218000138
42960560000138
42995428000161
40898648000141
43035355000129
43044948000151
28931893000108
35454549000130
43102701000144
43135388000140
43137341000116
43158454000106
43177049000127
43177842000126
27568655000117
43280457000100
28422860000213
43388547000119
43417327000176
43495949000112
43499997000189
43502224000104
43539129000185
24906317000311
43556799000100
43603388000128
43660112000181
43665782000190
43715243000119
43716634000158
43718862000167
43796996000104
39544908000100
28759784000155
32680389000150
26906716000146
32374063000102
28980788000169
38452822000186
37430066000121
42213550000139
42129308000181
41881922000132
35909411000189
33304831000106
35123717000105
27253164000187
42573181000195
37188393000119
32896879000198
43346418000168
37800811000187
26463674000116
43767753000130
41809002000103
32566664000109
43603395000120
26327906000109
43288244000124
36382352000104
32347933000146
34855259000136
42536952000174
26042594000197
26123639000158
27654173000180
32834423000101
32982611000179
34353481000130
37754187000129
41414379000163
33195639000129
37886147000130
35959452000180
42401534000170
30014610000105
26947703000115
42958273000193
43833196000108
43856093000163
43868286000134
43898494000186
43924639000176
43955758000196
43964786000170
43966198000175
43999368000118
06697290000231
44043258000140
44066920000188
44084813000182
44106974000120
44116774000158
44133311000102
44142239000171
44198928000106
44203895000137
44213808000122
44251306000196
44255595000100
44260902000132
44357543000136
44363186000119
44387866000172
44423497000126
44446009000104
44460140000118
44475711000198
44475921000186
44482663000165
43885229000163
22682168002100
44554747000167
44576786000165
44580293000107
44681805000113
44687463000149
44693449000158
44729862000125
43947453000213
44751888000170
44753546000199
44758206000150
39695686000207
44782624000183
44804925000160
44818198000190
44947949000179
45066098000118
45076760000110
45108401000106
45109098000158
45109179000158
45137075000157
45183540000196
45280602000188
45289439000114
45324203000171
45345781000194
45368152000180
45422785000129
45432154000190
45482028000140
34571920000262
45547303000167
45574859000142
45584200000177
45623852000173
45650683000160
45692609000107
45749992000192
97537357000226
45778114000103
45787377000170
45862710000169
45869651000150
45903013000109
45906007000105
22682168002534
45986978000102
45993319000101
45994680000144
46018762000116
46037967000149
46057902000165
46063324000170
46063967000113
46079988000127
46080253000113
46102252000122
46108334000184
46170086000100
46207251000142
46210060000130
46263035000114
46293582000142
46304742000101
46330030000167
46355108000106
46399632000170
46330030000248
46407242000103
46465499000103
46467473000102
46472347000138
46501031000127
46520969000194
46555952000172
46583248000123
46608764000165
46635584000172
46773878000160
46790217000143
46797990000131
46798590000140
46818698000158
46826172000110
46839532000118
46886816000165
46889524000186
46915202000164
46929036000155
46982498000136
46983921000112
47104251000180
47111148000167
47143209000178
47147300000161
47193963000112
47196895000145
47209800000180
47264360000164
47285561000148
46851904000121
47289620000156
47297636000100
47363434000110
47370264000109
47387545000166
47413738000144
47538473000100
47602300000104
47614737000168
47650237000181
47761427000176
47776925000192
47776953000100
47805707000139
47852717000125
47852753000199
47855230000104
47859837000154
47870348000101
47909945000194
47910540000176
23095347000322
47954062000104
47979417000101
47984082000110
27033855000337
48150579000103
48174002000123
48205885000191
48210069000176
48213547000100
48289089000184
48289688000106
47873528000210
48375614000184
48402698000106
48413031000109
48421086000152
48451403000183
48464720000134
48493388000136
48496493000129
48504266000106
48544387000173
48553605000136
48593775000144
48614827000111
48622243000198
48655585000104
48675744000132
48681018000122
48696797000130
48712719000181
48713915000170
48749523000161
48756702000126
48766056000188
48830931000143
48878662000195
43854158000131
48932027000149
48962197000176
48969413000105
48993559000196
49092900000103
49190664000150
44629383000137
49201281000130
49202400000179
49216382000184
49249274000108
49286563000187
49292541000120
49305574000167
49306419000165
49327798000170
49354105000138
49373289000183
49438295000171
46950208000172
49520730000102
49536903000180
49554904000158
49681942000171
49729157000141
49768033000175
49770393000101
49772970000102
49828523000110
49839484000156
49860396000136
49916103000195
49929467000100
49959408000184
49974449000140
49994581000113
50048713000101
48504816000189
50079421000128
50094551000130
50096018000107
50098013000113
50126498000101
50156501000130
50202626000159
50246968000170
20621071000208
50294554000117
50295359000101
50349555000111
50353306000108
47620284000182
50407344000198
50420758000157
50420836000113
50441744000110
50508559000103
50540499000106
50561635000136
50573183000102
50576195000190
50619884000135
45481556000185
50645280000163
50680386000106
50681278000140
50324574000355
50696026000194
50730385000110
50750114000127
50755681000176
50796669000100
50800360000146
50833426000102
50858309000195
50867276000140
50880267000199
50889634000115
50915383000104
50940202000191
50944437000151
72334626000579
51021559000139
51022981000109
51082995000118
51090428000103
51110819000142
46929036000236
51136746000168
51160644000188
51187197000150
51192464000188
51196342000160
51230263000128
46075489000161
51261995000185
51270487000163
51271228000157
51338977000154
51350900000108
51355123000186
51356303000182
51371996000182
51377213000178
51391176000152
51405035000141
51424512000116
51425892000103
51273320000156
51463273000103
51523941000140
51527242000179
51567731000154
51580384000108
51591645000187
51593764000179
51595412000152
51668710000125
51705019000174
51709629000146
51719496000199
51723646000138
51726809000136
51730842000130
51758681000192
51772458000108
51790688000191
50811170000124
51796737000101
38001352000215
51806694000190
51839295000125
51845243000161
51919162000169
51938518000101
51942300000120
51978983000176
51994487000106
52007973000156
52009264000100
52010366000145
52016133000150
52026048000172
52068314000120
45726302000180
52105744000174
52109704000109
52112201000184
52133867000119
52134937000153
52146126000172
52146334000171
52168258000103
52175929000155
52180426000178
52187043000121
52219569000146
52240239000132
52264700000197
52287327000190
52323549000110
49855967000144
52436572000111
52466458000134
52496034000112
52530173000115
52564342000138
52568239000166
52582449000109
52596412000130
52604852000191
52608485000102
52636518000110
52648108000199
52654758000147
10712633000348
52554231000221
52761067000142
52796096000140
52796435000198
49431436000124
52864761000195
52867890000137
52882150000170
44815924000200
52902113000186
52934709000168
52934931000160
52976244000108
52976561000124
53150177000130
53155585000185
53247076000182
53270109000105
53274779000108
53305729000132
53307954000108
53312100000110
53404482000101
53412198000187
53437932000162
53438994000199
53493131000114
53493504000157
53497154000105
53522438000104
53608479000100
53632644000169
53633728000117
43601294000381
53673011000107
53730177000100
53753226000120
53773613000128
53788569000120
53789363000114
53837248000178
53842364000185
53842946000161
53870081000147
53942780000155
53956745000195
53967562000175
53969379000109
53976074000124
53980549000156
54003517000163
54015617000100
54059138000195
54116205000166
54121747000127
54126241000100
54133109000126
54209370000162
54224330000190
54227599000120
54235184000106
54242233000120
54273392000191
54273449000152
54290078000117
54319225000134
54322381000154
54422244000191
54425388000100
24033857000508
54428771000103
54444094000117
54554132000194
47749115000228
54574679000151
54575702000122
54583033000130
54584434000105
54595966000148
54603450000106
54612448000195
52507144000213
54667758000107
54715640000107
54799256000130
54817198000120
54849198000101
54882226000192
54893034000181
54912929000116
54927590000121
54939116000110
54950736000150
55019875000127
55027786000122
55051418000110
55112832000191
55158352000161
55185167000166
55198206000160
55208648000140
55273467000105
55354866000192
55389975000145
55442584000147
55449395000104
55466880000188
55515009000127
55527399000155
55604858000157
55607473000143
55610012000120
55612737000157
55625434000179
55629310000161
55649683000102
55724449000194
55881036000113
45301235000232
55929713000126
55638798000193
55940254000181
55955729000103
55977803000192
55997521000157
56004844000165
56035690000179
16768821000293
56069861000180
56083925000106
56128563000114
56159154000185
56203502000174
56222152000193
56229104000127
56251208000138
56417534000172
56419785000196
56437449000176
56562736000108
56688875000182
56707873000193
56883419000193
56889539000106
56897958000181
56928456000170
56953653000140
56960762000194
55099827000510
57063009000169
57107619000117
57140526000194
57162629000155
54554364000142
57246643000137
53204353000170
57281845000110
57300643000178
57327806000106
57341659000129
57343688000120
57418040000175
57427469000129
57452109000187
57494903000193
57523104000106
57524452000190
57533324000102
57558402000123
57625427000100
57635739000197
55985141000283
57641695000108
57142591000159
57651324000107
57668975000100
57706275000162
57714142000138
57741447000139
57743568000110
57751692000127
57769360000170
57836179000139
57853377000100
57857111000136
19424387000212
47272998000147
57890549000116
57890911000159
54334896000174
58019565000109
58049754000116
58104410000162
58110333000153
58119608000110
58127851000180
58137436000107
58169018000100
55543707000136
58188029000129
58219660000148
58221863000179
58222025000110
58230341000133
58258858000130
58261601000138
58323982000132
58363751000152
57974950000134
58406108000169
58406404000160
58426709000133
58445184000183
58467546000137
58520374000118
58540418000171
58555452000110
58559305000118
58581435000157
58587912000191
58651581000101
58705595000160
58745144000157
58770691000192
58786063000103
58816348000131
58844593000152
58908677000102
58910011000199
58915499000147
58927116000150
59072492000173
59113108000133
54858061000113
59174000000150
48570850000151
59234171000128
59246137000173
59262138000101
59274653000101
59276227000107
59305696000107
59322320000100
59338480000148
59370406000109
44588359000288
59436560000136
59442762000190
59559057000178
59565269000168
59571518000128
28553473000216
59630267000105
59640296000158
59665354000106
59672008000147
59691698000181
59691880000132
59742630000184
59789049000118
59791424000164
59799458000103
59803919000166
59825046000192
59836711000143
59863414000197
59874001000108
59889686000166
59922242000185
59979593000122
60000060000136
48518264000168
60058410000115
60082317000146
60131962000101
60133447000160
60133982000111
60163514000190
60193895000150
60196641000195
60209304000195
60227425000160
60238421000187
60257157000129
60297187000169
60298484000129
60380452000178
60382212000102
60438726000132
60440915000140
60479965000130
60490728000170
60551092000120
60556613000131
60558697000142
60568349000156
60570992000114
60631574000190
60633992000116
60733184000120
60767532000180
60777609000101
60783253000100
60828896000123
60858093000111
60955346000175
60967960000157
60977244000150
60981618000101
61002406000106
61016026000112
61028390000100
61033838000176
61075286000169
61092131000130
61120980000150
61145873000187
61153655000194
61181425000139
61065172000138
61226597000181
61275987000141
61293721000121
61336241000109
61340740000161
61342939000129
61345594000167
61352208000164
61355759000181
61359010000102
61388593000108
61394616000189
61400159000198
61431478000160
61436856000107
61442743000106
61488881000126
61515237000108
61541396000179
61601971000181
61620594000128
61620786000134
61632304000166
61644569000184
61649819000179
61660647000134
61697863000154
61746580000155
61754196000102
61764836000157
61768588000112
61797527000183
61816154000140
61840169000144
44524083000193
57905635000155
45172414000136
55053203000138
61857422000172
55939260000119
48002191000157
61175962000176
45376046000148
52427957000112
54168049000187
57088903000193
57790132000181
60320711000175
60693638000187
55750513000101
61950482000135
51938155000104
55275372000112
46985334000162
61411141000272
54418290000117
59701505000126
55773912000198
51083348000120
61960661000153
61962960000127
61973443000153
62002129000196
09188067000419
62010835000180
62057113000180
62064130000145
62070929000144
62079261000104
62084929000101
62086263000112
62157591000162
62214973000180
62219692000110
46057902000246
62252224000148
62263888000102
62275084000123
62294461000171
62299824000161
62331416000140
62358423000135
62405985000192
62436932000139
62437957000157
62470665000116
62506294000185
62507261000150
62122537000181
62536805000101
62537595000176
62547771000150
62567773000101
62581850000188
62586685000157
62600634000132
62602533000109
62628539000147
62629094000110
62630532000160
62639985000157
62473161000150
62751743000150
62758950000137
62759330000112
62830584000180
62843584000114
62876405000145
62899431000199
62909877000157
62932162000115
62938666000142
62960360000192
22682168004901
63123659000155
25307910000223
63130994000180
63159991000170
63165214000138
63189221000170
63201320000120
63241692000180
63250913000186
63272472000113
63275336000187
63317686000169
63334451000185
63335278000130
63384892000191
63392019000140
63411162000132
63449546000144
63454827000195
55881036000202
63524858000175
63539582000107
63544123000103
42918497000414
63599399000199
11203772000228
63702806000141
63706495000199
63711344000129
63713110000110
63713800000170
63732191000104
63751042000184
63767899000192
63830413000113
63877646000171
63914091000190
63917486000147
63926662000107
63981233000132
63985872000176
63987097000198
63995250000129
64011931000178
64046847000190
64059485000171
64069625000192
64075600000100
64080497000188
64098240000153
64098597000131
64101347000103
64171145000138
64224036000131
64239151000180
64267130000178
64278585000199
64284727000120
64296054000129
64303547000149
64314152000141
64323449000173
64324889000145
64331642000156
64358411000136
64380308000192
64408923000160
64412319000107
64413627000157
64418516000133
64424890000141
64438311000110
64440626000100
64444460000191
64565579000112
64594069000173
64630450000140
64634455000141
64644300000196
64654495000155
64657650000197
64683855000147
64698960000150
64712745000166
64720001000193
64720820000130
64726157000181
64765413000140
64784582000127
64807622000109
64808518000139
64810164000167
64826121000170
64833001000108
64869119000188
64915964000142
64963151000128
64970980000138
64982881000176
65026608000130
65033327000105
64345720000171
65051942000144
65061131000124
65061398000111
65113072000190
65116007000119
65120536000196
65143244000179
65195769000158
65213419000177
65214089000134
65290271000174
65314322000150
65341360000100
65344192000107
65382387000133
65404223000160
65431536000107
65449437000152
65469469000110
65471496000127
65506450000104
63201103000130
65510929000106
65578391000171
65587138000184
65595350000193
65595400000132
65628542000159
65637304000100
65666053000191
65691714000139
64954515000294
65714522000109
65729965000165
65776877000114
65790336000140
65792416000135
65829716000141
65913822000109
65928437000135
65986201000155
66015001000118
66019907000100
66033179000191
66052809000175
66057724000180
66059598000100
66061101000180
66067369000120
66068226000132
66135653000196
66137997000134
66172820000179
66192500000180
66201748000160
65563557001662
66231732000109
66241887000118
66249290000110
62606443000269
66274233000190
66278695000186
66282386000180
66285144000140
66312552000143
66321272000100
66328236000160
66330710000198
66365096000108
66390236000190
66393204000148
66396074000105
34057228000210
63935318000346
66456304000176
66462057000110
66463298000184
66466044000110
66468204000160
66495161000101
66497275000190
63201103000210
66521905000115
66535770000147
66542746000135
66565001000191
66608826000146
66616773000105
53842946000242
66630014000105
66661291000177
66673624000188
66686757000199
92515998000185
03316071000196
04973045000101
03337418000187
04986922000170
01702940000195
05002086000105
05024612000138
03390566000165
01735513000103
00109413000109
05064089000173
00143781000173
00146235000196
03451315000143
01801563000141
01818861000144
03476370000198
00213312000183
01854771000109
03522194000183
00233722000196
05204196000150
00250367000163
01881741000191
05215741000103
95094454000185
00268756000116
03563043000173
95403226000140
03580097000147
05284071000187
03630225000110
00344095000160
05311913000142
03648673000140
03663857000180
96924162000195
97007280000100
05363697000189
00393266000141
00400418000196
00409934000181
05383673000191
97439723000123
97482137000161
02073027000130
02078041000126
00467303000119
00390352000281
05452100000172
02099221000194
03791131000122
05480803000104
02129940000100
00510756000180
00522191000151
02146760000137
00573070000139
00574995000102
00595021000105
05568237000197
05577623000145
00626686000120
00627187000158
00627484000101
03944936000169
05611787000141
03953165000176
03955883000181
00643129000118
02276891000139
03980117000177
03981309000106
05678194000100
04016188000117
00699196000154
02325631000106
00716113000198
07831567000159
02357497000125
00740380000109
04074327000169
05303668000202
02439016000120
00833410000113
04185183000118
02495720000109
00926449000185
05937067000170
06005929000190
02628225000112
06046531000100
06048277000170
06063900000164
01037045000101
04405436000111
04407273000106
04415541000131
06091190000186
04418074000101
06104067000152
06105579000133
02699753000162
02712980000180
73079683000198
06142612000103
35267756000186
06150477000130
02734078000165
35300649000102
35368471000131
06157025000180
35386770000107
55461412000110
06168177000188
04494917000140
06192976000190
06194213000188
73659542000144
73668170000112
02780821000113
02784245000182
04549506000105
01182516000167
73957599000120
01188401000180
01195111000163
06242559000104
02827079000154
02828866000110
19464064000171
74509027000140
04629462000123
06311024000148
74710690000109
06317989000148
19784339000154
06326582000187
04655102000104
57149148000100
01280879000135
06353779000105
02926290000124
04693663000190
01317631000100
75722488000160
75723890000169
02950138000187
57764474000127
06886674000111
20661658000151
04727511000160
58055823000102
06959171000129
21389804000102
39326277000144
07415754000151
21558416000108
77191369000153
01415933000102
04840227000104
03070198000178
21969191000174
04855757000118
07046991000192
03102774000111
07061183000102
40776411000198
01486855000137
01488713000109
04905792000102
80245418000289
07094567000113
04921701000114
01515983000161
59814277000109
07113359000114
04935582000159
03160061000104
41280744000194
07135418000155
41533217000144
07161495000180
78948387000108
07172984000137
01564451000114
01567112000191
23452758000166
01573605000134
23506165000135
01578299000129
07633207000142
01584081000187
01600564000128
42192500000112
60868809000161
07210992000120
07217275000120
42887539000154
24294407000137
07252570000118
24341182000122
07257829000113
61501243000106
43380575000190
80332976000109
80390750000156
07293629000116
07709206000134
07303042000140
25096371000140
25138884000176
62847124000164
63260970000146
82146986000177
26571190000190
26625111000187
26672709000127
64569858000154
27565233000198
07399516000108
48180434000147
27952852000135
84895051000119
65855058000162
66123902000123
11064920000190
29296332000147
86744323000105
86827284000100
86838711000155
11962917000193
87192373000190
30572937000100
13319686000120
31581820000148
31705890000160
13842729000157
14363592000110
69053999000133
89828321000192
69716983000163
14966907000114
70306808000187
53336988000120
15404718000110
53459194000154
15523558000129
71168934000185
71283303000107
33464793000159
71339592000119
71378194000101
71477079000194
15880248000161
71794291000185
34370379000143
72416035000117
92024249000155
34909697000130
07441446000109
23121320000103
07460341000199
07506864000129
07526792000181
07606912000150
07627117000149
07645397000118
07695914000163
07717017000103
07739751000173
07746310000107
07755186000138
07757084000151
07759733000153
07764934000149
07769975000128
07838098000108
07876821000135
07879049000105
07880555000114
07892942000170
07964787000150
07978658000111
08018389000104
08027894000115
05350459000139
05728127000145
05870353000166
06093286000183
07978597000192
05391619000198
06240166000161
07404251000180
00231147000192
01878432000162
05421157000104
05742534000107
24913956000142
07551529000142
07830616000139
04698282000101
07053583000168
07137720000142
03990010000100
04118722000104
05914476000151
42035931000175
00062464000122
07508137000109
07577613000135
92622315000199
04961836000103
01712662000157
00128515000171
03507369000183
03512745000128
05275237000107
01967313000186
01976142000151
02054215000110
03873368000152
00605800000136
02264525000160
03988643000183
04071537000101
02433285000180
04262120000118
02554223000126
01165123000145
04606395000121
02858907000111
04639200000140
04726630000107
76107044000187
58293259000158
39817291000140
07129421000166
23147168000120
42075937000176
03284009000160
07273798000194
08594582000193
64126246000197
85026268000155
69955565000129
70146816000103
71219315000172
71927297000183
54302377000124
72739329000180
07729042000107
01852669000174
05070923000133
04277548000134
06776056000119
06336116000182
06935995000169
07079355000167
23170962000194
07266816000100
82348749000199
06697876000115
06041554000113
85494094000155
06277006000197
60102027000117
23763055000159
01850137000106
00274672000195
05419113000140
04070430000130
02477209000176
05914568000131
01148049000159
01202478000167
37612538000167
01314360000120
76351469000137
01529855000177
30622344000101
90336876000104
70308523000185
07983488000163
04591749000101
74059080000197
07595351000131
03061183000143
81600173000142
05337885000132
02782300000103
04504464000196
07821610000103
23039498000100
04358607000107
82923137000182
01785560000161
06589163000138
04657807000152
07317202000100
00143280000197
06530065000125
05030180000178
01033637000147
56072374000177
72194988000188
39383807000196
05543470000115
07202481000167
00133662000130
07070903000198
62540935000118
07303941000143
64145311000121
00242561000105
96240023000142
08151220000128
08151513000105
08152300000106
08174209000183
08178012000112
08296314000195
08361940000118
08386225000130
08430490000178
08537244000110
08608547000186
08688070000196
08704784000140
08753614000156
08810790000182
08819025000123
08822589000115
08880026000183
08884916000163
08911387000140
08945810000122
09021960000102
09046084000179
09084004000170
09117719000181
09165561000115
09176229000156
09184486000130
09234267000118
09269675000105
09285711000124
08947923000167
20237725000105
09356028000130
01813473000332
09379990000195
09419034000190
09431392000118
09444144000101
09447554000106
09470992000195
09472999000146
09485355000192
09495384000135
01098288000222
09561315000263
09594452000113
03560941000259
10297508000157
10315605000125
09813078000108
10399888000130
10405638000166
10412008000119
20268333000103
10199904000141
10459724000151
10493847000109
10497443000193
10513394000135
10569399000180
10586007000190
10592647000103
10625065000186
10643242000157
10652194000163
10682254000190
10688673000130
10732184000138
10776899000192
10790725000184
10780170000270
10795537000149
10892596000135
10926231000184
10935349000179
10953912000131
11029205000116
11133969000157
11147070000193
11235812000132
11280225000165
11287157000166
11312513000154
11320194000129
11335264000112
11336429000170
11371169000174
11543552000162
11545931000191
11546283000198
11530818000132
11559738000100
11576468000145
11590795000151
11594217000193
11599167000137
11601783000185
11603484000180
11607441000172
11611014000168
11611104000159
11646055000190
11650979000160
11659650000160
11691882000103
11692323000100
11697144000165
11704098000184
11706929000157
11713776000175
11781640000100
11781931000190
11859466000163
11869570000139
11881396000140
11884859000127
11891263000154
11935099000130
11945603000182
11946202000147
11973218000149
12017191000183
11169268000178
12092229000182
12093060000185
12109327000185
12109894000131
12133713000102
12182369000141
12220512000142
12230241000106
12240472000109
12259561000199
12290939000117
12310980000108
12335208000140
12345429000108
12347839000180
12348340000197
12374713000102
12380617000169
12381454000139
12383676000190
12385158000106
12444305000171
12453842000188
12466795000107
12548166000126
12568045000146
12593011000101
12602632000104
12610980000123
12625369000179
12650025000110
12652528000124
12672489000127
12686075000157
12717451000123
12724956000115
12725657000103
12767516000145
12771492000106
12806064000163
12822369000169
12839164000196
12871824000116
12906886000116
12913217000171
12925424000146
12929095000101
12978970000145
12099650000115
12985666000125
12023813000186
13060821000165
13068885000102
13094522000141
13095490000107
13109480000175
13114523000100
13115215000108
13141534000180
13201717000143
13223062000104
13231521000100
13243581000134
09510392000103
13287252000195
13295397000138
13317662000131
08782587000140
13377132000189
13354031000192
13519956000146
13540756000175
13543961000194
13570645000101
13646702000199
13652058000161
13734490000100
13753677000142
13765012000159
13767388000100
13782209000104
13814005000108
13829836000145
13865016000109
13867917000130
13874685000147
13898935000189
04232828000207
13912011000190
13944306000148
97519898000140
97523262000172
97533834000102
97535054000193
13951340000140
35300649000293
14006121000155
14007716000125
14039890000150
12525001000139
14053421000195
14095649000148
14150896000108
14159926000139
14214904000124
14236729000176
14260366000104
11051803000191
14275487000120
14302920000179
14304285000169
14371588000102
14499577000102
14540203000185
14572097000111
14627390000139
14683955000103
14684093000125
14695426000111
14738614000180
14743857000106
14791004000140
14809038000114
14903528000185
14906248000120
14911225000104
14915881000185
14991342000125
15023330000170
15082918000102
15091265000110
15174817000153
15183381000169
15264249000181
15392436000140
08519089000109
08603519000176
08689087000168
09107652000102
10771175000156
10349373000126
10428512000107
10665774000195
10894623000109
10933428000140
11185346000128
11280683000102
11298179000121
11428658000115
11543574000122
11836832000169
12062497000151
12333452000174
12605318000185
12649934000138
12683217000122
12793209000139
12827870000118
12844556000143
12896246000172
13008486000156
13026228000100
13071171000153
13236192000181
13461430000152
13691299000110
14420783000177
14658109000125
14907499000120
15052419000164
15151697000179
15384291000136
15426256000132
15480678000196
15487718000121
15491894000137
15503192000126
15558099000119
15561164000165
15604024000127
15628250000148
15655691000139
15679683000122
15686732000154
15799717000112
15822795000190
15832292000104
16587145000170
16594779000150
16616861000139
16634086000144
16642723000124
16724553000127
08676583000187
10943248000140
08747335000180
11075853000109
11668667000183
09317271000140
09398201000163
11958807000158
16820858000132
16832233000190
16862859000140
16865650000130
16918275000149
16927348000169
16941364000106
16983292000160
17006498000100
17019838000120
17061517000193
14221706000198
17075489000163
17160818000174
17169694000198
17183723000176
17196134000122
17199240000160
17051711000198
17253625000168
17288031000192
17289130000199
17309853000102
17318538000141
17338445000189
17374169000104
17409351000153
17433991000107
17497549000136
17499280000127
17536637000108
17549964000196
17571946000100
16735382000131
13768308000123
17599269000139
17609600000154
17636760000192
08240322000110
17801189000114
12827147000210
11708198000189
17837167000104
17842616000102
17902861000168
17907878000108
17914549000194
17919979000107
17925015000163
17959615000142
17966970000149
17991010000139
18015833000191
18053754000175
18062928000166
18078654000101
18143780000194
18176758000140
18238934000121
18267940000107
08996194000139
09120169000150
10309660000102
10603676000123
10703386000151
10709377000178
10947500000199
12237613000126
12413086000163
13851474000199
14335092000175
14363016000173
15068783000112
15313204000150
70152699000271
16976420000148
17114934000157
17303924000160
18315594000195
18367054000155
18527212000197
18566258000115
18566390000127
18653495000113
15564508000190
18694407000121
18716729000124
18735169000155
18758833000181
32667354000261
18867110000110
18881245000130
18883963000146
18908727000137
11151698000162
18916454000172
18921440000147
19017749000170
19029887000179
12712463000165
19061205000105
19095968000177
19138625000142
19156352000169
19157371000100
19158115000137
19196787000137
19235435000143
19260163000131
19292894000169
19304571000148
19306714000150
19316718000110
19322210000124
19350212000127
19366007000150
19374212000167
19409228000168
19421864000105
19426380000159
19458511000180
19459600000140
19508646000102
19532104000175
19589997000195
19596514000180
12103405000134
19638876000196
19689908000182
19745307000140
19760262000182
19773608000187
19785145000173
19789405000189
19823760000127
19841128000106
19856894000144
19883037000133
19907734000187
19919476000159
19920921000109
20022447000179
20025868000153
20046543000157
20060872000152
20100697000180
20109487000152
20141034000103
20160044000196
20212663000187
20495870000196
20529198000102
20553431000192
20598787000142
20921580000167
21025301000140
21041799000134
21061525000107
14467633000208
21115146000152
21123903000130
21131615000127
21221685000176
21296662000120
21326029000138
21341977000142
21429149000160
21450161000157
21453541000145
21456161000164
21459826000193
21560870000195
21607037000152
21765869000105
20909579000117
21773082000187
21786299000121
21803404000193
21847362000192
21869225000159
21881691000150
21883539000106
21910649000110
21940741000122
21963181000121
21972762000120
21979201000152
22017820000129
22071910000106
22081431000162
22093420000100
22100660000187
22147370000199
04892065000220
22329525000108
22371483000173
22384282000100
22391836000105
22413106000150
22415893000179
22453741000160
22505650000121
22522022000154
22547452000120
22561432000104
22637764000125
22669671000182
22739707000157
22767074000190
22819789000140
22840140000100
22905031000124
22908980000168
22923855000127
22961659000147
23013092000140
23040429000108
23074502000162
23077821000121
23099398000160
23207829000165
23251529000183
23256747000100
23260363000161
23384864000150
23396840000110
23422492000109
23428751000109
23439234000135
23485442000170
23497079000103
23573802000196
23599789000144
23617414000160
23676573000135
23744647000123
23756246000193
23797592000110
23856012000118
23862347000149
23878343000159
23896119000190
11853881000100
23904077000191
23931179000104
23956310000180
23985274000182
24015746000137
24058131000198
21787597000136
24101506000155
24174124000151
24184302000125
24302346000102
24310093000119
24355797000108
24371548000106
24391050000105
24434464000174
24509815000169
24522528000199
24530012000196
24658864000163
24677061000156
24695497000178
24696022000104
24709410000174
24718857000100
24739706000138
24750260000142
24796981000193
24821069000144
24826277000136
24832110000188
24835071000172
24853259000143
24874910000161
24953337000181
24968393000190
24995697000146
24998883000139
25033113000114
25035266000109
25104256000170
25128173000110
25131696000116
25145225000167
25169118000179
25176928000152
25181497000112
25187570000163
25193003000110
25220257000180
25258360000119
25284149000170
25381775000185
25402863000116
25421367000100
25680747000169
23926696000187
22395862000101
12765831000133
22699073000156
21703207000100
12651540000114
23051847000109
22462589000182
17570016000132
18518935000120
15699419000150
24829413000141
15329940000104
14364891000170
14170006000111
18184293000170
20048847000153
15062343000158
17357860000180
18786248000195
16557884000110
91973297000208
21905477000196
12231287000140
13200649000106
21024924000106
12203616000149
11320992000150
15205302000173
16612792000195
22580102000166
25047663000354
14061686000135
18838415000102
13712744000180
22463206000190
09235050000122
23294326000174
12412497000134
08149116000107
19970970000148
21263643000106
24903495000127
14274983000169
04514400000257
12404716000133
17752194000184
04793218000282
23611256000130
13478461000116
24389908000105
14053774000195
19040086000104
15044973000108
15138048000138
19562549000106
20604168000113
21583701000170
22501457000112
17382194000130
17605763000169
10394218000121
10663786000180
11281205000109
12161513000163
15160293000141
09144222000152
11725145000176
15762904000121
10763716000102
13915013000132
19523628000108
25027272000106
18079607000174
18250160000154
11998784000105
11702436000149
22831693000105
20494237000183
13605719000106
09645180000133
10362401000145
14385234000109
18295197000107
20426952000189
17782597000176
22120144000114
18942239000146
14919678000187
24605140000151
23019043000114
21506231000141
24019397000121
26011287000149
26019731000172
26103495000178
26135198000104
26209588000181
26209970000195
26213577000175
26228779000190
26335393000188
26405527000190
26429484000182
26439511000106
26501112000110
26529128000130
26553533000194
26605828000167
26642784000145
26649433000166
26667525000179
26668833000119
26687135000160
26714802000157
26723790000127
26845216000141
26862923000146
26888122000150
26893666000100
26917895000117
26919383000190
26948866000112
27000588000130
27001381000180
26470986000157
27060799000168
27062275000106
27069725000192
27110151000159
27117826000191
27165476000139
27191397000100
27192696000151
27193639000197
27247934000189
27249723000185
27261971000141
27380982000140
27386639000103
27436501000171
27439452000120
27470529000125
27476425000128
27521245000110
27575194000100
27639171000111
27649412000103
27678130000134
27731038000190
27748200000183
27771301000175
27779223000155
27909660000146
11871538000279
27975893000147
27997867000110
27998077000159
28013054000100
28017782000190
28018766000112
28019350000119
28032770000135
28124792000125
28139664000155
28150824000167
28199434000181
28244923000108
28252696000162
28287105000192
28294159000185
28304303000117
28306930000197
28325015000149
28379249000179
28381190000153
28388103000190
28397534000112
28429077000109
28480964000101
28497472000110
28498725000170
28532797000197
28575506000148
28587726000191
28592470000100
28595952000114
28618854000155
28646812000128
28679016000191
28682173000156
28682214000104
28701213000160
28715769000105
28737117000171
28756292000106
28767492000164
28918921000157
28927543000178
28944282000102
28973079000156
29050502000109
29119276000175
29238118000134
28635200000130
29360560000139
29385089000133
29395437000153
29403794000116
29469971000167
29486978000197
29491074000150
29498096000141
29513286000190
29521995000118
29542484000182
29558262000158
29570543000126
26375224000171
29587544000183
29648455000108
29602519000121
29666315000154
29685192000107
29699538000118
29715287000118
29715327000121
29718728000135
29736077000106
29737650000104
29785788000170
29848479000100
29862235000174
29877162000194
29877988000153
29928487000159
29954655000180
29961883000188
29974600000132
29985613000107
29992804000104
30011820000140
30027146000191
30037003000160
30069453000135
30088573000180
30126263000102
30127817000196
30172664000107
30219111000154
30225448000174
30234922000124
30248031000127
30418159000191
30420030000118
30421668000173
30430460000110
30467373000138
30472254000173
30481165000193
30484016000188
30511805000160
30548438000170
30564974000169
30580109000106
30587207000175
30591489000184
30594488000193
30597813000171
30601506000117
30617453000122
30629219000115
30657107000178
30693083000102
30693819000142
30707399000106
30737115000124
30743928000127
30755330000158
30894721000153
30906378000110
30917377000170
30920934000102
30931531000169
30934581000108
30942950000104
30962204000174
30971040000141
30978963000125
30979508000144
31017291000154
31066922000125
31089597000116
31104952000189
31129683000105
31139667000101
31183557000139
31246460000128
31247947000125
31307464000179
31346074000108
31366161000127
31370031000168
31378592000103
31395941000103
05777899000258
31428914000181
31430381000172
31436651000152
31469780000147
31469887000195
31508261000140
31509544000107
31519727000103
31531160000190
31545508000107
31590058000166
31652214000176
31655356000197
31669863000180
31684894000100
31757113000160
31771163000100
31808745000105
31839497000160
31899558000184
31928655000158
32000658000190
32002408000199
32039536000107
32099514000132
32109318000100
32065155000100
32178591000188
32202093000123
32202104000175
32254213000136
32275275000124
32305239000166
32312279000135
32332321000180
32365788000126
32366558000181
32413507000163
32418796000193
32442760000145
32484394000197
32487751000170
32493734000146
32524278000154
32526059000104
32543302000100
32664977000108
32669148000100
32672532000161
32695811000140
32741782000106
32745979000113
32748640000170
32750717000147
32806896000197
32808906000123
32845073000170
32849154000149
32863262000176
32869958000100
32902816000105
32915620000147
32924999000151
32933902000177
32936943000117
32959752000170
33033413000121
33052592000144
33070898000123
33103988000173
33107128000108
33117539000184
33154629000145
33159763000139
33165007000112
33184027000130
33282289000138
33291282000182
33323341000157
33349948000106
33373518000120
27001821000107
33446869000113
33448955000165
33452894000100
33478998000193
33487262000181
33578180000142
33593440000159
33596988000152
33637747000104
33639313000143
33649442000112
30561198000143
33670853000190
33693161000167
31819325000124
33735041000185
33757324000128
33811329000191
33810833000177
33825442000126
33857179000157
33867439000175
33867553000103
33888847000103
33900482000195
33901411000107
33908505000108
33911092000110
33912404000100
33934582000132
33942713000123
29835046000102
34016707000108
34039882000110
34048110000145
34057252000179
34085215000174
34102052000190
34141773000100
34151941000148
34236022000177
34247336000175
34253131000100
34298531000124
34310996000153
34328022000105
34365136000117
34378881000109
34390340000198
34430936000174
34458044000181
34473796000111
34475857000180
34538301000195
34549826000126
34592028000187
30363232000175
34639556000144
34501019000133
34795961000151
34807964000168
34835103000193
34862248000183
34867914000176
34903253000197
34915912000105
34920252000150
34956858000146
34972407000100
34992489000147
35045183000146
30106419000193
35062212000188
35074810000177
35086691000172
35108291000110
35124006000155
35268057000150
35276213000125
35334597000195
35353373000120
35390778000139
35392763000100
35430824000186
35438628000158
35443162000189
35469530000168
35478634000139
35490299000194
35493813000145
35525686000119
35539060000161
35546833000137
35591615000114
35677971000155
35686890000111
35691646000147
35721217000175
35752498000123
35775507000100
35796019000170
35818662000158
35838511000161
35867895000140
35871934000183
35889472000121
35894022000127
35904272000109
35936975000100
35979299000152
36043593000110
36043680000178
36070658000117
36079279000198
36144692000199
36150891000100
36166092000121
36173260000106
36252438000104
36255175000197
36297333000171
36354953000103
36406608000168
36418511000175
36419056000122
36436225000132
36463091000149
36469796000173
36470014000116
36475158000165
36539644000108
36555526000185
36584104000138
36586771000150
36607852000199
36661336000142
08740245000248
36725499000141
36735359000154
36739291000181
36741786000145
36758844000143
36795531000165
36818517000130
36847991000190
36864472000130
36874869000102
36983995000103
36987173000192
37017396000190
37037174000139
37063705000168
37137667000140
37143052000127
37143764000146
37149715000110
37150425000197
37157800000120
37168212000192
37176982000187
37181707000151
37227912000100
37237729000196
37237896000137
37344013000198
37352303000183
33356217000279
37528162000107
37536218000175
37581868000132
37583237000152
37635244000150
37648873000115
37650783000169
37661254000160
37665113000116
37705842000159
37511285000216
31440041000203
37743767000110
37765171000111
37792164000109
33148940000181
37812147000196
37819165000108
37832463000120
31630455000114
32020739000151
37447591000150
37891177000135
37953282000151
37983914000120
37986660000101
38025510000196
38030117000190
38064733000162
28602532000118
38073986000100
38108533000164
38150977000168
38151025000169
38157976000145
38224516000192
38226543000102
38239918000160
38259641000138
38276307000192
38293261000110
38299630000181
38302746000122
38306034000181
38357774000147
38360718000161
38393741000152
38402305000100
28165112000111
38423764000162
38434695000192
38463940000190
38478551000138
38493806000131
38530798000156
38539162000175
38542316000188
38613390000148
38659766000155
38729404000193
38822278000117
39145254000133
39226314000142
39235500000148
39253550000158
39254983000128
39279858000172
39339454000127
39360980000179
35151983000141
39390773000167
39456228000126
39470359000168
39517896000116
39534840000170
39575155000191
39575166000171
39636049000170
34008456000110
39650475000169
39651729000163
39718458000116
39742959000138
39781865000178
39791085000109
39843740000125
39845489000138
39857225000102
39859439000100
39880449000127
39883354000167
39905604000112
39907856000180
39910657000121
39913144000174
39923717000140
39981803000100
40037904000106
40060136000101
40076881000149
40089673000184
40090806000132
40123709000107
40151852000102
22682168000590
40255103000117
40307185000104
40331383000103
36583502000130
40356044000173
40358278000150
40366404000118
40403093000110
40409584000178
40430228000136
27830180000195
40459192000113
40460333000118
40469111000166
40491630000120
40502584000118
40535639000196
40578596000126
40586947000140
40599604000110
40603200000153
37511285000135
40632140000105
40636477000182
40694421000184
40705215000122
40773396000124
40776970000106
40794966000162
40808991000158
40864881000103
40898053000196
40904175000148
40957225000155
40999167000122
41018786000151
41031498000137
41056978000152
41064365000167
41076732000142
29673023000149
34407823000158
41207813000134
41254843000100
26071722000120
41276328000112
41283503000107
41315879000148
41332102000191
41366910000170
41399070000141
41404326000161
41464754000180
41468028000135
41471915000162
30120850000194
41497809000158
41610490000125
41630919000146
41670569000141
41783312000104
41789155000136
41792772000190
41795302000180
41819789000194
41831037000149
41869095000161
41909272000196
41949445000108
41949890000160
35403387000101
36220959000180
26403539000185
37822329000148
28598847000139
38183428000190
30261293000121
30921386000135
41830870000175
26601599000102
42006317000185
42025953000154
35904506000100
42094610000141
42098978000188
31011475000530
42172226000110
42207351000118
42248540000139
39664183000185
42311185000103
42332648000105
42354471000148
42354942000118
42362474000123
42363110000168
42403297000186
42418968000182
42443372000132
42443993000116
42457495000122
42471719000150
42473982000189
42508791000105
42550383000111
42575103000120
42582173000105
40094262000187
42603270000137
39402379000282
42623425000105
42624847000197
42670973000188
42695222000116
41264006000153
42755787000141
42784559000108
28601807000107
42817894000157
42820789000177
42826166000101
39900929000102
42828003000168
42838485000137
42857552000160
42861403000175
42874169000110
42894895000103
42895088000105
42914164000174
42918497000171
42918837000164
42969322000193
43004554000170
43007690000113
43017669000107
43021135000146
43094506000110
43099577000105
43112223000153
43137342000160
43213045000157
36946780000104
43248551000181
41157123000118
43307920000160
43331518000110
43334743000100
43356066000121
43356792000144
27943530000120
43424719000162
42134065000170
43494211000130
43547618000189
43576239000117
43650970000145
43672225000105
43675671000165
43712998000160
43715311000140
43727794000100
43752448000174
38448099000161
35693265000105
29813865000159
26440085000112
34273974000160
37792987000134
40133347000127
43098378000182
39527011000160
41286679000104
41614198000180
34604003000156
26156683000164
30900876000155
11377406000376
38281969000150
29078118000114
32771298000120
28158329000102
34477585000157
43136920000144
38477201000157
43162935000187
32716588000170
39581941000100
38208254000172
34697918000153
27518283000114
30026522000123
37767190000187
33282547000186
42203486000105
42339977000188
43045544000182
36272381000105
43400579000192
43043482000170
29656850000124
40059777000146
34868341000103
34444445000182
37899789000174
28716691000143
36555398000170
29179908000196
40433110000161
26719418000147
29945259000197
36735315000124
28294802000170
26249517000102
26649712000120
34215447000108
37878010000134
39717037000170
40851962000179
29414470000183
31272862000105
28486431000129
26691148000103
43847427000132
43859078000179
43865063000113
43877474000129
43885137000183
38542369000280
43920927000152
43933630000121
43987661000165
43995537000141
44084589000129
44085484000194
44098961000156
44115321000107
44146642000179
44156836000155
44159067000149
44164702000186
44218839000176
44248583000140
44380567000106
44382466000174
44389394000197
44404783000144
44433827000164
44453776000132
44461032000160
44462896000104
44513933000158
44517280000185
44524953000124
44567702000127
44588359000105
44614250000197
44631529000189
44655162000133
44666686000120
44700820000161
44707173000110
44710282000196
44718255000160
44734227000136
44739920000100
44767376000100
44795251000185
44838719000171
44858634000155
44858679000120
44865338000181
44887299000113
44906150000134
44956304000100
44959037000117
33432731000246
45019449000130
45021561000105
45070501000182
45111757000190
45114462000178
45116122000186
45144786000159
45164637000151
45168611000181
45194682000159
45200950000106
45213995000107
45252636000169
45266763000117
45281308000190
45294847000164
45301180000180
45332389000100
45335787000180
45421855000124
45442674000184
45460247000129
45545305000117
45622366000130
45623997000174
45648331000170
45726748000104
45836437000106
45892509000124
45933474000124
45951363000140
45958785000148
46013212000104
46058374000169
46073848000141
46074291000163
46085930000196
46108732000109
46112639000160
46136028000151
45444651000109
11843456000210
46185606000140
46290637000160
46301460000150
46423115000190
46465737000180
46506831000130
46508706000160
46564693000146
46574043000181
46698967000190
46704396000159
46786467000100
46788958000190
46804049000106
46812031000148
46817547000185
46834163000170
46925773000180
46928851000108
46962018000175
46994393000105
47068560000141
47082063000106
47117307000130
47136101000158
47138526000104
47146413000142
32492152000307
47266946000168
47278041000108
47290297000130
47326989000191
47418375000130
02602536000617
47455561000149
47458097000144
47479588000171
47530868000167
47596224000171
40586947000221
47637534000197
47685642000135
47687026000113
47697760000163
47712928000162
47826934000140
47885399000107
47897104000104
47920752000134
47942824000144
42153698000206
47970856000153
47982404000191
47993231000107
47996177000153
48041631000185
48092887000111
48129095000174
48198695000194
47520569000222
48211039000184
48214071000113
48218510000166
22682168002704
48268119000176
48285295000116
48320021000110
45603796000105
48349902000164
48378761000108
48379882000174
48389317000198
48393357000103
48419367000170
48446303000169
48464068000158
48520628000144
48536321000131
48569094000140
48616303000160
48625634000166
48635196000117
48664625000184
48673273000123
48681409000147
39819937000200
48763606000105
48814162000190
48850790000120
48859062000180
48873810000189
48877122000197
48900603000176
48906649000100
48929153000144
48987139000105
49070502000188
49090275000152
49095906000126
49103860000140
49117798000145
49136371000194
49145050000156
49163895000174
49167915000185
49176523000182
49182360000140
49190676000184
49204024000151
49221701000140
49226476000134
49247225000136
49322028000134
49325068000130
49327946000156
49365440000131
49382936000113
49405468000155
49445750000166
49494728000106
49522648000117
49531451000144
49564539000162
49567344000176
49579522000189
49625381000193
49628437000163
37663864000284
49659145000198
49732086000136
49794067000134
49798269000154
49870205000117
49884239000160
49939742000176
49957396000159
49986678000184
50044952000185
50071369000163
50101976000129
50136623000164
50163389000164
50175315000148
50180336000151
50203113000162
50211559000139
50217378000110
10741591000292
50282181000164
50327152000171
50333373000152
50356558000182
50376382000120
50394441000193
50413113000197
50452700000195
50453545000121
50483576000125
50523123000185
44680099000195
23488321000263
50671557000122
50679797000173
50698799000100
45108973000187
50844613000183
50853578000169
50890289000130
50891667000108
50916690000100
50954638000130
50961421000157
50995747000103
50997933000173
51021969000180
51035477000143
51041482000169
51060975000146
50714412000161
51073208000171
51079560000114
51128681000109
51130289000102
51136496000166
49113465000148
51179888000102
51181730000177
51255919000167
51281262000102
51101480000118
51370642000113
51382295000149
51398041000119
51420650000127
51458219000170
51473543000167
51488871000137
51492400000100
51507163000104
51617894000102
51651970000198
51694667000172
51701998000192
51714843000190
51729433000113
51737790000123
51741964000121
04905792000285
51747869000135
51786736000178
51792627000163
51815837000120
51826241000125
51856237000100
51885057000156
51885652000191
51942686000170
51950950000118
51956856000176
51967888000177
52015348000156
52040935000103
52097908000169
52133552000171
52155681000160
52217216000107
52218558000141
52232442000167
52244602000198
52265205000100
52288163000115
52320662000142
52324022000100
52332438000170
52393510000170
52402913000138
52424673000172
52448168000168
52454744000180
52603318000160
52626360000105
52706461000188
52720662000130
52738305000107
52768039000157
52785319000173
52812600000158
52861066000170
52939320000105
52950606000191
53011638000194
53015839000160
53025080000104
53036044000138
53038124000122
53071590000100
53075877000108
53125940000173
53134933000138
53145234000193
53159159000110
53183592000190
53218722000183
53244005000126
53270394000164
53274255000109
53328261000100
53339523000123
53428188000130
53444054000102
53447185000143
53486003000143
53518341000110
53531295000199
53555532000151
53581985000152
53625742000179
53698501000150
53705316000145
53739406000157
53811227000183
53813625000139
04267356000228
53914824000133
53931539000120
53950427000117
53959207000154
53985336000117
53996742000185
53999340000134
54010163000184
39593179000254
54119301000168
54134963000107
54196958000129
54198731000112
54206682000112
54213490000133
54216875000154
54229674000191
54239356000101
54297409000140
54301030000167
54346873000180
54388193000129
54394987000103
54420522000171
54446775000114
54515962000102
54527722000128
54627405000183
54652475000191
54653353000110
37352347000294
54669365000132
54699272000150
54722235000116
54724936000194
54747317000115
54753508000190
54758577000196
54819192000191
54829030000134
04679085000218
54905434000160
54931872000100
55004945000173
55027730000178
55048248000114
55054587000103
55079694000196
55088422000152
55093578000121
55127695000169
55165915000149
55175583000183
55193168000152
55226596000134
55267871000168
55269876000120
55297368000155
55339491000191
55349478000113
35233549000453
55505518000179
55524269000169
55557822000160
55573663000197
55611935000104
55632444000131
55669033000110
55670930000144
55693471000114
55727891000174
55748118000194
55772878000137
55791229000183
55814694000192
55843681000141
55875697000136
55908645000119
55929961000177
55994665000150
54600736000120
56138030000113
56184785000154
56245534000132
56383782000140
56388003000107
56390698000153
56544292000188
56562470000101
56607659000165
55785980000177
56795993000190
56823475000132
56848750000172
56924133000109
56927104000109
56945289000176
56969429000146
56981431000130
56225541000172
57025425000172
57041551000110
57043441000198
57045743000103
57108093000190
57146471000120
57166926000179
57183455000107
57241858000165
57271592000101
57282856000114
57289844000111
57332261000126
57345141000163
57365167000173
57376284000132
57384450000142
57430291000175
55294703000161
57547912000103
57566746000184
57608518000120
57620989000153
57648261000130
57694566000188
57724509000102
57776849000179
57805617000100
57816462000107
57821291000104
57823081000147
57796501000143
57829668000163
57849841000195
57858997000132
57866877000187
57870074000104
57904006000100
57922152000169
57925003000153
57985298000153
58004039000167
58055134000190
58064856000100
58097468000126
58115966000154
58116023000146
58170278000197
58184273000113
58225410000110
58228623000104
58250789000119
58272901000112
58278530000186
58293279000129
58302959000161
58367433000160
58368013000106
58388204000121
58401157000109
58428014000190
58453460000155
55099827000781
58488462000180
58500709000136
17120090000580
58519800000101
58520246000174
58521662000197
48464720000215
58564157000120
58567674000152
58576280000160
58579603000170
58580194000121
58608856000124
58653308000116
58655852000105
58684750000100
58692241000129
48289688000360
58728174000155
58762765000149
58786996000192
58788545000194
58824837000135
58845824000142
58858199000173
58860018000143
58862670000105
58869189000133
58905344000120
58908416000192
58920324000128
58934059000137
58941879000156
58944557000160
58951950000181
58952148000106
58994141000157
59040322000107
50795719000134
59084823000195
22872765000235
59114147000155
59123889000147
59123930000185
59151116000174
59169424000127
59172416000130
59180484000140
59194781000145
59206647000117
59212866000109
59222266000121
59290773000100
59290974000108
59359151000183
59403701000114
59405542000197
59408782000145
59439825000150
45974067000165
59490285000139
59499734000100
59532757000179
59541582000166
50137704000340
59604444000189
59641963000117
59668386000157
59682084000133
59685226000116
59693112000118
59720591000114
49034896000119
59814295000182
59818908000150
59820801000146
59843852000193
59867940000125
59891766000156
59917486000170
59920940000141
59954557000104
59959618000126
59969094000154
60000546000174
60003328000193
60007456000105
60012413000118
60018594000190
60029613000183
60056008000100
60065690000199
60070749000137
60158652000180
60171837000125
60178427000106
60194612000194
60200082000140
60202239000176
60238919000140
60265735000179
60277491000144
37397958000259
60298732000131
53525863000149
60341512000143
60367579000157
60383191000140
32620670000369
60438177000104
60461109000158
60527912000148
60529604000151
60530901000117
60537705000174
60550510000164
60588066000176
60593102000190
60615282000163
60637771000116
60672769000188
60746751000183
60765464000110
60782345000176
37743196000548
60801516000167
44128749000275
60839284000136
60929212000180
60693365000251
60954137000107
60996625000187
61006788000138
61017772000120
61037109000198
61048681000152
61072739000101
54962131000189
61082771000160
61100678000130
61136038000180
61147325000196
61160160000192
61169344000113
61172530000101
61191118000139
61195930000132
61200276000108
61217354000187
61271851000163
61272933000122
61285298000118
61313859000145
61332858000148
61341295000154
61360828000145
61370069000100
61397080000155
61408180000130
61452417000180
61453715000194
61482146000105
61529121000110
61531594000151
61554115000112
61564832000125
46895941000131
61592198000134
61630247000186
61640970000146
61647661000106
61659536000108
54594618000156
61694219000122
61748427000167
61763003000171
61782797000110
61872565000153
57812981000199
58750494000101
57270010000164
60216706000117
52792302000143
54364249000105
53719835000162
55538993000141
46719502000178
47350531000178
47824261000190
48393494000148
50389609000172
50620034000157
52380336000120
53975605000164
54440544000101
58464362000113
59533774000120
54415028000119
60970173000164
61088364000160
55433681000173
51770266000154
47993438000181
59543885000118
56103338000123
51083108000126
55162522000181
61163620000136
53991084000139
54262678000171
61378038000197
61964362000197
62004889000132
62005555000183
62007176000122
62020403000150
62031266000159
62063810000144
62103897000136
62104391000141
62108491000146
62116839000147
62154669000195
51213447000260
62182980000148
62183205000107
62222201000190
46057902000327
62277206000110
62334665000199
62345130000113
62351315000130
62353116000161
62524333000177
62575207000141
62606443000188
62606826000156
62610268000100
62621840000129
62669505000109
62670573000180
22895963000303
62720796000104
62727338000105
62764542000198
62789494000192
62864039000104
62871274000103
62882847000102
62937745000139
62943851000125
62953461000136
62958017000103
62963440000100
61150754000201
63001466000121
63016409000116
63053571000104
63055011000199
63060935000183
63066331000144
63068544000105
63111104000193
63119092000143
63119640000135
63130984000145
63133130000112
63134595000198
63144949000185
63176566000199
63295205000161
63297771000102
63302661000191
62483260000112
51494167000359
63366238000155
63395813000148
63426231000181
63440293000148
63467422000191
63480916000106
63482981000170
63486613000109
63570680000107
57456663000485
63595718000198
63596826000185
63643919000113
63644789000133
63649002000126
33157007000251
63743943000124
63745155000177
63775371000165
63795007000167
63797043000160
63811819000159
63814608000170
63817473000104
63821910000155
63845701000141
63863374000150
63889550000123
63897077000126
63897320000106
62409786000152
63937152000135
63942906000145
63950081000100
63954698000102
63960125000183
64015337000155
64039031000139
63604483000153
64087945000175
64104822000103
64112911000193
64117348000146
43792899000488
64180733000138
64223954000146
64318650000162
64335015000193
64341600000104
64431899000180
64450583000135
64464607000105
64577235000123
64590902000108
64611876000157
64620207000141
64648105000134
64655435000157
64684734000110
64697135000130
64721401000113
64722251000162
64737145000152
64841564000130
64857671000156
64859252000153
64905483000156
64913674000160
64925614000167
64933281000118
30001240000252
64959107000144
64966399000142
64983742000167
65009972000192
65043632000188
30381306000287
65094562000197
63441723000146
65234096000106
65242816000177
65243003000100
65247292000107
65253747000105
65289603000109
65291655000101
65308970000102
65323193000167
65332153000181
65436239000154
65475928000178
63863374000231
65527476000120
65546094000144
65563557000186
65577879000184
65582627000143
65586431000127
65600690000165
65606674000180
65640334000175
65659994000106
65665152000159
65682354000109
65711920000163
65713913000109
65725421000125
65742909000160
65761467000108
65772954000168
65776628000129
65814495000138
65821153000145
65831361000125
64952548000114
62830851000208
65862267000133
65869188000154
65870457000100
65885780000140
65921787000170
65929162000154
65987556000169
65992634000113
66013476000175
66022988000106
66037205000150
66045357000102
66045411000101
66062823000150
66067528000196
66085497000104
66087528000158
66093201000199
66096726000188
66116657000127
66123052000163
66129203000190
66131230000106
66132749000109
65563557001581
66199312000184
66125438000104
66213439000100
66218917000175
66240132000107
66248718000100
66250389000131
66268458000134
66275130000145
66282230000107
66322262000180
66326467000134
66377381000130
66400238000112
66400467000137
66403146000196
66404478000195
66410948000123
66414894000174
66435597000105
66445912000185
66467701000143
66472973000131
66492775000130
65563557001905
66541613000144
66543627000105
66550786000129
66563087000113
66581145000131
66583179000165
66596625000176
66598701000182
66601107000101
66601882000159
66661922000158
00007707000120
03315428000111
03326225000120
03328898000110
05025050000147
93606929000140
05057193000130
03416134000186
03417715000132
03421447000122
05078210000116
05081176000139
00151189000113
00165453000178
00185887000130
01850261000163
94645298000130
00238234000171
05198798000141
01875925000149
01878229000196
03542344000110
03548190000174
05212864000190
01890655000145
00272934000182
95221909000186
00278102000173
95452959000174
05266245000189
05274511000115
96257944000118
05289146000112
01944829000105
03631495000145
01957961000151
00341334000129
00341801000110
96729322000145
00359977000108
96765102000177
96796024000178
97042048000102
97177158000173
97235519000190
05366417000196
03695389000125
97293096000165
97296099000152
03699774000140
03706698000153
02049076000137
05412266000165
02058737000190
00458538000144
00462004000191
03770503000134
00481059000149
00487020000139
02108490000170
00491873000144
00493319000104
02151914000189
03841501000199
00538881000107
05516823000198
02175771000145
00560647000178
02183100000126
00565063000195
03890059000190
03916330000110
00608308000114
00623400000153
05604264000178
00656376000159
03277229000247
05664918000159
00682098000104
00693774000145
05680477000189
04036959000138
02341405000119
00729287000195
02350736000115
00746962000194
02391772000127
00771384000146
04106620000160
04108069000194
04119300000145
05775722000131
05791998000103
04155837000160
02453185000115
05824631000149
00834285000166
07826128000158
00879284000138
05899196000111
02528235000186
05908079000177
05924211000134
05929449000152
04267356000147
00934401000119
02564675000199
21558416000361
04302328000113
04306907000134
02598089000165
00983812000102
06012085000104
06027316000153
06037310000167
04369509000167
01012172000148
01025381000126
01037536000144
01047989000151
06085423000138
04415729000180
02686165000194
06096869000168
04424924000176
01073041000170
01092601000134
04461670000166
17544818000178
35428978000133
04496779000139
18140632000116
04516790000113
02773652000194
01150467000180
35931716000197
06206731000174
73817173000170
18646042000160
56118169000103
06232738000160
73990194000193
07850348000117
56451537000122
02839557000146
01223803000178
74612342000107
01256863000197
37254976000109
04659131000136
37545084000159
57330649000198
04681834000160
37656790000178
37661204000183
01306352000132
06859994000182
01323064000196
01325399000143
02946417000177
20579595000199
02959755000143
04744030000163
04749406000122
02981489000155
76576800000117
01374874000171
06942059000185
06946676000159
06947677000118
39160148000129
06955351000132
58568213000102
58675430000193
39682141000177
04830991000190
07009511000113
74727082000298
07835980000191
01451203000167
01452431000151
40450561000107
04871196000140
04880268000116
01479245000106
07067859000167
07069179000182
22457576000115
07091451000120
04915227000118
03143745000106
41170978000189
22748230000176
04932446000105
83913970000296
84327105000301
22939623000167
03168608000118
03170241000177
60074754000118
41453549000119
23159932000187
07157818000161
41650441000116
01559708000140
07170842000130
41880493000189
60607272000186
03228808000119
42012245000189
03247750000150
07211606000115
07213038000191
03263307000173
03265748000104
03277229000166
03277847000106
79755500000193
42952382000101
43054964000125
03299301000156
07266023000191
07271963000179
24687006000147
24914855000196
80504863000135
07313444000126
07317592000119
25138785000194
07379527000118
07379648000160
81292500000146
45207503000170
63049878000131
71191514000110
63202717000136
07603848000154
07850746000133
81827610000165
26942813000194
09006917000178
64677404000105
48204267000127
65350134000188
65905309000176
49146335000101
02338702000105
66293713000107
66479015000192
66558602000177
86494507000164
29835287000151
86918307000191
12648101000152
12779542000193
67968321000155
68351964000118
88972245000121
68823632000199
68919539000182
32463143000126
14816672000184
90020298000194
32730525000179
32829079000154
53107447000120
15578115000135
15977853000155
91393017000101
34179614000102
54256367000108
54309679000124
17052853000170
34951525000124
07441003000100
07443702000199
07465381000123
07487480000106
07498600000170
07567641000171
07583725000107
07613323000108
84327105000140
07722491000123
07804535000164
07854157000123
07875819000141
07457128000128
07976009000181
02314691000123
08096054000104
07471518000152
05628388000193
04571890000142
35199637000133
05094237000100
05343411000101
02186371000135
00669083000106
07252195000106
70152475000189
76486968000131
79145181000102
04944675000140
02035391000105
05098494000102
05105718000166
07087014000133
02757100000192
05785247000184
03812174000147
33335829000102
07955460000112
06294357000106
06059955000109
05748619000100
02814241000108
07628493000158
02184072000161
92909944000102
01697396000130
05064147000169
00142293000141
94030301000101
00170954000142
03510587000177
05361003000174
00410148000102
00490294000187
00517721000173
05569976000101
02229488000159
05677191000144
02315999000193
04202483000168
00983173000177
18297283000140
01167617000169
73923138000136
04657803000174
57338600000181
02949646000145
02975728000164
02979399000120
04789932000116
07024313000129
07046144000128
59869735000107
07125393000109
03205736000194
03281086000166
07246344000124
62227467000126
45589371000199
63350581000101
82227760000109
28040426000198
84512300000140
66581232000199
30209829000160
13063581000152
13339460000190
13519103000104
15632326000109
72908981000180
72998487000154
07534646000106
07779529000102
00631163000172
12655247000206
17604000000101
01845151000103
00246946000132
03621002000196
05319405000100
00737084000140
18531582000106
01167481000197
07121168000102
07186977000194
61009148000181
64338577000190
27507250000179
07863807000105
68703339000198
90114612000106
07221160000100
06124320000130
21873849000140
01734258000184
01887859000127
96177845000126
03868081000134
04020411000108
02337234000154
56230618000100
01438003000174
07049972000110
22766794000131
07144105000163
07207677000144
07319932000140
64894124000140
84056456000163
88319660000180
44589679000171
70303805000190
71677421000108
07406559000165
10535334000113
05953088000180
02488213000130
02143839000104
05956978000145
15315146000101
03432768000122
14151542000170
01024515000194
06306029000182
57081226000181
07691453000150
37006541000137
02990568000122
48161632000163
04393436000149
00647611000126
04094870000128
05288320000102
75718528000108
06375875000154
68729771000158
08084842000180
09180571000120
61631339000180
68098862000132
51668051000127
72714041000150
08163583000183
08221800000144
08270764000109
08307776000160
08378923000193
08402466000125
08586568000148
08822634000131
08895700000101
08949225000109
08960026000193
08963178000140
20226543000139
09033870000131
09054512000105
09081211000170
09099358000198
09141448000108
09148593000102
09202939000103
09240583000100
09246438000129
09315188000131
09320247000160
09429406000169
09429868000186
09443036000114
09458127000123
09499865000119
09575527000119
09630585000106
09657504000153
10295879000108
10336827000124
10350220000107
10411363000173
10198144000158
10281177000167
05204196000230
10496493000156
10502278000110
10561664000183
10623543000119
10655690000170
10683031000148
10785349000130
10793369000152
10797332000100
10812509000192
10884296000104
20288831000118
10696035000160
10962105000185
10984222000140
11038349000139
11111480000184
11197976000112
11203180000125
11214744000125
11222687000126
11245152000170
11272396000142
11279720000154
11441868000143
11498657000147
11500423000197
11530752000180
11531093000105
06876015000285
11534465000149
11545582000108
11565391000108
11600888000110
11609055000110
11659416000132
11737494000108
11741559000199
11742846000113
11754913000110
11792055000106
11796090000195
11810734000152
11831946000116
11847547000143
11848804000161
11867559000130
11877474000132
11879924000126
07846688000255
12006866000199
12056643000136
12057426000160
12088677000102
12121568000140
12150963000150
12188982000176
12205657000174
12205689000170
12225665000182
12276727000185
12277669000104
12282233000103
12345599000184
12367593000108
12381094000175
12391485000170
12428705000193
12469034000109
12518626000173
12548036000193
12581241000150
12611294000177
12659438000165
12666975000132
12677838000101
12680993000179
12704448000175
12707651000103
12722697000193
12731591000156
12756556000191
12764006000114
12784808000196
12801439000100
12852969000170
12889688000191
12898397000160
12912873000150
12923738000100
12934335000166
12945843000140
12954362000109
12955658000136
12980941000118
13001133000124
13011938000159
13012072000109
13068488000130
13085101000154
20359929000119
13112061000192
13133727000199
13150931000118
13196840000113
13229758000148
14719705000178
13260398000147
10878598000170
13334298000118
13417813000123
13465637000103
13472155000172
13531146000105
13541516000195
13586874000114
13595506000132
13621667000153
13628650000128
13648690000131
13680609000109
13698103000119
13746533000169
13765241000173
13777329000105
13855186000102
13881814000124
20385972000159
13886543000108
13894384000185
13927770000126
97525683000132
97532833000135
97545693000130
97547216000103
13997146000103
14021096000189
13914071000141
14066250000139
09051211000128
14075432000176
14087870000154
14182343000129
14203793000150
14217127000171
14227587000180
14264226000104
14291044000122
14296169000145
14297752000170
14314797000106
14332178000144
14368135000119
20405766000163
14455627000141
10406391000100
14506269000159
14532490000181
14536420000100
14589263000192
14614740000122
14648970000102
14778335000140
14842259000194
14856647000124
14862176000167
14905185000198
14923372000102
14974490000131
15003381000130
20427138000189
15138653000109
15182127000146
15194291000173
15235362000139
15242520000188
15317665000109
15363001000178
15384049000162
15387689000126
08923058000119
09022782000134
20439696000164
09343738000126
09631742000190
20491698000100
10225726000186
10436422000168
10839618000101
11041046000175
11187484000146
11311498000120
11594115000178
11847863000115
12097430000152
12334964000155
12491592000170
12678432000135
12867616000143
12982532000150
13033785000140
13122339000102
13134685000100
13186953000138
13216159000190
13484592000106
97543551000133
14178163000173
14613499000117
14840069000138
14925851000150
15345145000100
15366500000119
15377175000190
15399962000132
94335833000238
03433936000285
15469450000103
15535125000193
15564745000150
15570498000103
15600027000192
15600218000154
15604138000177
15646190000196
15680112000108
02807718000209
15755799000101
15785701000150
15786848000165
05098494000293
16365921000198
16403361000119
16465977000114
16512910000193
16585756000180
16620765000164
16621806000137
16674033000157
16702217000183
16766655000105
16778756000104
16856014000141
16871489000107
16900042000119
11433305000103
16923569000169
16923734000182
16926437000190
16929856000186
16958231000142
16965938000186
16979323000109
17000052000160
17126971000185
17132744000162
17146519000185
17207908000173
17281563000106
17311858000170
17373940000129
17374662000124
17386287000132
17398597000177
15447358000134
17494371000170
17532551000107
17547824000189
17549047000101
17554484000113
17560003000182
17591622000134
12879245000110
12166562000199
17677802000133
17688537000199
17705074000126
17707814000163
17748871000190
17858031000180
10602048000204
08476351000428
17983250000191
18099981000131
18106873000149
18114624000103
18143228000104
18167024000103
18168793000118
18169223000142
18194120000132
18212500000152
18212656000133
18241156000120
18252921000107
20470661000198
08475265000158
20471706000149
09107013000139
09259852000172
09525696000144
10243645000109
10795401000139
11051115000121
11305196000149
12692462000104
12764132000179
12811693000181
25047663000435
13442450000186
13464566000116
13522207000178
13883402000123
15425263000110
15510281000108
16565104000183
17198616000111
17666978000190
18404246000194
11282954000150
18412215000185
18424731000120
18430118000115
18458960000165
18480507000155
18508571000105
18545704000105
17744873000101
18317272000185
18629134000131
18653653000135
18658083000176
18670377000113
18712352000135
18725806000102
18766461000135
18774803000169
18781027000124
18907628000130
18912083000150
14882330000162
19072467000175
19077636000160
19253181000196
19337099000140
19339805000192
19341792000196
19343382000184
19467218000189
19499729000182
19543499000101
19544885000118
19557893000107
19567616000177
19568704000193
19596620000163
19597253000112
19611168000161
19699385000155
19726826000160
15224441000144
19744047000198
19768305000176
19793224000126
19835702000113
19840041000114
19917404000172
19923394000188
19931747000191
19960710000191
20002482000126
20010474000121
20014904000183
20030084000113
20051877000119
20070174000138
20083848000139
20135385000101
20164506000143
20171438000140
20175458000199
11547549000117
20199554000177
20508019000150
20562902000129
20607658000173
20616358000150
20718379000187
20745180000148
20756196000156
20771897000164
20860228000169
20914729000180
20933443000142
21114831000164
21130397000106
05204196000311
21269251000146
21286230000139
21307161000100
21389173000113
21455166000172
21460110000106
21464705000130
21482503000110
21570481000140
21582816000140
21647635000155
21728042000113
21738134000184
21812329000127
21828532000191
21829043000154
21835636000123
21848431000182
21866149000128
21883060000170
21887933000112
21903847000156
21943520000108
22017331000177
22031070000140
22058519000163
22065138000101
22128222000127
22150063000167
22166589000135
34179614000366
22254534000187
22304116000157
22333804000145
22377990000114
22378734000141
22465342000110
22106925000154
22503404000130
22537678000140
22638110000116
22671238000181
22693524000148
22705282000165
22753033000145
22767550000173
22837476000114
22899372000134
22939340000115
22992075000139
23026002000155
23036666000103
23052555000182
23061430000119
23102495000165
23153796000118
23244417000103
23302737000164
23332015000152
23407029000198
23476253000131
23507005000100
23574186000198
23592658000135
23608366000143
23620165000161
23637098000198
23645594000193
23677475000112
23691331000110
17535300000178
23759479000140
23765457000192
23786931000162
23823247000103
23833675000117
21265436000182
23921965000112
23933493000118
23937027000100
12953473000192
23984405000107
23995225000120
24036791000178
24050648000130
24109709000198
24115253000179
24136719000112
24226770000115
24235223000104
24236506000162
24246145000135
24334855000117
24363338000176
24365307000154
24396990000197
24422506000157
23204727000196
24449101000102
24457461000156
24468733000113
24549397000133
24571565000197
24619175000140
24624593000125
24626575000182
24640800000135
24790055000100
24794975000105
24822914000104
24829025000160
24832938000136
24833793000198
14834588000193
24913971000190
24947692000148
25018008000106
25056069000168
25093293000120
25163321000138
25187770000116
25239383000186
25282399000171
25319878000115
25340156000142
25361864000160
25368946000136
25433732000104
25464255000136
09383947000101
22402088000100
09303912000107
14139291000108
12807473000184
14573226000196
17328483000150
08799145000106
08950582000189
09462625000140
15189034000143
19275909000180
13112155000161
16771430000147
08595212000170
17831220000160
17586632000181
19311476000171
21065142000107
23456281000197
21134611000100
19712086000103
19658872000170
23586196000143
15363226000124
23098158000141
11894061000166
19170996000101
17857000000105
17703655000129
09388578000131
22047485000101
21740990000174
20905684000188
23435249000125
11986610000122
16934783000110
21860489000141
11646367000101
23918929000108
17729188000106
09097641000180
16676523000192
17561707000170
24118554000156
16612365000107
11942655000103
15229140000103
17640653000138
17720910000141
23337870000156
23526302000101
13218804000103
24812756000101
25275368000193
23859775000112
20952855000120
16833086000173
17484602000164
08528802000180
10591516000101
25424347000192
24963749000100
05113519000280
23227912000104
22659945000152
18578685000113
21126076000138
16743058000165
19805756000136
19697091000194
14494548000140
17802576000175
20914733000149
15310418000172
22999457000194
13760252000160
13241158000103
18276357000162
09284821000171
10877898000134
13203166000157
18290571000173
13061037000171
19854422000152
19295413000179
20772421000148
11939228000168
13638163000146
97551845000107
19576352000118
13606704000154
16571660000162
09571938000136
19358248000157
13725840000163
19954579000150
22052611000116
23603393000123
24946632000100
25465126000162
12891786000163
25969490000160
25990238000132
26029373000189
26062312000113
26121501000110
26177223000112
26196523000149
26259793000151
26281639000186
26327479000169
26343579000189
26346381000159
26365314000181
26367604000164
26392488000133
26396990000112
26414997000110
26472693000109
26474348000104
26482575000181
26488516000110
26515847000100
26572591000165
26635416000170
26705697000190
26781521000117
26784949000113
26819972000104
26869047000180
27009389000192
27028378000150
27058351000100
27086134000123
27107537000101
27110545000107
27115201000190
27154352000158
27155701000156
27186625000146
27201589000142
27212983000186
27325887000144
27339549000161
27347983000193
27370558000115
27393888000126
27412350000111
27415311000178
27419632000140
27435878000106
27453498000102
27469126000166
27602205000101
27641016000130
27646346000118
27680217000146
27682033000115
27712612000163
27713898000100
27716881000106
27756727000150
27791419000165
27804703000129
27805024000174
27805925000166
27821629000159
27858717000125
27890627000111
27895067000198
27919910000129
27928780000190
27953829000165
27990240000137
28018667000130
28040270000145
28071293000117
28084067000170
28090829000141
28121315000106
28200653000133
28229808000164
28239003000100
28247928000194
27459402000296
28250185000101
28276538000142
28314806000173
28339980000170
28366297000122
28409244000141
28417069000134
28446728000160
28461056000162
28496773000120
27318610000194
28541547000113
28543956000159
28548742000175
28560591000170
28582449000124
28664404000107
28685983000166
28711876000165
28763150000176
28764878000112
28772178000170
28810848000103
28869299000134
28910410000199
28922668000105
28996322000151
29021749000105
29085631000132
29097522000135
29118187000104
29127922000146
29180359000170
29267627000195
29280136000184
29286016000194
29318213000148
29320302000129
29377685000171
29405579000154
29421544000109
29460135000111
29483124000157
29515695000126
29517740000181
29531471000108
29595289000110
29612911000151
29752816000153
29785281000117
29788653000169
29795032000102
29803706000173
29805312000154
29840836000186
29861401000118
29912211000182
29922237000101
29949406000105
30022765000193
30023054000133
30062984000104
30073047000146
30096005000120
30111018000121
30111945000141
30132602000163
30141061000130
30171880000120
30178614000129
30202731000180
30230164000176
30248556000162
30265152000187
30266390000107
30271243000125
30334568000100
30337184000140
30343294000115
30353762000132
30386949000132
30392439000178
30404754000178
30419093000154
30456416000180
30482165000108
30483386000109
30555174000181
26779435000170
30581254000101
27964787000168
30624315000170
29306884000199
30651928000105
30652783000159
30672623000171
30720268000169
29980403000126
30735689000163
30759106000134
30776427000147
30778947000199
30802065000111
30818193000153
30826871000120
30834537000118
30845974000137
30870514000169
30917644000100
30980631000185
30987054000153
31029406000120
31038379000152
31139812000146
31144759000171
31146265000126
31173662000197
31179605000115
31202995000105
31288312000176
31295692000176
31335636000118
31377027000121
31384323000150
31387089000114
31389759000131
31392369000110
27474889000103
31423407000155
31426829000184
31472617000133
31482603000109
31483111000120
31513660000108
31525014000152
31526914000114
31539761000140
31598960000129
31663393000147
31713686000191
31719555000111
31749710000142
31879809000169
29128574000121
31908724000161
31924428000154
31926867000104
31992836000143
31997155000178
32021238000190
32028246000168
32029875000102
32035551000187
32082002000163
32095976000181
32115514000189
32120239000191
32299718000117
32324045000108
32010153000106
32356734000102
32384280000175
28484163000106
32437839000188
32462295000104
32485800000136
32494054000147
32565130000168
32584228000162
32636654000100
32644150000124
32676119000175
32679970000151
32699763000169
32760671000147
32820527000159
32833361000105
32851135000157
32858786000179
32870215000150
32922109000172
32985690000171
33013803000130
33018927000108
33043633000136
33067721000178
33103906000190
33133542000191
33175965000174
33206706000163
33229077000197
33234692000191
33247846000180
33253955000100
33330748000101
33364587000177
33385661000131
33423892000192
33458467000139
33487342000137
33508858000110
33572693000146
33599723000108
33634611000140
27459695000120
29550853000189
33890547000169
33901623000194
33902307000137
33918550000143
33967344000123
33972832000129
33917354000154
33916653000174
34057228000130
34086206000106
34098850000196
34133573000105
34165170000148
34194599000163
34222032000153
34298200000194
34307326000188
34430693000174
34529444000130
34543441000151
34551174000164
34567168000103
34574742000142
34607999000153
34647975000128
34716582000129
34727580000135
34762447000110
34775988000182
34777323000108
34809006000126
34823954000116
34896223000109
34902443000190
34904426000191
34957634000159
34962194000128
34984983000160
34993013000120
35115702000103
32318708000181
35191116000130
35214945000190
35252621000147
35262544000106
35308776000158
35322786000148
35328367000113
35340461000198
35346936000153
35397709000157
35399712000100
35433040000101
35457457000104
35529879000148
35573834000170
35589962000102
35603840000123
35803820000104
35851941000113
28547620000245
35965795000157
35991045000150
36032403000160
36061245000176
36076141000135
36107470000104
36134720000197
36154017000140
36160088000156
36175721000180
36199766000194
36205175000182
36210600000121
36238852000169
36245804000106
36316360000144
36337568000140
36364246000190
36383373000136
36418423000173
36497134000107
36547804000152
36559621000157
36569006000121
36592527000108
36642004000110
36690855000139
36695980000131
36698084000126
36805889000121
36823824000109
36828448000145
36833385000115
36884133000115
36961477000180
36979822000103
37016617000105
37046104000147
37067861000105
37114003000166
37173212000180
37194870000159
37195528000173
37215025000112
37219141000100
37227269000115
37235865000147
37264509000151
37306477000100
37313768000125
37392449000152
37394718000110
37425221000111
37457612000118
37470418000172
37474118000161
37495451000157
37505288000166
37514219000119
37530993000113
37568538000107
37569960000187
37595702000175
37609027000196
37690192000115
37716709000106
37724619000159
37742224000189
37765320000142
37766653000196
37819717000170
37830051000150
35041776000134
32819774000135
33419009000190
36427252000149
37862022000170
37015893000159
37925254000120
37932281000120
37955139000107
37981469000169
38001015000147
38035508000106
38035829000100
38042531000110
30341020000197
38094453000105
38106614000125
38121944000190
38199029000117
38247000000163
38284952000157
38300334000153
38312072000147
38343167000128
38343859000176
38351132000130
38364902000180
38374018000126
38375530000197
38410993000142
38435799000111
38476144000191
38491150000118
38731889000150
38826477000101
39148691000100
39270266000190
39318439000100
28845046000120
35884858000140
39372110000110
39385615000119
39415086000159
35657467000193
39455108000104
39458464000181
39490470000116
39518650000169
39525338000100
39534087000112
39563471000143
39606839000103
39610826000108
39616177000152
39680990000191
39683851000111
39690154000198
39723714000163
39734588000142
39821872000156
32580445000346
39848876000128
39854735000118
39876039000102
39926922000160
39975581000112
39990082000102
40019396000133
40038460000123
40046942000125
38289810000182
40086356000104
40093393000140
22682168000671
22682168001210
39402379000100
27878540000129
40233426000100
40251516000123
40274874000151
40282961000150
40318101000120
40333666000186
40349634000179
40359425000106
40365227000155
40430146000191
40443547000186
40460152000191
40464649000188
40465409000106
40516669000155
26628253000106
40528559000103
40539375000149
40540959000134
40547470000194
40565766000138
40573781000128
40595249000101
40613363000117
40624687000150
40626037000144
40631068000193
40661267000144
40684542000145
40687112000187
40690659000131
40692965000107
40698704000102
40751843000144
40774848000192
40785967000140
40790968000183
40794327000105
40797761000130
40809016000164
37743196000386
40909291000150
31262352000149
40915626000142
40940188000172
40960485000180
40070969000234
40996291000134
29111013000110
41004530000195
41015103000102
41052590000183
11304591000298
41077380000140
33739634000110
27240707000121
41127496000146
41159230000185
41164124000190
41170755000111
41174420000171
41178280000100
40513701000149
41389972000105
41416661000180
41476533000121
41490743000174
41550499000198
41562051000194
41567774000186
41604114000128
34166898000194
41648240000184
41669454000137
41710775000138
41728415000163
41738895000143
41752475000111
41755791000147
41769776000158
41774501000102
41832695000155
41678958000113
41872836000163
41893289000100
41897803000178
41904788000148
41905541000146
34895603000110
34922113000166
35488135000122
36238163000154
26245716000142
39505493000157
30348828000104
30953719000108
31031191000182
41965539000162
41969891000176
41988757000112
42005040000176
42006594000198
04681834000241
42048871000125
42054119000197
27808928000153
42073712000180
42083452000124
42086057000103
42106208000130
42235177000117
42241440000180
42258778000145
42333050000130
42347224000114
42383966000103
42407011000130
42455777000190
42463108000160
42464000000192
38656616000198
42542474000105
42557375000105
42620141000157
42624294000172
42637518000180
28525759000379
42668172000188
42695556000190
42706513000162
42707178000117
42782663000155
42790874000130
42515103000134
34249043000127
42819465000119
42857908000166
42871125000137
42883308000172
42895046000166
42901726000145
42953318000137
42964787000151
42969096000140
43000186000191
43055519000180
43093924000192
43097449000122
43105518000100
43129941000132
43130243000157
43138105000114
43140236000136
43152514000175
43161476000117
43187199000111
43221574000100
43260398000108
43269773000180
43281995000119
43283620000198
43303315000110
43324483000192
43333341000191
43375429000176
43381238000117
43387037000127
34317976000104
43440545000121
43453151000108
21260248000242
43500548000103
43502872000160
43521390000158
43550858000132
43608848000100
43632402000111
43645732000141
43670143000113
43712477000102
43717374000135
43722657000175
43748076000102
43782620000132
43793410000140
43816019000113
41947653000160
37606981000125
39396383000102
27124022000110
40689970000160
43616520000136
40571388000103
28984940000181
38257480000143
40475160000101
36365175000140
35661751000133
34544349000106
40259755000120
43505061000113
36706012000183
41335869000174
28557961000110
32433884000164
27670733000190
27850425000146
34018878000176
32382206000110
30555036000100
36098524000104
32492152000145
40044152000100
32569405000131
34120443000138
32391298000102
39398196000150
30111778000139
27349579000159
34737132000112
43659087000116
26736252000177
28622418000150
28645004000146
30506822000100
30915081000110
31871508000199
32012956000108
39849794000106
43111297000175
36818170000125
43867401000156
43886239000113
43942941000157
43994550000186
43999633000168
44034953000146
44064122000117
44074365000136
44083432000189
44099650000101
44146290000151
44213883000193
44261635000118
44297342000190
44352650000171
44363876000178
44366288000198
44371751000190
44377686000100
44387251000146
19655226000310
44417220000190
44423431000136
44456284000109
44501343000105
44525587000128
44549257000172
44577722000189
43932675000181
44684873000136
44685476000189
44746085000127
44822597000125
44845528000137
44882094000145
44898312000130
44907016000158
44944606000150
44955718000107
44983824000102
44989171000160
45010620000140
45034497000105
44437452000100
45073458000109
45119760000150
45166579000103
45231455000156
45256462000102
45275900000180
45290227000157
03861474001350
45319463000159
45330473000195
45389105000112
45404664000154
45423842000194
45434591000143
45514696000102
45553413000131
45581132000192
45588037000110
45623621000160
45657040000149
45672646000153
44003321000115
45698125000175
45714274000180
45728449000109
45747580000113
45752530000124
45844820000106
45862538000143
45905637000165
45953382000106
46005659000131
46028950000125
46078421000136
46089582000125
46109150000139
46115381000155
46118228000181
46148115000129
46150251000153
46168781000129
46175431000190
46180397000141
46226364000195
46245636000102
45733837000188
46252817000158
46274299000173
46336546000119
46343884000188
46423105000154
46430103000192
46441686000157
46487304000126
46492175000164
46498350000120
46520057000112
46525513000117
46572815000146
46661072000180
46688101000106
46701958000100
46709159000180
46713304000105
46716134000104
46744369000100
46749429000187
46794246000183
46812746000109
46834074000124
46861283000167
11838642000695
11838642000857
46951897000130
46998329000194
47019758000135
47048678000108
13543463000222
47070488000197
47077745000112
22682168002291
47099831000126
47132872000177
47138662000196
47154391000162
47161304000102
47187093000179
47191881000139
47225670000170
47256781000143
47258518000193
11838642001233
47302865000176
47310738000119
47314777000194
47319410000163
47375568000150
47405934000177
47447334000171
47449837000186
47461015000110
47490152000183
47532671000167
47541761000114
47550019000175
47561997000112
47565566000124
47589418000140
47647881000109
47693902000114
47735728000125
47747160000162
47764330000117
47770147000124
47788230000120
47803552000100
47804677000146
47834026000107
17898254000333
47894321000140
47919076000189
47934982000152
47722452000140
47951342000150
47995720000106
48046992000114
48064319000107
48081163000172
48115293000189
48145752000177
48156479000186
48189720000173
48219263000112
48239599000147
48243832000165
48260181000111
48260333000186
48261518000105
48354198000138
48363272000182
48392213000132
48424650000190
48473634000198
48485738000112
48520416000167
48522070000136
48581135000114
48625959000149
48649324000181
48673193000178
48745575000160
48794133000103
48802901000123
48809605000154
48814165000123
48863205000127
48880411000145
48884708000189
48891397000185
48901660000170
48917147000177
48923246000161
47260423000104
48964082000110
44751376000103
49065514000114
49078000000101
49088084000156
49185940000191
49188369000169
49223526000120
49229637000143
49318368000191
49323571000156
49324090000165
49333240000105
49339991000120
49372800000122
49409020000100
49497462000155
49521451000163
49554219000121
49564740000140
49591550000111
49600332000104
46698740000144
49624309000141
49630319000190
49646948000108
49663093000123
49674828000114
47494880000163
49726412000100
49742187000198
49747425000158
49747445000129
49780735000174
41881922000213
49810588000138
49815832000155
49818918000131
49844823000192
49860389000134
49923222000175
49934658000160
49947729000169
49965647000147
49971962000187
49982992000199
49992743000184
50001425000193
50015409000150
50027693000184
50054920000160
50058649000131
50066906000187
50068070000150
50068092000110
50077934000108
50143090000148
50151656000183
50164864000117
50187663000135
50192184000107
50221389000173
50233430000121
50256845000110
50266489000116
50279936000171
50328625000155
50330111000134
50358891000120
50371068000155
50402378000190
50415938000140
50452305000102
50471799000172
50482712000162
50485417000160
50518169000106
50523327000116
50544783000142
50569869000120
50590994000111
50624983000105
50660643000130
50689028000156
50689996000162
50697878000104
50705146000100
50766560000120
50769053000140
50797775000108
50876070000186
50912946000100
50930827000172
50932697000107
50946242000140
50953502000105
51001183000109
51015534000122
51020567000160
51039844000187
51190316000124
51214987000188
51236189000157
51274083000148
51308754000144
51323546000114
51432365000126
51490853000190
51513183000180
51536825000166
51538720000146
46422478000100
51584007000139
51620944000100
51685340000134
50352295000133
51712077000125
51718936000193
51787530000162
51835380000115
51844329000170
51849152000102
40459468000244
51872921000185
51895616000109
51939451000120
51948690000146
51971300000159
52039919000192
52048542000138
52089767000132
52093133000153
52110589000184
47019366000176
52128169000125
52134523000124
52199958000157
52235450000167
52366678000196
52401138000104
52531599000193
52539304000125
43851628000294
52579264000145
52600912000106
52619518000101
52663623000148
52682857000132
52752967000123
52820075000112
52853118000166
52878617000108
52921197000103
26598915000215
52974610000190
53097132000140
53139969000104
53179504000187
53196256000182
53196391000128
53201255000189
53248446000104
53261615000138
53293457000106
53359209000102
53382316000151
53388301000109
53418097000113
53431582000127
53438253000108
53438973000173
53439418000166
53042213000142
53453201000100
53593511000120
53607878000156
53622307000190
53630285000100
53670759000148
53699601000109
53713177000100
53753140000105
53756492000106
53764654000158
53789969000150
53862142000124
53863103000141
53876925000167
53939326000145
53971333000124
53986569000134
54014589000106
54032646000180
54063032000165
54073639000126
54078577000145
53752496000205
54180707000156
54183630000178
54188376000109
54197813000142
54219195000194
54243288000154
54276129000156
54283530000113
54294477000156
54385412000116
54402194000180
54415194000115
54449537000162
54452154000143
54488682000152
54496590000114
54566490000117
54579846000157
54683915000178
54688345000109
54700611000171
54701308000193
54705745000185
54749017000175
47600045000160
54789422000117
54799482000110
54801610000113
54825990000126
54833625000163
54847802000160
54960096000169
54965536000170
54983610000181
55028201000199
55041715000184
55053344000150
55083662000164
55085379000171
55093310000190
55107232000135
55112517000164
55119755000100
55133702000135
55156071000170
55171435000190
55184090000100
55254575000122
55255018000126
55278122000136
55284969000123
55296312000186
55330746000155
55377987000150
55383075000190
55385191000149
55402620000149
55404526000129
55437385000140
55456533000174
55471880000176
55491436000112
55499142000137
55500685000127
55519179000180
55528010000196
55529591000180
19106317000216
55591287000163
55634367000159
55703275000183
55728154000196
55744587000135
55772996000145
55789718000109
55843060000168
55848866000149
55895975000117
55912163000132
55913056000129
55993419000183
56006420000130
56036305000108
56089719000103
31958701000242
56114128000130
56117749000178
56194042000165
56210811000171
56212404000101
21143026000240
56265452000150
56323729000153
56365648000116
56386530000174
56392082000111
56605358000100
56608803000188
56637933000149
56688866000191
56896953000134
56912669000104
56915402000170
56935363000173
54028153000176
56979097000180
56984475000114
56990961000145
57004808000164
55099827000609
57061336000181
57063247000174
57150768000169
57223106000171
57224650000138
57236863000180
57237139000170
57260098000133
57309606000120
57356646000123
57364811000199
57368261000186
57370154000192
57438700000180
57445473000110
57453913000180
57457928000117
57472310000126
57473664000195
57554691000192
57624312000193
57675653000198
57679643000120
57712972000126
57749357000194
57779691000190
57804626000178
57817644000194
57845268000141
57903655000197
57997963000129
58002782000188
58025460000154
58063623000193
58118841000188
58184758000107
58212474000187
58230286000181
58240537000109
58275889000108
58291560000122
58302675000175
58306654000128
50042320000182
58359842000114
58366224000100
58444310000185
58534229000196
58557876000113
58588358000167
58593876000179
46902985000141
58639312000120
58654552000101
58687340000112
58693221000172
58710919000159
58715527000182
58762746000112
58775308000199
58787226000164
03423049000226
58863534000121
58866932000100
58879571000128
58910503000184
58927921000184
58935619000178
58956182000159
58973002000147
58981041000196
59008848000100
59037724000152
59041469000111
59077417000103
59077829000135
59115282000115
59116552000102
59118139000187
59211143000195
59227291000106
59247609000102
59264160000190
59278454000171
59316155000184
59320718000108
59322344000160
59413855000197
59486891000180
59499518000164
59502749000180
59513029000110
28358345000211
59532563000173
59598568000107
59653264000197
59664372000165
59719621000172
59730141000102
59738173000154
59756116000106
59772521000100
59785738000154
59811192000169
59819002000150
59831029000168
55438941000101
59843281000197
59884362000135
59890190000102
59890909000105
59901920000123
45764648000172
59958176000101
59972476000137
57751088000109
60005603000108
59422016000135
60065744000116
60078608000160
60103004000127
60111430000102
60121249000187
60143205000158
60166682000139
60175389000138
60184184000119
60190127000142
60227129000169
60254930000101
60319447000150
60321579000116
60322438000118
60374213000105
53041234000143
60438458000159
57689962000206
60466225000160
60500723000181
60515320000106
60516685000155
60544333000103
60593002000163
60614152000106
60634064000176
60695704000158
60699467000101
60705287000187
60766439000151
60784181000116
60796393000113
60803966000199
60819306000104
58774750000109
60886502000193
60907662000171
34044955000243
60930818000135
60943407000184
60949993000174
60956861000170
60875498000168
60967553000140
61028132000116
61054736000137
61056737000110
61057563000100
61062088000160
61066287000147
61075938000165
61114787000107
61135823000119
61205984000131
61229113000158
61269899000137
61303108000148
61314392000158
54456766000104
61329941000168
61354646000161
61358873000165
61364585000113
61378049000177
61386227000101
61403312000130
61430934000158
61433351000180
61481425000154
61491236000162
61499441000174
61503324000137
61504028000150
61511782000118
61517329000119
61527302000107
61563454000165
61568097000128
61639234000178
61643632000168
61644396000102
61650100000158
61674223000129
61683163000100
61684232000109
61695619000152
61696299000155
45330603000190
61707695000130
61727702000166
61753252000186
61761914000160
61767773000192
61778897000173
61878312000197
61886265000123
52152902000228
61912716000150
50722257000125
61937525000142
43942376000128
53444211000180
47785072000155
57258186000109
61733815000174
54125006000114
61272577000147
55953840000160
61270407000123
61826747000198
55770526000142
33706533000223
50121602000175
50689841000126
54872223000178
59211098000179
56106068000295
61043326000190
58039455000109
59521176000131
55777227000130
45752080000170
49052712000143
50660244000179
39318439000283
61971738000190
62062275000107
62091770000144
62093651000120
62113962000104
62132091000176
62153359000156
62158342000191
62166071000116
62179919000141
62187353000108
62210936000102
46057902000408
62302438000181
62314701000152
62338582000178
62361683000160
62369372000147
62377017000110
62381370000173
62428002000133
62501553000185
62501818000145
62544387000102
62563448000170
62577880000110
55099827001400
62615890000101
62624558000103
62625877000125
62665910000140
62703126000180
62720378000117
62740158000155
62745514000123
62815366000176
62826308000148
62872548000189
62874163000150
62884573000182
42385050000265
62902277000167
62914256000161
62985045000110
63075821000107
63076265000193
63104639000137
63120486000111
63121764000155
52005314000261
63135409000135
63144983000150
63170718000146
63197287000101
63211493000129
52391522000246
63224541000113
14467633000380
63244251000131
63266075000139
63268526000177
63283001000100
63051613000178
63313587000109
63326689000169
63327627000171
63334464000154
11295297000348
63392463000166
63421875000187
63459370000101
63471526000170
63476640000192
63484351000135
63528420000165
63531200000190
63550994000130
63563633000128
63572735000100
63634420000140
63661254000170
63667470000123
63696213000110
63705978000179
63719690000153
63752322000107
63763041000150
63780362000162
63804601000177
62934242000100
63838421000106
62185253000134
63935318000184
63951235000189
63952314000104
62377823000279
63993066000140
64001505000153
64004513000153
64011652000104
64039725000176
64055438000150
64060706000121
64112330000151
64140963000173
64158927000137
64214318000158
64291673000120
64295426000100
64346656000143
64374138000133
64375055000169
64422878000106
64442859000133
64448465000192
64456837000122
64459082000110
64466199000120
64466426000118
64471748000155
64491799000149
64509377000153
64531614000182
64543524000101
64555047000102
64577825000156
64592156000191
64621392000199
64629177000134
64658563000154
64686291000104
64731499000190
64745514000159
64758536000153
64781901000140
64801564000106
64811634000107
64850651000153
64909990000168
64943421000139
64943816000131
64946996000105
64954515000103
65008497000130
64200261000138
65020917000101
65021856000199
65038848000155
65046539000127
31833847000261
65076785000121
65077093000106
65090724000119
65091499000135
65093409000145
65103303000185
65135638000185
65150375000183
65167152000129
65170734000164
65205665000187
65268770000165
65270281000148
65277160000128
65299668000127
65354344000144
65369714000117
65381247000140
65421832000127
65433438000109
65438398000198
65451421000184
65460079000189
65480699000180
65481677000134
65511615000128
65538859000102
65576020000150
64230374000186
65662087000108
65662384000153
11295297000429
65677995000175
65710282000166
65711045000110
65719636000133
65743863000102
43172425000271
65769065000141
65782340000167
65800365000146
65905738000143
65905946000142
63744466000111
22018924000239
65936281000134
65946713000198
65958823000170
07744094000233
65981759000148
66007820000113
66007896000149
66011649000116
66023454000196
66046708000191
66051226000120
66054159000105
66063716000146
66099008000165
66112039000109
66135568000128
66160944000134
66195109000130
66203309000197
66205610000130
66219185000138
66228036000135
66233991000160
66256410000106
66259012000143
66298349000160
66321287000160
66328859000132
66315022000159
66366393000160
66445199000170
66486065000105
66494011000183
54050830000314
66501587000120
66514840000180
66524983000173
66525263000122
66584432000103
66616243000167
66629097000104
66636893000174
66639770000197
66641962000138
66642586000104
66648421000131
66649816000159
66670679000134
66677310000153
01667626000119
01685248000104
04994128000179
05000401000165
01709023000132
00081583000122
03363331000184
05025921000122
05032433000142
93443315000194
00108623000182
03395962000185
01749587000107
93689628000127
05089830000150
05093598000124
05096700000145
00159782000106
05101371000183
00164680000189
00167072000128
05113519000108
01809370000137
00202102000190
03498097000100
03503873000105
00217814000182
05166601000192
03508418000100
03521932000178
05200774000180
03545070000113
95022653000188
00259706000172
03561760000166
95202602000138
00277178000184
05243895000109
03587434000128
03618083000175
96656616000194
03670538000100
01993876000149
00385608000181
05365925000150
00398801000157
05370368000165
05375749000137
03712587000150
00414109000175
00417630000166
00447302000102
03772702000181
00483789000189
03803933000105
03816069000186
03819382000178
02136201000146
03849790000172
03858756000164
00560183000108
00560230000105
05530358000140
02193504000109
05543219000150
05552601000120
03901308000104
05574123000150
05587148000198
02500242000250
05596260000195
00625845000172
02248197000108
03944224000140
03950302000119
00635446000192
00641413000155
03957535000143
05620373000189
03961671000107
00653850000199
00654672000110
02284036000170
03994937000118
05684611000110
04038857000151
00733647000122
00741575000165
04074510000164
00761246000186
05758762000175
00787902000110
00800222000199
02427329000169
00815461000112
04163631000182
05828092000116
00835721000111
05854654000104
00862659000157
05871282000116
04215845000155
02518752000174
02529969000180
05907850000191
00930628000196
02562546000161
04288924000196
05964385000120
05970933000125
06004857000166
00994564000197
04373020000169
04397933000115
04435297000179
06118541000103
73112419000109
06148545000126
73150740000188
01112391000107
55380653000135
17656596000185
73267379000174
01129195000137
55582985000100
01133344000131
06649550000112
35659325000165
06185346000198
06191539000151
06192998000150
02786443000185
01173788000109
73925380000149
73976938000115
04567010000164
36317881000116
06244675000162
06251438000129
06734769000110
74221391000100
02836867000107
36787125000150
56603699000139
06281090000112
37092095000120
06800999000130
19869247000177
01274774000173
20229266000118
20356838000120
04698680000110
20507596000128
02962395000139
01348377000107
02972811000180
02972927000119
38846994000134
06927050000103
04761510000132
39000278000102
39008487000194
76956986000130
03031474000199
04815840000163
06533842000195
07006543000165
07008809000109
04839685000115
01436432000102
03061916000140
04840836000155
22034649000166
01455574000117
03086326000171
22108062000154
59374546000155
07064566000126
59523027000101
78213089000161
04917667000104
03138893000124
22633242000155
01521915000105
07117633000123
07128289000178
41398785000180
03172243000103
60191038000110
78818895000163
41638800000110
60325131000170
03204386000141
01573191000143
60490919000132
07196747000106
79334744000100
07215865000114
07221900000108
79696811000129
03273848000182
03278380000119
43193192000102
07274717000170
80230972000101
43740398000105
07303578000166
62077177000143
07327488000105
80859895000153
07342708000170
07651557000131
63277743000123
63485932000191
26834275000114
09162744000187
27247618000107
09255803000161
83336479000169
48095814000183
84498237000134
65580102000179
84810647000179
65877961000124
10591188000143
28879187000164
28933968000190
66118456000169
86600822000129
66757204000180
29771201000174
11689676000150
11796455000181
86831500000190
87268389000139
87431110000196
12599981000114
12669511000180
67876862000153
68214295000132
68913284000140
32130288000105
32491524000119
14785257000100
02466262000171
69913218000133
32872848000105
70393467000124
33275124000139
15602303000151
71509368000128
33797648000190
33798232000196
33928839000143
16103319000182
91274084000107
71904189000195
54566195000160
72354483000133
92202233000195
35034701000126
72820509000191
07451548000105
07477252000155
07486005000115
07582932000139
07600050000159
07606537000149
04377965000159
07629055000104
60520533000126
07684782000174
07693637000150
07712034000158
07726676000106
07754216000191
07850470000193
07857000000151
07905496000191
07960806000170
07978721000110
08078322000165
08111384000121
05859014000189
07857864000173
04875980000127
05030749000103
03604612000181
01002697000100
02659644000111
26294686000164
33946716000135
07805585000166
01800397000169
08108464000128
03458860000161
03727810000132
02279582000112
02912037000111
24143513000110
00114318000101
00263391000137
03601020000106
00408547000120
05406111000116
05478440000172
03916010000160
05726298000135
02590462000131
36148708000131
06261757000115
19571264000123
06349282000113
01398498000155
28415495000139
65980195000129
86911757000152
31053341000159
88821988000109
35033315000110
35036300000105
07744094000152
08004527000104
00902839000115
08017922000113
00476818000185
05863624000156
05956551000147
07126953000140
88806732000114
16374795000138
87447892000151
05481603000176
01939222000137
04955147000196
01724471000105
03584535000145
05440202000178
00511800000177
00732507000130
04107836000140
05840968000140
12669511000260
00907913000196
06080522000127
02801755000110
01252291000178
01269548000102
06871437000187
70166392000220
21858675000146
07170263000198
01571088000164
86490992000106
30914444000101
53523585000190
33814781000107
16878118000157
08041629000191
07522498000100
58212044000165
12082152000160
04134112000196
00336874000114
05816304000145
94347606000141
02542018000140
81512501000159
09626987000129
01101742000176
05137035000190
69067411000109
00879905000183
03489413000170
03206837000180
07320490000152
01465038000100
33217837000146
06345958000109
07211732000170
68174176000101
07476782000189
08197218000190
08257165000155
08264464000117
08271267000125
08283348000145
08309156000160
08311820000106
08413076000150
08474422000100
08487770000112
08508568000120
08534279000103
08548127000151
08619233000189
08653892000131
08726451000112
08727204000130
08742539000128
08819498000120
08868677000158
08910066000120
08911444000190
08763889000170
08921766000110
09030452000190
09054648000115
09105517000110
09126423000127
09139150000155
09149872000190
09258607000140
09319850000121
08750660000100
09331775000114
09349984000195
09413268000120
09448942000101
09453897000183
09553440000140
09675606000100
20252069000110
10318347000130
10356273000127
10376304000101
10380121000160
06372092000206
10156854000115
10235186000111
10475158000171
10501532000166
10514231000177
10526110000145
08174234000167
10564483000100
10628805000138
10713780000170
10733727000131
10782088000102
10787157000162
20286157000132
10841463000130
10862315000100
10874614000156
11013595000136
11140007000125
11155922000194
20297418000110
11214928000195
11238929000170
11259676000110
11291921000177
11348139000147
11367517000130
11414832000170
08698428000242
11472713000174
11483449000174
11503550000140
11538332000140
11555206000102
11596518000156
11611276000122
11619594000130
11652461000165
11656008000127
11670717000167
20313515000159
11705077000183
11722559000141
11745549000121
11763260000135
11718454000119
11786721000195
11832583000133
11840968000142
11857548000179
11868138000123
11871012000108
11874367000150
20319733000109
11897688000170
11925736000197
11987472000104
12001450000188
12035439000139
12037288000158
12050460000103
12051667000100
12133506000158
12144212000121
20222424000370
12197631000121
12208233000163
12229195000125
12247476000100
12251319000179
12285001000109
12286075000160
12305795000125
12313758000169
12332682000119
12342694000124
11523649000103
12399480000194
12399972000180
12446707000105
12448921000109
12465187000188
12476864000163
12480028000152
12503003000127
12503380000166
12510985000184
12538590000190
12548153000157
12582761000188
12596883000123
12634575000145
12637746000190
12652068000134
12655685000193
12666927000144
12673988000139
12690410000190
12729585000164
12734775000170
12740900000154
12746683000100
12751417000175
12668956000145
12859169000180
12881863000102
12901299000134
12905752000180
12922897000190
04588474000319
12963825000190
12992663000119
13025913000104
13131184000170
13136377000114
08155018000174
13162028000177
13180388000100
13187860000128
13215205000136
13215218000105
13240883000159
13286135000107
20368752000117
13391761000163
13423232000102
13430664000132
13444186000110
13447483000119
13457997000155
13555368000168
13585376000157
13642085000153
13651761000155
13662023000103
13675115000128
13696801000185
13718278000140
12979071000167
13793071000130
13794778000161
13799219000144
13824939000112
13884508000141
13937835000114
20388619000122
13961199000166
13989098000101
13995323000104
14087808000162
14091299000141
14091930000102
14113373000183
14140501000188
14142724000184
20397607000164
14239820000145
14240885000100
14243797000162
14298678000107
14306601000131
14327155000141
14338940000108
14354824000174
14417054000161
14447950000173
14552510000186
14554051000170
14588498000160
14596683000104
14624664000136
00471476000291
14669768000167
12845643000115
14681318000190
14709953000138
14731492000108
14743294000156
14745349000167
14754161000185
14786303000196
14801828000153
14837936000186
14897233000143
20421322000111
14941068000180
14950517000156
14962320000137
14975059000100
15043711000110
15072062000186
15175884000192
15176903000103
15184009000177
20429823000144
15259405000116
15380654000165
15390108000105
15396131000107
08511952000181
09316930000123
09503983000153
09605699000198
10202003000161
10676151000118
10843306000163
11727557000145
11737125000115
11818512000186
11828161000194
11944891000150
12013782000182
12029101000174
12330356000172
12716121000113
12880158000182
12944611000177
13177938000123
13573908000136
13825076000106
13848113000193
97536850000140
13998002000163
14006434000103
14293163000114
14499003000126
14843861000146
15132470000186
15446868000197
15451401000135
15456229000102
15534676000132
15612087000125
15617033000152
15653980000107
14877615000105
15698326000101
15705306000110
15721485000180
15724217000111
15752662000195
15788070000123
15809002000101
16443923000158
16600940000151
16700881000193
10711284000188
16718593000166
15043138000226
10338235000141
08332995000108
16788712000157
16819967000130
16851228000125
16884201000139
16934187000130
16943644000153
16977528000155
17007673000176
17029214000193
17102124000180
17180355000102
17206841000152
17239388000180
17266934000172
17274576000140
15241970000156
17346386000190
13118839000170
11793797000148
17498350000122
17500681000150
17507935000161
14813926000100
14738851000140
12257728000182
17589497000128
13249276000150
14998634000190
17624154000157
17644343000191
17661746000149
17671589000152
17692099000132
17711290000184
17743908000198
17794574000181
17868459000104
17878678000174
17961800000171
16714642000192
18032806000127
18051737000107
18070696000198
18076280000187
18088208000170
18146192000104
18167397000176
18237667000178
08655598000169
08861757000181
09614566000188
10361010000106
10393864000174
10396738000173
10741091000170
11497951000134
11926663000158
12596448000107
13660228000150
13760700000126
14115967000123
15740143000107
17044901000188
17154114000199
18368329000175
18435650000125
18459949000110
18631763000104
18644324000128
18644630000164
18692289000112
18715795000180
18734639000166
18737666000192
18760002000144
18764867000189
18817292000115
18869480000197
18907769000153
18939992000182
12994979000140
19005924000109
19038898000115
19106317000135
19134000000102
08278906000184
04452903000245
19214486000199
19222523000100
19238606000198
19280639000104
19320199000163
19331849000176
12333678000175
12902387000150
19575045000112
19603567000180
19645904000100
19662836000180
19666042000194
19756621000128
19830849000110
19864246000130
19884187000161
19903602000187
19914900000172
19950160000120
19972767000100
15043154000138
20069121000105
20134069000115
20167976000160
20184210000194
20191767000152
20194348000174
20214582000116
20536521000175
20587208000166
20716881000159
20740546000196
20778088000184
20808262000194
20810756000103
20849569000133
20857618000180
20863693000153
20940745000148
20968694000162
21034100000109
21034372000109
21046017000150
21070812000183
21086099000166
21175886000184
21194813000130
21220084000149
21260248000161
21261712000134
21273019000181
21282656000114
21296664000110
21300062000199
21300420000163
21325848000160
21330686000159
21366359000157
21374767000150
21384970000108
21431826000185
21519843000179
21550221000103
21557183000110
21662331000167
21676029000168
21688275000130
21690050000118
21699451000139
21714864000145
21756287000154
21757131000198
21824366000155
21948568000109
21953795000122
21967881000194
22007589000192
22028601000145
22078861000125
22081015000164
22083449000101
22092388000130
22093340000147
22120922000175
22127456000150
22150946000177
22160389000175
22172777000176
22230425000120
22234668000136
22286922000140
22302480000188
22347006000172
22348001000164
22369509000149
22445101000109
22553356000195
22570597000142
22576129000185
22601696000144
22606275000106
22688499000104
22696838000102
22747390000109
22791411000185
22796022000142
22813502000174
22821934000127
22872765000154
22875430000190
22879192000190
02139768000257
22998415000139
23084757000106
11540220000124
23108969000186
23114628000113
23173738000156
23181972000125
23193694000126
23202028000107
23217347000196
23239096000140
23281267000108
23297421000121
23306528000199
23311778000117
23344684000144
23369961000173
23411832000104
23463567000108
23477272000182
23492156000132
23542738000186
23588256000167
23610374000124
23617911000168
23621771000100
23651129000165
23695488000114
23699578000183
23740144000180
23752471000151
23819099000153
23863465000171
23865068000139
23889035000129
23929025000170
23947413000183
23950933000145
23969055000100
24028361000104
24033857000176
24103362000176
24106249000144
24124822000142
24198849000180
24215104000181
24219519000123
24248019000110
24300273000110
24304999000120
24310506000165
24324104000110
24324468000108
24396744000135
24409220000131
24418703000100
24431549000107
24500223000186
24511737000137
24531158000156
24571191000100
24625608000170
24669414000176
24672114000146
16808262000117
24688104000107
24699979000104
24706019000116
24737161000120
24739001000110
22151786000180
24772987000120
24827846000168
24871662000103
24874748000181
24936632000120
24943780000171
24954915000102
19763733000106
24978064000120
24982366000171
25008739000170
25017141000148
25037567000163
25107875000118
25139986000106
25212344000195
25216999000131
25223457000196
25239309000160
25291798000107
15386521000104
25321512000180
25356614000131
25421497000142
25422990000187
12025784000191
17140171000119
23002217000136
13169975000190
18064677000159
23692216000160
15247311000127
17249077000100
11091797000104
09447341000184
09069560000177
16626268000173
14490324000160
22042319000112
24911540000195
09098092000169
10968221000101
11326241000141
20430953000105
22980808000115
11744724000166
10220329000111
22225314000125
22806588000108
12118764000165
17203048000108
24241943000174
17822029000151
15064516000177
13817789000110
11638341000103
20027433000148
25368694000145
23182240000150
12566846000172
12397332000130
18204287000137
12674638000197
08208677000121
20429120000116
22223414000112
11810067000108
25315794000103
16510184000170
11992239000101
23357500000180
11852034000120
11797390000199
13510422000159
19279035000130
24452798000170
25381077000180
15546762000165
23831752000108
13071767000153
15074711000188
20461085000112
17567035000100
12070655000115
17016357000160
23479277000144
18454377000186
22495696000107
18365186000148
16768821000102
08741518000198
24934230000196
10767489000185
18288432000105
23907266000118
11917048000185
11138017000126
21669615000185
21416043000122
15830788000130
16104269000158
22048192000149
11803567000112
15010304000107
10306601000180
18431263000110
23071294000148
11688599000114
09389953000168
08778818000141
17860825000189
17667432000153
15134881000100
10276890000112
11780537000138
22021248000171
18519403000107
19887875000185
14783502000140
10487065000167
16591771000130
13299685000160
09814607000180
11033571000149
14736585000117
17506383000177
22221518000198
24683556000198
14738589000134
09157402000179
22662903000170
23025957000279
12665421000110
17182398000127
25957329000176
26044939000141
26091135000101
26096617000146
26117279000181
26162999000169
26199179000141
26199373000127
26273451000196
26305525000129
26328994000163
26342117000147
26356538000127
26375859000179
26393820000184
26444880000189
26474565000102
26510033000175
26511388000189
26518186000169
26598915000134
26600578000172
26630510000136
26646051000189
26652805000103
26671095000169
26705536000104
26807521000149
26809904000156
26889324000116
26925482000184
26993461000104
27024021000101
27032825000144
27036298000146
27037056000177
27063617000102
27086687000186
27148092000108
27162308000190
21824366000236
27201850000104
27207548000163
27211299000180
27219941000177
27225346000144
27236999000129
27238100000107
27290338000181
27290569000195
27294459000100
27348587000180
27396731000154
27439026000197
27554133000166
27565243000123
27589010000160
27627600000130
27670627000106
27718957000124
27728311000128
27787489000140
27798869000180
27822842000185
27788887000180
27834577000155
27841033000110
27899463000193
27933412000130
27935475000126
27968481000180
27977708000153
27985907000103
28016500000130
28017049000176
28017175000120
28023045000109
28036463000122
28057657000104
28076963000198
28081996000126
28130707000131
28145412000139
28225238000134
28345570000132
28267267000169
28361211000179
28362870000120
28402118000165
28469808000131
28508242000100
28575112000190
28598527000189
28623898000173
28638239000100
28639923000107
28647562000140
28672763000106
28674338000148
28710477000180
28717431000192
28726382000154
28896362000121
28899971000134
28965311000104
28984358000115
29008386000160
29064951000106
29068154000105
29071378000168
29107340000106
29113779000133
29115671000180
29131947000113
29156481000100
29164088000169
29164284000133
29196690000188
29221596000131
24827846000249
28984088000142
29319981000116
29369859000154
29395515000110
29397317000195
29446262000166
29451075000170
29455612000150
29460403000103
29503512000152
29530750000157
29551159000186
29551485000193
29552461000159
29564811000105
29636317000109
29661443000105
29678022000197
29698319000114
29701654000124
29702852000102
29704678000137
29709058000190
29722930000130
29729184000107
29745665000106
27547779000116
29792057000152
29865369000149
29930386000112
29982754000176
30077354000103
30126417000166
30130822000158
30160916000170
30162241000106
30182113000116
30203088000100
30254014000100
30255068000182
30301773000179
30349986000170
30394441000186
30454519000100
30464098000107
30487781000151
30520293000107
30530591000170
30595468000137
30615908000170
30652591000142
30713718000196
30754806000136
30769591000127
30824241000116
30711432000171
30874388000110
30896217000192
30912165000109
30966284000136
30968451000188
30973354000183
30990409000163
31015066000189
31031625000144
31032174000160
29150488000115
31137898000178
31152308000186
31162227000167
31171727000165
31229771000189
31275238000153
31277363000100
31318878000101
31331581000178
30481578000178
31411658000110
31416006000178
31432357000172
31440041000122
31452641000100
31476537000156
31527969000149
31541532000160
31590720000188
31622930000100
31662215000100
31683322000106
31697680000178
31733263000133
31769271000130
31776850000100
31798124000198
31859014000199
31863909000105
31866372000129
31879108000120
31900445000151
31910655000120
31966686000101
31972393000129
32012797000133
32022367000100
32088084000153
32120871000135
32307583000194
32324792000146
32359497000125
32376664000146
32430499000163
32460893000144
32486726000172
32497378000139
32529777000134
32532143000130
32604261000107
32606359000101
32632688000119
32669672000180
32678011000111
19800938000203
32686361000120
32720736000120
27396491000198
32737483000106
32769665000150
32786796000146
32799461000162
32811297000161
32928544000104
32930143000199
32937565000196
32961397000174
32986362000190
33010432000132
33021735000150
33028999000136
33109850000181
33171881000162
33172449000196
33182608000133
33192283000170
33194620000168
33209505000110
33234465000166
33291243000185
33334429000174
33339762000176
33349230000110
33350496000182
33420047000163
33425700000187
33480718000181
33579522000149
33590353000148
33618710000139
33634613000130
33634499000148
27022610000142
27232596000101
33663602000188
31183461000170
33359604000188
33685193000110
33706533000142
33710154000126
33781932000178
33859966000138
33889732000133
33918042000165
33937127000190
05700483000584
34051640000142
33872070000199
34140074000145
34157736000190
34218664000143
34249033000191
34266177000156
34297844000168
34300172000100
34317241000180
34328305000149
34378451000189
34402911000167
34455521000155
34508188000103
34544354000119
29571572000102
34596912000190
34711890000161
34716954000117
34780615000108
34794637000119
34861945000110
34989195000166
35060919000155
35074101000191
35076981000135
35105928000115
35156893000143
35187391000180
35227097000154
35274809000196
35302159000145
35304876000106
29388921000155
35420060000148
35423514000134
06140969000225
35449664000117
35467304000148
35486548000178
35495261000104
35499361000109
35574021000103
35574535000150
35585572000164
35600677000145
35607166000155
35687501000172
35688616000181
35739403000131
35739441000194
35770491000134
35800983000125
35885944000178
35938626000128
35998894000135
36041758000115
36045848000184
36058828000148
36078337000169
36092835000166
36141465000100
36154799000118
36171183000155
36213739000129
36230168000130
36239907000155
36246489000123
36310144000191
26156683000245
36322903000136
36374348000196
36389715000125
35705891000166
36403767000109
36404094000101
30749372000186
36529211000163
36541790000160
36571474000130
36572273000158
36605519000140
36647504000145
36650080000178
36666950000105
36671847000145
36691495000190
36758133000179
36891274000165
33020638000143
36922671000157
36944329000158
36955107000130
36959184000169
36961018000105
36974651000120
36994842000153
37000265000108
37024027000124
37054045000159
37092513000180
37136630000106
37152820000109
32003277000164
37177760000189
37210575000149
37211962000108
37227549000123
37249918000189
37333791000181
37358760000185
37380826000133
37412626000115
37429717000163
37431949000156
37432340000100
37477462000104
37500538000175
37507925000133
37535213000128
37538636000100
37540907000153
37622908000147
37627265000124
37669556000185
14095649000229
37729574000105
37802350000181
37807182000117
37818227000159
37818968000130
37826497000101
37846324000155
37352347000103
26760067000118
37862274000108
37735662000110
37878863000176
37925327000184
37962234000120
37964609000190
37987085000153
37996908000107
38007668000133
33606057000198
38089444000118
38090763000143
38122864000159
38184139000105
05964385000201
28172100000114
38240513000142
38242619000185
38256485000151
38262501000119
38328956000190
38342437000186
38358721000140
38366199000149
38422426000106
38444685000138
38529804000155
38542369000107
38574488000133
38626419000126
38654344000197
38656115000101
63241368000242
38830349000123
30514272000170
39230616000194
39252320000174
39310771000110
39326124000105
39344837000193
39354092000143
39366107000193
39451816000177
39454428000140
39468625000118
39521595000166
39522000000197
39581902000102
39623757000177
39692955000192
39705727000100
39761751000166
39794855000177
39796889000109
39830386000102
36444414000157
39862987000199
39904905000121
39937696000112
40065957000130
40079405000181
22682168001309
40195418000116
40207056000136
40211711000120
40281223000199
40300490000166
40322662000100
40346936000193
40352384000126
30602225000189
40411971000149
40431155000105
40446983000109
37441885000255
40456546000176
40462238000153
40484402000123
40511802000180
40511873000183
40512763000136
40550270000190
40569164000159
31261197000146
40580484000100
40624655000155
40643938000144
40687745000195
40743798000186
40762753000159
40786049000136
40790835000107
40804516000103
39233335000195
40856010000148
40864648000120
40899744000104
40908179000102
40943161000133
26620438000166
41011431000130
41015143000154
41015813000132
41025879000103
41031940000125
41033373000146
41104934000150
40914318000100
41151509000112
39746462000198
41162616000146
41183371000133
41212988000130
41224207000127
41224567000129
41270755000193
41292416000108
28477944000173
41317407000124
41334007000127
41355184000190
41411619000176
41428320000124
41454316000130
41464971000170
41470302000100
41480067000158
40454243000114
41490090000123
41493484000135
41499957000101
41523737000176
41546427000177
41588750000103
41593233000122
30071767000172
41614699000167
41618945000159
41643419000149
41691540000146
41706353000199
41739247000101
41855627000101
29005052000132
41908107000110
41926055000104
41946813000156
33177398000195
34358163000162
38730812000165
36245948000154
39306995000159
39653772000168
27202532000168
27353982000151
40778585000190
30352203000108
41017698000135
41242178000126
41366026000135
41414262000180
41498046000160
41847239000189
41961023000140
41964521000146
41968605000158
42000458000190
42005841000131
42023962000106
42026754000160
36852532000102
41939188000115
42064632000169
42070135000173
42080407000116
42115985000140
42125793000115
42132692000171
42136909000111
42152509000108
42176892000126
42183481000168
42202214000190
42203995000138
42208885000169
42234782000173
42245564000134
42267395000133
42267903000183
42278364000188
42291589000174
42295457000110
42338023000150
42358106000101
42372406000145
42380411000108
42405828000170
42418537000116
42435373000135
42473929000188
42507032000128
42508730000148
42524709000136
42552951000113
42579827000141
29185730000196
42597705000188
42345890000113
42622847000158
42644183000128
22682168001724
42653004000119
42729742000100
42736390000102
42743207000104
42775968000130
42786120000106
42787885000160
42818313000100
42820724000121
42821737000115
40057685000127
42826408000167
04033698000364
42844899000179
39907708000166
42889967000116
42908985000106
42928579000105
42936721000158
42938531000170
31734501000125
43016779000146
43053569000128
43079541000160
43079861000110
43086426000112
43107502000129
43131583000100
43134293000102
40743669000198
43158400000132
43158527000151
43225293000118
43233016000157
43253869000150
43364643000127
43369482000164
43424871000145
43428159000114
43476011000155
43506581000140
43520424000190
43544312000179
43547674000113
43589445000161
43593905000125
43627289000186
43637631000129
43665287000181
43708115000148
43717999000105
43789336000198
43789496000137
43802224000120
28843950000105
39248932000193
43614118000112
37071125000112
41262404000130
40078197000104
34532835000104
39666943000193
37396313000110
39593179000173
27926307000174
42644190000120
37663187000113
41841813000191
37206297000156
38113947000181
26912852000149
28099010000145
40084232000190
29055780000159
40576462000176
36729032000170
30211707000108
37734731000170
26715612000154
38020804000125
28894016000104
29358265000148
32846705000110
36655768000140
32874466000102
43669459000195
41485052000182
30483517000140
43332588000193
36956918000156
27459402000377
33165983000175
26703327000113
31856386000161
34814026000195
41480224000125
33826176000156
43378136000142
33040704000147
41044203000167
34646746000199
34386325000176
43833368000143
43856446000125
43894662000165
43921878000172
43952879000184
43966317000190
43967957000114
43978333000100
43981614000104
43994886000149
44004301000169
44033464000170
44042053000140
44098688000160
44226072000127
44263288000162
44280692000144
44283793000179
44298432000104
44320320000102
44335217000128
44369337000146
44471045000110
44488511000170
44492158000100
44498613000176
44555786000189
44557875000164
44585023000180
44650739000114
44663617000162
44696633000151
44717141000103
44734684000120
44744830000107
44745088000146
44747240000120
44755830000102
44800165000113
44824872000140
44933575000132
45048979000106
45108847000122
45110746000196
45155351000100
45163211000183
45173715000184
45178184000112
45217181000140
45221507000103
45232919000149
45296863000196
45349607000110
45373585000123
45374532000127
45467606000170
45499148000150
45509279000171
45535084000104
45566549000186
45589851000150
45654815000122
45668504000112
45693184000150
45727883000174
45768804000173
45802679000170
45818378000135
45822773000191
45892553000134
45900374000100
45916114000114
45940279000121
45986081000189
45997008000102
46046810000180
46061224000104
68365501000458
46120088000186
44547895000154
46132252000175
46258029000179
46335090000172
46344320000160
46344366000189
46356270000130
46414142000104
46414833000108
46419977000149
46446497000177
46511745000116
46513351000105
46550245000193
46630061000133
46644405000163
46655678000103
46700457000100
46830567000196
46847870000100
46850120000189
46883532000115
46913673000133
46915206000142
46956923000112
46988751000169
47004420000100
47007252000106
47020223000184
47037518000163
47076665000142
47106382000104
47114039000101
47230864000163
47231792000179
47244883000149
47352295000129
47356736000160
47366330000169
47382804000166
47397700000125
47406971000108
45152330000130
47432715000187
47437378000110
47495781000104
44905704000189
47523475000126
47570222000103
47611487000102
47620094000165
47639803000154
00419731000257
47705752000111
47707513000109
47714958000108
46991427000108
47734742000104
47800049000192
47833743000106
47884363000109
47906837000168
47910297000196
48013796000143
48035490000198
48059813000183
48078951000100
48081519000178
48099729000193
48102465000180
46683735000168
48147754000103
48238225000107
48258505000187
48292712000158
48362528000137
48368473000172
48399330000128
48409482000164
48414988000161
48424355000134
48428390000121
48466211000140
48561218000141
48567123000135
48583062000108
48633151000103
48641544000169
48672878000108
22682168002887
48714928000164
48784362000147
48818947000130
48388153000265
48927465000119
48955065000117
48992575000164
48993336000129
49017384000144
49035638000157
49056647000124
49066411000179
49103218000160
49107532000111
49110146000189
47413825000100
49115127000145
49185021000118
49208865000137
44370821000195
49264767000117
49312345000170
49322295000101
49386973000108
49401338000144
49451624000114
49488243000100
49539833000114
49551618000139
49557596000114
49559869000160
49605654000138
49652816000199
44972118000157
49668034000148
49676319000120
37985916000239
49737536000183
49739845000192
49747743000119
49750914000169
49752057000136
49767075000191
49836775000190
49838453000180
49882071000154
49915162000149
49930723000189
49931875000104
49935110000134
49942553000152
25158159000240
49987396000100
49998739000123
50044659000118
50046461000173
50055718000153
50057094000103
50069109000153
46891725000118
50074524000103
50079993000107
50118673000119
50128358000172
50136914000152
50138097000171
50168685000158
50213353000148
50340935000195
50370448000175
50375506000153
50413622000110
50443821000170
50450456000121
50453634000178
50474844000142
50504359000174
50512103000109
50521839000143
50533940000114
06031805000340
50553966000124
50564560000147
50586243000121
47338202000101
50687298000128
50710685000138
50730756000164
50735383000114
50736593000127
34303815000242
50762003000130
50813313000137
50872728000181
50894935000137
50896546000140
50899399000162
45116785000109
50950473000128
51037677000135
51136826000113
51144465000157
51173216000190
44440514000133
48862971000177
50821480000120
51271691000107
51306286000179
51349004000110
51349113000138
51391625000162
51411830000142
51433245000143
51458692000157
51469538000180
51481730000192
51487657000166
51572323000190
51590945000141
51609392000121
51628662000141
51642935000102
51659681000135
51664096000123
51674220000131
51713638000100
51720617000112
51723745000110
44428470000207
51766560000192
33234455000201
51828824000195
51841177000151
49247225000217
51864409000197
51879297000148
51890315000192
51913174000186
51943339000162
51945092000113
51950879000173
51964804000141
51971545000186
46795826000195
52011795000137
71052559001690
47347736000102
52060436000170
52091562000191
52125022000181
52173014000100
52183053000199
52195265000196
52203183000146
52317869000168
52333847000191
52335404000130
52337036000169
52347289000113
52365824000169
52394000000117
52413650000162
52425254000155
04497756000904
44791236000169
52477560000135
52489933000198
52504209000196
52516447000111
52531698000175
52532854000112
52533714000169
52553269000107
52571537000105
52592510000107
52598866000140
52645044000172
52648416000114
52231386000146
52672493000100
52690697000173
52691677000117
52718221000101
52718694000109
52720161000153
52722523000145
52722710000129
52764436000150
10295879000280
52839796000174
52846538000115
52867755000191
52870526000126
52937732000106
52960300000116
53023652000108
53039064000162
53064610000115
53118388000196
53128975000166
53136493000158
53136754000130
53164889000109
53247162000195
53279769000157
53354961000160
53371127000183
53378974000170
53424550000102
53438423000154
53441711000168
53458650000141
53468329000148
53481158000197
05113519000442
53521268000135
53533418000120
53557483000196
53576555000142
53583228000118
53621873000188
43601294000209
53639120000108
53647127000163
53686108000146
53741967000190
53774940000102
53793494000175
53798122000131
53830882000189
53843506000129
53860856000101
37743196000467
53943575000104
53977794000104
54042824000153
54050830000152
54064077000154
54066996000167
54163002000120
54187373000142
54190373000100
54213678000181
54230353000107
54246047000169
54272821000106
54293412000196
54379682000114
54381056000162
54389060000177
54402981000122
54486355000161
54495562000182
54591765000172
54593854000158
54639031000116
54647985000170
54656136000183
54688043000130
54711206000159
54715323000190
54746554000161
54784767000188
54835660000111
54845911000149
54888180000119
54896735000174
54904508000143
54906369000197
54933876000110
54945075000174
54983941000111
54987891000140
55043993000170
55046857000134
55088137000131
51987479000213
55150914000120
55199605000145
55265991000126
55312062000120
47316076000194
55362893000107
55363237000129
55370417000138
55397429000156
55407867000158
55414762000126
55418319000123
55419077000192
55427789000153
55456647000114
55473674000103
55483397000101
55508585000147
55514377000150
55527449000102
55528952000174
55590948000136
55641414000191
55663170000148
55521604000175
55739927000130
55781071000160
55791670000165
55816246000128
55855331000103
55875329000198
55886117000106
55912196000182
55920385000105
55929213000194
55931099000137
55951569000124
55968970000177
55983051000172
56078237000140
56084066000161
56107481000193
56183475000115
56201921000177
56240337000120
56283172000174
56306099000109
56387513000151
56420767000124
56688060000101
56707944000158
56883914000100
56931382000121
56933629000149
56963247000168
56969420000135
56984047000191
57015453000109
57033145000106
55099827000277
51960254000192
57066713000175
57067881000185
57113571000150
55546333000102
57154600000121
57172875000198
57178882000105
57184174000179
57184833000177
57230798000185
57252128000160
57309002000184
57316666000170
57321938000120
57325405000117
57340369000160
57343657000179
57360162000158
57366667000120
57445429000100
57446641000191
57461263000115
57572813000173
57585238000143
57621511000148
57624313000138
57631922000114
57649781000167
57687606000164
57706666000187
57749025000100
57768620000192
57800552000100
57801800000129
57818582000135
57825809000170
57883854000180
57937498000130
57966861000146
57984129000107
57985781000138
58023835000147
58032902000190
58034533000174
26614976000229
58070262000102
58108643000133
58146966000111
58154660000107
58154896000143
58186984000127
58222919000100
58261457000130
58262631000169
58287155000130
57732128000167
58322623000160
58336406000120
58344622000117
58347839000180
58358762000144
58371403000127
58417251000156
58492188000112
58520829000103
58521674000111
58522843000138
58529857000183
47988610000109
58531598000125
58532088000172
58573009000171
58602332000126
58612210000110
58658684000101
58669988000166
58723903000180
58741383000139
58756326000123
58768366000195
58812169000126
58854486000105
58870044000152
58872628000167
58878834000184
58881058000171
58914541000105
58923821000180
58924302000136
58949578000179
58949804000111
58952879000151
58974062000184
58995818000171
59009359000172
59021727000106
59037165000180
59052088000138
59056177000152
58806971000103
59102994000108
59108809000184
59116486000170
59134418000134
59157536000168
45608705000124
59176698000143
59179647000175
59181316000170
59205201000178
59223619000108
59235933000100
59317603000164
59320961000126
59366900000108
59368350000158
59382897000108
59402147000150
59410350000179
59417676000128
53553717000127
59445563000136
59457173000186
59472863000104
59508727000127
56964818000189
59555555000142
59579829000133
56368207000178
59616830000190
59618349000134
59618661000128
59622421000105
59656620000126
59660391000113
59664983000103
54587538000173
59693058000100
59697580000160
59709049000160
59725918000140
59746454000159
59760354000187
59786910000194
59802915000163
59818824000116
59836461000141
59857517000144
59863115000152
59865613000134
59924229000165
34571920000424
59955295000100
59962546000176
59986023000160
59988338000146
59996002000125
60014954000185
60029076000171
60071757000106
60084558000124
37195645000803
60181424000121
60200447000136
60216208000174
60238991000177
60240162000129
60265385000140
60285856000182
60304217000117
60339503000118
60344012000165
60409750000143
60445124000102
60452332000139
60471003000135
60479768000111
60500416000109
60548132000184
60568689000187
60587837000100
60601743000149
60603905000188
60665642000131
60668202000138
53811056000192
60714669000177
60727395000150
60728424000107
55646743000125
60777450000117
60844919000193
50187265000119
60863315000194
60865794000188
60965251000132
60972819000142
41050789000253
60982719000105
61006589000120
61021039000180
61071255000130
61077974000168
61092780000131
61118518000119
61120398000194
61131346000113
61138539000104
61020116000187
61170660000105
26522208001217
60660980000180
61222846000160
61269426000130
57310532000142
61315788000110
61339738000172
61361891000104
61411141000191
61425713000191
61464025000130
61512268000105
61550311000119
61555795000199
61572193000140
61579395000113
61584831000142
61587004000102
61609576000145
61623606000178
61629260000115
61654969000170
61670076000119
61670929000112
61676332000185
61685084000139
61706793000153
61711861000172
61713272000123
61720443000141
61744861000179
61753660000138
61764806000140
61812629000120
61817628000179
61847972000100
61902308000117
61945673000109
52745938000134
45583393000141
57823839000147
46640679000184
59361749000107
53603507000104
54955867000120
57783273000177
60632012000160
47758634000171
31879108000200
57456663000132
61930348000172
61601012000166
51016075000100
55023919000192
46234575000170
58929968000187
53584758000180
45707301000198
54665568000150
61977322000180
62002254000104
62012656000181
62012744000183
62048572000106
62051555000110
62056164000198
62060903000115
62109395000112
62114664000139
62165302000177
62176718000190
62178395000174
16104269000310
46057902000599
62274674000131
62294831000170
62305766000131
62330597000190
62382827000164
62423250000191
62425960000150
62457022000132
62489518000198
62614597000111
62638463000130
62645240000109
62750992000121
62771124000128
62780417000171
62799868000150
62809511000106
62822643000178
62854228000104
62858267000171
62908632000105
62964784000125
62969136000161
62999499000140
63010002000181
63018502000160
63020581000143
63032792000104
63068727000120
63098868000196
63105392000173
63110834000170
63142164000173
63144002000174
63175249000158
63206424000127
63217585000116
68365501000709
63257336000154
63274463000161
63299030000160
63314190000131
63316258000111
63322315000175
63330262000134
63333638000164
63345827000157
63372802000142
63410738000147
63440384000183
63448899000120
63481852000168
63523506000103
63533599000149
63571224000173
63593077000132
63614490000136
63629107000113
63631491000199
63599235000161
63632436000113
63637471000125
63675178000152
49757242000385
63681412000154
63700949000114
63719312000170
63727122000102
63737919000182
63739399000147
63780780000150
63787057000100
63820905000128
63823455000127
63828245000121
63840126000194
63143935000147
63874619000145
63891902000185
63917902000107
62937022000130
63992067000170
20062481000339
64084446000124
64090593000107
64125046000110
64125414000120
64126043000109
64213001000105
64247456000133
64254411000196
64322988000198
64379011000107
64380168000152
64389100000134
64430249000110
64451642000190
64481607000113
64492305000140
64542116000135
64564508000103
64565251000104
64565384000172
63765533000184
64619892000196
64633541000130
64642526000158
64653321000178
64726645000199
61806871000272
64789419000157
64793272000179
64795117000191
64798667000164
64830469000130
64842455000137
64881314000123
64892191000126
64915652000139
64923200000107
64925367000107
64935041000152
64941240000173
65060259000173
65062289000119
65067036000138
65095554000165
65098819000189
65119007000172
65124697000158
65132322000130
65132822000171
65171347000142
65205089000178
65213893000107
65242512000100
65283458000140
65301823000100
65312842000124
65316477000126
65327269000122
09546922000254
65350912000139
65351246000153
65363642000109
65366085000171
65382793000104
65385028000130
65393188000120
65410551000179
65450521000196
65470157000126
65473867000100
45040625000204
65512333000145
65595726000160
65600737000190
65605970000166
65563557000500
65614447000104
64061216000140
65633407000100
65639414000100
65682532000100
65690492000130
65703214000170
65740942000151
64749776000272
65774581000164
65813001000109
65843349000130
65845789000127
65866755000119
65874102000181
65875381000106
65896719000106
65905076000101
65929661000141
63487434000188
65949960000148
65951942000109
65958058000198
65967379000159
65972835000159
65563557001077
65978385000101
65987858000137
65990886000103
66031044000197
66046010000176
66056798000100
66082717000138
66100310000196
57585068000288
66183418000190
66210933000111
66293913000151
66295594000113
66300802000125
66319888000138
66325060000192
66356166000153
66373463000107
66386447000159
65181797000116
66433355000182
66467571000149
66492538000179
66497020000128
66505989000101
66506571000100
65563557001824
66530967000193
66543721000156
66545103000145
66554143000153
66563678000190
66578366000150
66587582000162
66594071000178
66599385000163
66619334000156
48697278000609
66631333000127
66638450000112
66645588000149
66655761000190
04941578000101
01655896000100
01682762000188
01685763000186
01690584000137
00062795000162
05014343000129
05022154000106
93326361000103
93334886000190
01726029000118
01727667000153
05042164000103
00118605000181
03406727000161
05059564000113
05061974000107
01766277000192
05100165000159
03452146000166
01797571000161
94266996000125
03489537000155
05151404000108
00206688000160
00215443000108
00223597000133
01857316000167
03516913000153
00244443000128
05204700000111
95038386000137
95054185000123
95394607000100
95887311000120
96190616000141
01935990000112
96273677000172
00334366000105
03637793000142
96680897000110
96695622000150
05324206000190
96716980000100
00062795000324
05362418000162
03701600000175
97427702000198
00440067000147
02061221000103
02081186000186
02087472000159
00471476000100
00481701000190
03793301000108
05472820000108
02120905000120
03833592000110
00558698000165
00561918000100
05570589000187
00618787000150
02242936000154
05603623000172
02249146000109
03958385000192
00644048000132
00650414000166
03034584000295
03328898000209
04012111000179
00700208000113
02323482000146
02329314000168
00721223000148
04066702000129
00746245000162
02368566000104
02368696000139
05724076000183
00749508000197
00760331000120
00761533000196
05493522000277
04114897000135
04116380000185
02419999000133
05789992000100
02434515000125
00819827000121
00826341000110
00856108000180
12745626000378
04200998000129
04235924000128
00897647000168
02570864000174
06013909000160
04353523000172
01007275000110
06051861000185
01032123000177
06066703000107
02665382000106
04415959000149
02700202000171
04452903000164
01087823000169
06139574000121
06140969000144
35206341000100
01098288000141
73127862000153
06638050000185
35500370000172
06173912000141
55596829000190
55666960000187
73510372000131
04514277000193
04520049000126
73721193000143
56117260000104
04554902000120
36410975000135
74171513000100
06258556000169
02834540000104
02835696000100
04594050000103
06269733000102
19397264000159
06288777000180
06307776000135
74778655000121
02899246000172
02904752000102
05473743000283
57367476000182
04681725000143
01300820000161
06368540000109
04684483000141
02924546000164
04690778000120
20418273000168
02949071000160
06911714000138
04747486000187
04753383000120
01391298000170
07019639000168
21911565000109
03071191000170
40323545000153
01469657000165
03100735000185
59336537000170
04892065000140
78795374000219
59506378000104
07083174000104
03125097000157
07116673000150
04937846000103
23119357000199
03184104000191
01551882000146
03215161000190
23504970000120
60635646000177
03231835000140
01607682000168
03260129000127
24279085000157
07312295000180
80694821000104
07332024000197
25441254000176
07361980000105
81380024000115
07411614000105
63241368000161
81742942000147
81817595000174
26473637000199
26609776000105
46852877000101
26985358000104
64360563000173
09175183000150
47623731000157
47979844000190
83837724000111
83913970000105
65367534000104
65371460000171
84604248000151
84825850000119
10575686000100
71223663000113
49704604000108
66461864000119
86452836000142
86464435000102
86472461000182
86496676000133
29697257000126
50027168000169
86753001000122
11901428000121
50507532000198
12257333000180
12713640000128
67725135000195
67875526000196
88448485000121
31307549000157
13831797000110
52225505000158
68886779000128
52474343000191
69093474000121
69275444000136
32579955000131
69424414000144
53096616000174
53239646000192
71334635000173
90998238000140
16022329000193
71772040000108
71956023000112
72049364000177
34413476000176
16666745000124
16878365000153
35029370000136
35037522000142
72898026000100
75822965000169
07447855000104
07459085000110
07470813000194
07471544000180
07501805000168
07517361000159
07527509000136
07535672000140
07588300000182
07631840000100
07669771000115
07673404000195
07786383000114
07787233000125
07796111000103
07797276000191
07801117000113
07839315000176
07855819000180
07874490000102
07931915000160
07933699000191
08018338000182
05942771000111
07552713000107
04319557000140
05827844000124
03856342000104
73421851000181
01821946000181
06319819000100
05006837000161
03795466000119
07602968000137
03059922000162
01541958000152
00009978000114
04983969000180
03397475000151
05279202000138
00334301000151
03691322000112
00451764000101
03904057000103
02389378000154
04122678000106
05803817000111
04167885000179
00881258000144
04286227000104
02571190000122
06038560000111
01020629000166
01067987000124
17942806000100
01159952000115
06214205000156
06241439000192
06246787000152
36385110000166
04596668000102
06775944000117
06311171000118
04714724000158
39170378000179
59816686000136
07227876000114
80872526000109
07343669000125
08041592000100
67319491000109
89495535000194
72126949000143
07982163000166
44084903000173
00170663000154
02539973000129
16273500000137
00961835000108
05703713000135
03431855000165
03607081000180
02012493000105
00529052000150
73372278000163
58461385000174
03134997000160
83767616000110
66572330000160
50946417000110
07716389000115
90963778000199
07976507000124
34294207000138
10214278000115
07339528000139
74254558000130
33898057000109
03938926000110
05483729000180
07574495000101
01691336000100
05131247000160
00194494000192
00258668000133
05503795000174
00609688000101
00677475000117
04074046000106
00892821000180
06017522000182
73326639000135
01140688000178
06225706000138
04580573000192
04602767000141
06881949000124
39398094000134
23760952000109
65774911000111
86925757000101
91209577000163
07846321000150
02326352000167
03167974000152
08087836000187
59888172000196
00076523000111
03635833000117
02334452000135
01014407000130
80317126000123
06709026000190
02455015000170
38708616000194
36877363000157
55808406000197
00775470000127
91973297000127
06177949000148
00653846000120
05842617000178
02867012000143
04653422000117
95045753000120
09054131000126
01272170000198
03541936000118
02954705000173
02611370000190
57488785000100
37981636000171
08147292000100
08184490000135
08191604000174
08262557000102
08374656000186
08415018000166
79250783000200
08597280000179
20528580000100
08610014000139
08610323000109
08610623000198
08689771000140
08874815000101
08876462000189
08272942000130
08624386000114
08191907000197
08915881000182
08951219000188
08957798000176
08964836000118
08969592000166
08973587000127
08981572000100
08992873000130
09035644000190
09052247000126
09085565000193
09114867000142
09150774000173
09187623000190
09190797000101
09203462000180
09204444000113
09233389000190
09240316000125
65427833000260
09265697000105
20235375000148
09291194000104
09292381000102
09309346000140
09312921000164
08533803000202
09345236000134
09346763000163
09355092000105
09367255000161
09373912000183
09384978000179
09409595000108
09421953000106
09423318000150
08796006000129
09424456000153
09492306000187
09515963000100
09522067000160
09546922000173
09554368000176
09559182000100
09581465000158
10344913000189
10365124000124
10380945000130
10228957000143
10436205000178
10249218000138
10481811000105
10494176000109
10528409000139
10561556000100
10660337000189
10666724000122
10670574000120
10692156000134
10711523000108
10725464000119
10731195000101
10780170000190
10818719000198
10828096000134
10847244000168
10880075000168
10908208000167
10926382000132
10932921000146
10960444000122
10981369000186
11022359000186
10683994000141
11171441000172
11236330000105
11316468000106
11328837000180
11208355000197
11353193000180
11357512000126
11375528000161
11474927000180
11566754000120
11570113000149
11613936000104
11620774000131
11640172000146
11642909000160
11708866000178
11709449000140
11712142000106
11716041000103
11739685000109
11742800000102
11781951000161
11794962000186
11796637000152
11815656000189
11842017000102
11875190000107
11883656000116
20319741000147
11900543000181
11991722000171
12056817000160
12067663000102
12078422000169
12094068000166
12116256000148
12142815000194
12155132000171
12185055000100
12230126000131
12282740000147
12316807000117
12353796000145
12368810000184
12392920000181
12403393000163
12404481000180
12408592000164
12502224000180
12503565000170
12503653000172
12461728000108
12579217000187
12580530000135
12611658000119
12612985000195
12635197000114
12670995000187
12677114000150
12685867000107
12709148000189
12726673000102
12741911000159
12746054000180
12752573000150
12755253000154
12818238000108
12818602000130
12835108000183
12839082000141
12846346000194
12866184000156
12874232000158
09111350000108
12929354000102
12929620000199
12986193000180
13002034000167
13050945000160
13071309000114
12827147000139
13116703000121
13119257000109
13144488000172
13150832000136
13182813000191
13183262000180
13201982000121
13304529000140
13403690000171
12025397000155
13460383000122
13461412000170
13480266000120
13533663000113
13535730000139
13575060000184
13598452000169
13376061000108
13611946000136
07245968000208
13711477000127
13748896000133
13753053000125
13772268000193
13806652000160
13823753000149
13842225000137
13855827000129
13939777000168
97525909000103
10835909000113
13959300000144
13987851000111
14015307000170
12469969000195
14100632000131
14152437000155
14163549000101
14178928000175
14201983000139
14215273000168
14315515000195
14355783000130
14356399000152
14460483000111
14483677000132
14524548000145
14570831000103
14616923000187
14644802000149
14731387000160
03675301000294
14804919000142
14929736000153
14931310000134
14945350000135
14965783000152
14970715000181
14985073000194
15005850000150
15073617000104
15076301000176
15250333000146
15258845000159
15266390000113
15322257000137
15337526000139
15402314000198
08143185000103
08298885000169
08799916000165
08870062000166
09368872000181
10618616000184
11531004000112
11893829000187
12103844000147
12393556000174
12978347000192
13092761000162
13551975000150
13935436000114
97530814000170
14186939000105
14384270000158
14567574000150
14905190000109
14925346000105
14973042000113
15259437000111
15348052000120
10541954000246
15499642000154
15521782000181
15596605000164
15633075000187
15638755000193
15670172000140
15705438000142
15777070000128
15796047000180
15802737000103
15914540000158
16546496000133
16549059000173
16586010000190
16637372000163
08774970000156
12497698000181
10603250000170
11582273000108
10776757000125
08439480000101
16821714000109
16871854000183
16952630000104
16975667000140
16979750000197
17093312000190
17163116000144
17193843000154
17235500000105
17249892000161
10787441000139
17308871000170
09282298000144
17363048000167
17410020000133
17427011000155
17475805000194
17485033000171
17501070000126
17506682000101
17506723000160
17507081000113
17509437000158
17564850000115
17581777000190
17635915000176
17656495000104
16796356000113
17696482000169
14094071000105
17808992000180
17827687000136
17866162000100
17920559000132
17928617000174
17937704000198
17944200000103
17973754000120
17974751000101
18041357000183
18045267000160
18053998000158
18069065000159
18118692000132
18180164000103
18180777000140
18216750000160
18227810000140
08724572000125
08915960000193
91653451000426
11415699000177
11659485000146
12097122000127
12300971000136
12598725000102
12643240000193
12652173000173
13217564000122
13694144000137
13989607000198
18285089000145
16548975000199
17655352000188
17859944000111
18219026000190
18309790000157
18311360000170
18422387000130
18435018000181
18453436000100
12238905000183
18455926000137
18474979000103
18596996000105
18622855000110
18623828000161
18654436000160
18706851000110
18796400000110
18806933000136
18807328000180
18871985000196
18875851000143
18965009000100
18974425000167
18984338000190
18985054000119
18998308000133
19053945000108
19066766000105
09488216000112
19075166000103
19097089000184
19104119000132
19136353000141
19153650000103
07399516000876
19209390000132
19226022000100
19329728000190
19340038000131
19343198000134
19350400000155
09493250000185
19380063000149
19393038000108
19402765000186
19457963000147
17239560000104
19532267000158
19543373000137
19602854000176
19602865000156
19609138000110
19609780000108
19660234000193
19684258000182
19735317000102
19737401000157
19777256000138
19785371000154
19798067000141
19819809000178
19851130000166
19884435000174
19971419000119
19983182000196
20001738000180
19843402000186
20033421000126
20060470000158
20106559000108
18026162000164
20162591000100
20164571000179
20188444000100
20193535000133
20519798000190
20521133000110
20547075000102
20601367000178
20665845000103
20721090000117
20741964000106
20751031000191
20830705000143
20839000000197
20847668000186
20850890000138
20986473000117
21008165000180
21111717000180
21117456000106
21157744000194
21177545000148
21182204000160
21259646000168
21264084000140
21315131000138
21353184000143
21357997000101
21378347000142
21384586000105
21425256000110
21479349000128
21506610000131
19551440000165
21630493000113
21671129000100
21687787000181
21694454000180
21706087000197
20740180000155
21713419000160
21737755000143
21623446000142
21772094000197
21785505000189
21820756000157
21827903000110
21851305000187
21905570000109
21920724000123
21934785000140
22010919000107
22018313000100
22048230000163
22081790000110
21295214000102
22104154000166
22142621000142
22196816000175
22264867000197
22323740000100
22345152000169
22482435000152
22083843000131
22516836000186
22556671000176
22581690000152
22635402000103
22677655000131
15123881000105
22731628000108
22768072000116
22830515000151
22850990000190
22909777000106
22910437000103
22927650000110
22991842000195
23034312000111
23050815000180
13055189000161
23083634000150
23178787000181
23126240000132
23269104000100
23307835000194
23320332000159
23346069000177
23504216000190
23555082000136
23580462000120
23595800000106
23610993000119
23654823000136
23747052000121
23749818000107
23772677000143
23780053000178
23804746000153
23811747000125
23814792000133
23825951000103
23885466000117
23957219000189
23969479000174
23972910000131
24191594000123
24238342000102
24244134000116
24334531000189
24355468000167
24466539000107
24515537000152
24516120000104
24522456000180
24570906000100
24643184000176
24676992000130
24705582000170
12464081000160
24780617000135
24794196000100
24800081000172
24813341000144
24827706000190
24833771000128
39299110000212
24902370000182
24927283000180
23206819000105
25013834000162
25054119000178
25069058000112
25160724000123
25212330000171
25244839000104
25253145000125
25279259000144
25299867000110
25462467000184
25530431000190
21671758000121
14663985000140
19739330000121
22672277000101
25077597000101
11195116000140
09130108000173
13876555000143
19729820000147
24663054000103
12257257000102
22313253000158
08668011000156
08374658000175
13474487000196
14710071000192
09674978000103
10921305000190
25148803000119
11156493000170
16365368000193
12673972000126
20435704000102
18345055000107
17707242000112
16696241000157
09303498000136
12966448000143
11815406000149
12661839000150
12844647000189
19249463000110
09205309000192
17865720000112
11860682000129
25082121000150
19760477000101
20214091000175
24909763000118
09161737000160
13140600000105
13576710000106
24205849000160
24267105000170
18369536000144
19780159000102
11798268000137
14204003000151
16744452000118
22460173000125
17382008000162
10859261000115
11931928000106
12062559000125
11287226000131
11391374000100
21752687000191
11296220000120
13458304000149
17534284000107
21399426000130
08612743000124
09229040000184
21643244000162
11251916000130
20882172000143
14357012000182
15125262000150
11254731000180
17105902000195
12318195000100
19672954000179
11652937000168
14543101000113
08675859000102
18287481000123
14306840000191
21070819000103
11496574000119
10491368000153
22256818000102
14853580000174
08472620000135
23593392000145
11627308000188
13959012000190
13148483000118
20251220000103
21336399000156
12014006000105
14272042000196
14905627000104
13674382000180
20002029000110
23985482000181
21997973000117
12084746000100
25180884000134
26013118000148
26054885000103
26086665000153
26111052000129
26136880000111
26140797000116
26171915000153
26193320000107
26228526000117
26153459000119
26320819000120
26321442000123
26335797000171
26379824000108
26394586000100
26416816000194
26497540000116
26519455000101
26528114000100
26541594000131
26573144000120
26619590000129
26631108000176
26675657000142
26680592000123
26747825000168
26765466000171
26777240000190
26785433000193
26785652000172
26788016000102
26824692000186
26825626000120
26826088000199
26840857000103
26899189000190
26975356000134
26994383000154
26995855000193
27050412000192
27052680000143
11199937000235
27086752000173
27088473000149
27120726000114
27120741000162
27152535000134
27166328000139
21824366000317
27186882000188
27192760000102
27221529000191
27254683000160
27291055000154
27291432000155
27296802000147
27361719000104
27405597000100
27433339000138
27460991000141
27465015000181
27471468000110
27529238000165
27538538000100
27558178000109
27592967000166
27629832000128
27643697000175
27663191000128
27679530000164
27707620000111
27733467000105
27749155000181
27759366000103
27881474000146
27922126000170
27941903000123
27967814000156
27982080000184
27989014000136
28062224000147
05907850000272
28090365000173
28101948000152
28102214000198
28113022000187
28119138000123
28124670000139
28139930000140
28240775000153
28330696000133
28351133000121
28362189000181
28375515000195
28489531000109
28494674000109
28518974000180
28546913000127
28629568000195
28648107000160
14380007000271
28676523000171
28765565000189
28767822000111
28797517000172
28839738000166
28841659000190
28842773000134
28856484000194
28859337000178
28886964000106
28918056000149
28944579000160
28966328000186
29023657000156
29023913000105
29118590000133
29126392000111
29136127000114
29173352000120
29177386000193
29211589000159
29233858000188
29239289000188
29268987000101
29287014000110
29298696000166
29336536000164
29361404000192
29395911000147
29397926000144
29435337000103
29466097000104
29471685000136
29497697000130
29499660000140
29513854000153
29519611000122
29565222000133
29559310000122
29569303000101
29577583000108
29617327000199
29617872000185
29644738000173
29668296000103
29675466000179
29697295000189
29768214000194
29771853000109
29814541000135
27643007000188
29868992000155
29869841000111
29915728000125
29932367000125
29969155000112
29984736000123
30015664000195
30055443000140
27679854000100
30059875000120
30083002000152
30100854000100
30128715000195
30148248000165
30176711000182
30284697000130
30310226000150
30353839000174
30360668000100
30406846000197
30425695000114
30432469000160
30474393000136
30491706000164
30493391000194
30567410000180
30599018000112
30608409000156
30618059000109
30627034000171
27165876000144
30631490000195
28097767000108
30683193000193
30688036000170
30707880000100
30715435000183
30854642000119
30909735000101
30925558000149
30933391000168
30959622000102
30989779000180
31006601000135
31014047000138
31014990000140
31029717000190
31035916000100
31200052000135
31228475000163
27469126000247
31278544000143
31319765000112
31333224000149
31360436000115
31472436000107
31485670000179
31494844000160
31583613000122
31584236000146
31601916000120
31646262000151
31714964000125
31729623000123
31777207000109
31803511000175
31831380000130
31862645000167
31869512000112
31903559000155
28229830000104
31970422000113
32048663000172
32093025000173
32103865000170
32117030000179
32147573000139
32159511000147
32193368000100
28460935000170
32358645000197
32373344000132
32387238000108
32438660000145
32450816000103
32499390000182
32542984000129
32565882000129
32577961000150
32589132000197
32637029000175
32677313000175
32698395000134
32699410000169
32704824000139
32709740000198
32724909000189
32761386000140
32818260000165
32833885000104
32836161000106
32843359000117
32893914000115
32941178000123
32967300000130
32982300000100
33098660000106
33134661000169
33216702000166
33226129000171
33185510000130
33234455000120
33240768000191
33269405000189
33292807000102
33310181000101
33346155000133
33465555000168
33489140000124
29284257000102
33618527000133
33651144000167
32238638000151
33706902000105
33724233000196
33767571000105
33769033000150
33822327000106
33825614000161
33834959000181
33935189000163
33944142000166
33989839000153
34006410000161
34014671000123
34041048000160
34046123000185
34048697000192
34060738000166
34065868000191
34072236000155
34082463000161
34086342000198
34095014000158
34118481000156
34175963000148
34227936000171
34296184000109
34343310000120
34359031000155
34363108000160
34372747000192
31256202000203
34002140000110
34452886000126
34458131000139
28352234000117
33553586000170
34607916000126
28248006000100
34623051000191
34668653000165
34673495000131
34676861000106
34697614000196
34700606000151
34738741000196
34758315000114
34787904000120
34830670000157
29553381000118
34839757000195
34859682000104
16914702000200
34950541000100
34991996000166
35009006000104
35019366000197
35027839000106
35047047000195
35080958000114
35120604000156
35147257000155
35171852000126
35176146000177
35204004000176
35215221000161
35224751000176
35251504000169
30992661000101
35349338000138
35394189000129
35425458000177
35425989000160
35481664000102
35497728000155
35505799000152
35540022000129
33368319000123
35621145000194
35667763000175
35247027000168
35732771000158
35738929000105
35741303000140
35788849000156
35816918000198
35851274000179
28787511000114
35916405000159
35918425000169
35933807000161
35962334000120
35978850000143
35979974000143
36002531000160
36027320000182
36032616000191
36045228000145
36056680000102
36079235000168
36145769000145
36243649000180
36253092000169
36275484000129
36334513000186
36336553000167
36350343000123
36350402000163
36351210000171
36352506000107
27061992000113
36364300000105
36369256000118
36384796000170
36414863000152
36436872000144
36446991000188
33651144000248
36526413000151
36567627000176
36582767000113
36589663000130
36597827000171
36604839000186
02602536000455
36653831000100
36663849000192
36682218000110
36697561000139
36720222000126
36756080000157
36797113000107
36826389000176
36883907000193
36916546000134
36930926000123
37069241000105
37094477000193
37132678000138
37142909000194
37144496000187
37155524000161
35714673000198
37179695000120
37207514000122
37229278000145
37233678000124
37258087000101
08689087000249
37290877000174
37294655000120
37377133000191
37420610000154
37441788000181
37443292000147
37455495000153
37463608000162
37482682000126
37521311000106
37531844000179
37579586000109
37664289000153
37678239000125
37705627000158
37710920000103
37711722000164
37558906000136
37754197000164
37761425000123
37794743000190
37801930000154
37830053000140
25047663001083
27623533000186
32511631000161
36828122000118
37878487000110
37911741000134
37916479000110
37925904000138
37936753000113
38024008000160
38034139000129
38041033000152
38044179000151
38062794000190
29499660000221
38099660000144
38120098000193
38133536000158
36966321000192
38143893000105
38145904000188
21227013000259
33873127000174
38191436000188
38199662000105
38209448000192
38277310000120
38317744000107
38327087000189
38357677000154
38368455000137
38381389000135
31531777000106
38389965000190
38400389000135
38406271000114
38461639000147
38505147000106
38592033000140
38709354000182
38730872000188
63241368000323
38890468000171
38974486000131
39145847000108
39239383000190
39263628000115
39296726000159
39309285000182
39337547000112
39380012000124
39386001000151
39392044000140
39442960000147
39460326000137
39473788000199
39485598000191
39538341000150
39552209000101
39602962000156
39645137000139
39649989000102
39671690000146
39688088000111
39692676000129
30472780000133
38068009000107
39732893000103
39759526000195
39760017000182
39782896000143
17898254000252
39841196000182
39872511000139
33613718000102
07111634000241
39924921000186
39928992000157
39937367000171
39958858000107
39985525000169
40008519000130
40027076000125
40030946000115
40046463000109
40086459000174
40128077000166
40154630000135
22682168000752
22682168001481
40222185000101
40225446000139
40255817000125
40290388000127
40320710000113
40333362000119
40440833000198
40441964000190
40485543000160
40489298000160
40499879000182
40533315000119
40546010000141
40546703000134
40552503000194
39643349000268
40579463000174
40640982000109
40649280000188
40659656000135
32830261000125
40671267000125
40689207000130
36076227000168
40735481000106
40743377000155
40800514000146
40899594000139
27191358000103
40919884000105
40950331000107
40987838000135
36165974000172
40280244000190
41021954000168
41027807000103
41149061000100
41193032000138
41231282000115
41248887000119
41285497000119
41384387000104
41405540000132
41424885000133
41462787000190
41495984000106
41532382000181
41538849000109
41549292000101
41552230000140
41565107000164
41567499000109
41587961000121
41599636000189
41631535000148
41654067000127
41662454000105
31758628000184
41697874000127
41708680000180
41713270000127
41734097000143
12822369000240
41826993000132
41876979000143
41912260000110
41942433000143
41943084000184
41944037000155
41952774000108
41955643000176
33223068000199
33792038000101
34090333000170
36036131000176
36174651000145
37481285000130
27298787000176
29079611000159
40271376000155
40531575000155
29956219000221
30304995000145
30975021000193
31842498000163
41963080000168
41981865000163
42002546000121
42066352000190
42069143000108
42140134000158
42161139000167
42182838000193
42182896000117
42188760000114
42216588000165
42251064000105
42251396000190
42252702000102
42333412000193
42344466000154
42351895000159
42355591000160
38299911000134
42383801000123
42394774000194
42399959000191
42410195000198
42437846000133
42460619000129
42460966000151
42474740000100
42506309000106
42519518000186
42523195000102
42572565000193
42606281000170
42612670000109
42615210000134
42617146000120
42664009000147
42844571000233
42674201000114
42675818000154
42698695000177
42713752000140
42725690000196
42757382000142
42759313000178
38660554000198
42818159000168
42819634000110
42827628000105
25167036000276
42836545000182
42858041000163
42865962000153
42867708000194
42884268000183
42920251000134
27659847000139
42983048000107
42992241000104
36630106000116
43000340000125
43014144000100
37592957000265
27354839000184
43071082000178
43085514000108
43119385000113
43183017000134
43201404000156
43206880000160
02504703000263
43244093000102
43263085000103
43265349000168
43274049000145
18180777000302
43345801000100
43351387000133
43393005000134
43425817000114
43477506000107
43487821000107
43495025000116
43497154000143
43511433000114
43513207000172
43520610000129
43560232000107
43616498000124
43645031000102
43692519000190
43695988000163
43696746000194
43706158000194
43740357000119
43793733000133
40578917000192
30157579000161
36434497000101
37920679000147
28689997000158
32003100000168
42629614000187
30323936000114
41867453000105
41459372000168
29540475000152
40345158000118
30870544000175
37044729000170
40690328000100
40113512000189
32682836000100
41431723000122
42059332000191
37411184000192
26924387000166
37964112000172
37434777000174
42370678000106
34152152000121
34546398000188
39263136000120
43467089000103
37397958000178
29479539000157
29100737000168
32524868000187
33626202000100
42834710000167
31794021000150
33382407000180
43249126000107
35199285000116
35791064000132
40251488000144
40758137000124
34213237000172
33842283000178
34508919000102
30247075000132
28764016000190
34213237000253
29750754000140
38468607000173
37932839000178
43879047000180
43887885000103
43896944000100
43907380000155
43932436000121
43966318000134
43977217000169
43995655000150
43999943000182
44004468000120
44020848000158
44039084000142
30643661000287
44063854000192
44074877000100
44107705000188
44120227000146
33402048000266
44164012000127
44231923000120
44269068000146
44311175000195
44330559000155
44335502000149
44385877000113
44388750000158
44495487000104
44497448000138
07175749000208
44644721000100
44669126000129
44722168000186
44728240000182
44785374000135
44846355000171
44856791000121
44862463000138
44883040000102
44975697000191
44982595000101
45007406000134
45077462000145
45085630000144
45136997000140
45153803000114
45155045000173
45186557000105
45227888000138
45248295000158
45261148000118
45281402000140
45301539000119
45308973000120
45309352000161
45331421000133
45338857000154
45339262000113
45349088000190
45366706000100
45399208000163
45419443000150
45587108000160
45595351000120
45614158000190
45631811000129
45701852000144
45710835000173
45754426000179
45763442000128
45939712000109
45967326000120
45983452000179
46018757000103
46032682000115
22996567000283
46146156000186
46188021000183
46212851000107
46214563000183
46236031000147
46252515000180
46259183000165
46358507000112
46397553000120
46408133000100
46432036000145
46483758000129
46499456000149
46514521000168
46524782000169
46528723000169
46551556000177
46648117000187
46649715000170
46658988000181
46677686000150
17088524000340
46771990000162
46792308000118
26522208000679
46820855000160
46831785000145
46839210000179
46881833000100
46935196000107
46948853000150
47026676000118
47032764000122
47087955000191
47093709000142
47113893000145
47118733000199
47128256000142
47142704000162
30870514000240
47265433000132
47272149000193
47316514000114
47393961000177
47402563000170
34051640000223
47481755000119
09033954000337
47570433000146
43887885000790
42918497000333
47586190000134
47603541000178
47605683000174
47643563000161
47647538000156
47663959000170
47692774000194
47700415000131
47720986000138
47736581000198
47741625000178
47759325000116
47762605000183
47790412000136
47847384000146
47866304000108
47867784000113
47888908000147
47921394000184
47925216000121
47969441000160
47971351000103
47971774000123
48001442000189
48036390000186
48093688000128
48117523000149
48138627000130
48209703000150
48312515000153
48337087000113
48377848000160
48398959000153
48473526000115
48514886000118
48538038000149
48549321000176
48551179000100
48576362000151
48591559000160
48596912000102
44312459000104
48621461000108
48626503000101
48629833000142
48645853000107
48667680000128
48706079000105
48744765000162
48755239000106
48918859000100
48932886000138
48946054000170
49013963000119
49041416000147
49076927000102
49093269000159
49120495000181
49135800000109
49169716000106
49174161000190
49195441000185
47709094000136
49221734000190
49264366000167
49314006000122
49333601000105
49374348000138
49428523000122
49444496000181
49455755000170
49477113000171
49537691000156
49541837000137
25047663001245
49550131000131
49553184000106
49562280000110
49564632000177
49576255000196
49582784000100
49608690000155
49619744000188
49630554000161
49686457000190
49709935000130
49735427000127
47028263000172
49781417000128
49824131000182
49829931000196
49838237000135
49839691000100
49843826000101
49911735000166
49963182000195
49970317000140
49974852000179
50062646000171
50080885000154
50086709000120
50114746000102
50124374000197
50156337000160
50168818000196
50220032000170
49594139000108
50242983000140
50265797000127
44155344000145
50300696000140
50304181000118
48035009000164
50235113000144
50428500000105
50432097000180
50433624000170
50293021000110
50456153000116
50466052000126
50510849000183
39545817000342
49976828000179
50663226000140
50684493000102
50687882000183
50697141000183
50702876000158
50706534000106
50726647000173
50775127000150
50792440000105
50846111000191
50853440000160
50883681000151
50901551000102
50902335000173
50914922000182
50954027000191
44608603000146
50989322000183
51005214000191
51016736000199
51042875000197
51047253000151
51132965000179
51134965000108
51169507000104
51201813000180
51213447000180
51213741000191
51219205000101
51231089000138
51245992000158
51267459000197
51293185000100
51299122000161
51314601000100
51324757000171
51344227000195
51392490000150
51410591000106
51415822000174
51418587000194
51435473000152
51444758000150
51475155000115
51494167000197
51535302000103
51549274000175
51621780000128
45461054000192
51700667000138
51717870000117
51757999000159
51762067000102
51769698000145
51774880000194
51787136000124
51794534000178
51830866000160
51859063000139
51890920000163
51895846000178
51932178000101
51988745000141
52016349000115
52071326000103
52072446000125
52119365000133
51954466000248
52128802000185
52138903000137
52175495000193
52222644000128
52256578000107
52258578000146
52288940000121
52290917000171
52049840000223
52324767000170
52342928000158
52353108000161
52393734000181
52398777000150
52409668000190
52440028000143
52441553000183
52491666000193
52521054000104
52499468000176
52582463000102
52619875000170
52656579000149
52697279000108
52700874000155
52729067000165
52741403000195
52762492000156
52799733000131
52824371000191
52850513000195
52873583000169
52884414000124
52906627000100
52924865000148
52991206000124
52992606000154
52797914000129
53014952000120
53025571000147
53048939000192
68365501000539
53102507000112
53107673000101
53141142000135
53145803000109
53180359000154
53195778000160
53267846000159
53364942000115
53385856000199
53390653000190
53483721000166
53512267000124
53512584000140
53523979000149
53525711000146
53571325000190
53576622000129
53584772000184
53600897000150
53632796000161
53666222000104
53675026000104
53689785000118
53695098000105
53702805000143
53704725000127
53734444000117
53765445000129
53814387000186
53818909000118
53873020000133
53881182000113
53913313000105
53917032000112
53959407000107
53976642000197
48289688000289
53525254000190
54014772000101
54037071000198
54053667000181
54102456000191
54131340000180
43197350000283
54144199000150
54152659000192
54153618000110
54182591000194
54212823000100
54236536000130
54267881000130
54283139000119
54290434000100
54333670000159
54367361000108
54418345000199
31379186000246
54505213000102
54511269000161
54537228000144
54561129000106
54586788000199
54637505000190
54658732000100
54702285000131
54744300000104
54853756000102
54866336000160
54912612000180
54966720000135
54970952000167
55004491000130
55017371000178
55021602000117
55034134000115
55096797000164
55098174000120
55107603000189
55129699000186
55135741000171
55201330000137
55204039000112
55236049000130
55248972000191
55258664000147
55276697000110
55313978000103
55318580000151
36650080000259
55363759000120
55371469000129
55387832000102
55399332000182
55456228000182
55467685000172
55537064000118
55549025000130
55557122000175
55558627000154
55575747000160
55612340000165
39397440000240
55710203000163
55713221000107
55755371000175
55829702000174
55873387000182
55878476000111
55932029000101
55936287000158
55941518000111
55965980000159
55969862000119
55985141000100
55986001000149
56000487000167
56060250000171
56064765000140
03362189000312
56112666000196
56123247000150
56130175000178
56161220000151
56166308000166
56195168000154
56229551000186
56294157000121
56295353000110
56339178000116
56348434000131
56367297000182
56385009000112
56441185000124
45742318000267
56689167000166
56907594000173
56955555000141
56981981000150
57053206000105
57095532000177
57098833000154
57129928000198
57166462000109
56283421000121
57199401000130
57206207000134
57216323000134
57229066000175
57290098000186
57327789000107
57341586000175
57424559000166
57460368000150
57464827000173
57469877000143
57479572000112
57586747000190
57607562000115
57610531000113
57634108000153
57642171000131
57706498000120
57746656000175
57786564000119
57789432000140
57815728000199
57821257000121
57839368000165
57842045000120
57871720000140
57874128000100
57880196000173
57889159000126
57898027000160
57900683000150
57903770000161
58007415000177
58022546000123
58035045000181
58057432000119
53364909000195
58085632000185
45606903000159
58142850000104
54751799000187
58188916000105
58221162000130
58226177000190
58237846000120
58241136000173
58252868000169
58258647000106
58415919000126
58426779000191
58442741000102
58470300000114
55099827000862
58484538000107
58498390000151
58500247000157
58532385000118
10463258000340
58586024000154
58591007000105
58591585000141
58614857000181
58699152000104
58729647000139
58734498000104
58758128000107
58758167000104
58820258000114
58841158000174
58846039000104
58852029000181
58858535000188
58877727000131
58529857000264
58882212000120
58886432000121
58888300000139
58896581000171
58374691000173
58943976000188
58966472000183
58994370000171
58997205000173
59011134000150
59034220000189
59061752000105
59130027000141
59130395000190
59154172000162
59154745000158
59175556000161
59195356000170
59213135000188
59280437000179
59292461000128
48814162000432
59412665000155
59417066000124
59465139000153
59515406000150
59523663000133
59531880000175
59567570000100
59586070000116
59587605000173
59589479000196
45165252000109
48842479000130
35594290000204
59781069000142
59804854000173
59809912000151
59849721000113
59907102000138
59954817000141
59965069000100
59998017000122
60003143000189
60014913000199
60039825000141
52937285000195
60096502000190
37832492000272
60139665000102
60155511000104
60176552000187
60200645000108
60209945000140
44066407000197
60261142000134
59950473000100
60271292000129
60317581000111
60339016000155
60357219000174
60366527000166
60425294000125
60429839000171
60488851000157
57937165000373
60501703000125
60502167000182
60526925000100
60531249000155
57011932000157
60595159000128
60601112000120
60613257000140
60401462000142
60727102000135
60729033000107
60731913000100
60748817000174
56084417000134
60752239000140
60763772000107
60768877000159
60779560000118
49247225000306
60820767000199
60845984000133
60847445000133
60849664000151
60852380000114
60872048000111
60897347000100
60926207000113
60931178000188
60969588000118
60986535000105
61014645000178
61021297000166
61040396000195
54931926000120
61073018000108
61086488000106
61109868000119
61134442000115
61135262000158
61143227000180
61177328000172
61211927000165
61231805000130
61232665000115
55099827001249
61257162000102
61260315000162
61306285000188
61316027000182
61332816000107
61349633000102
61362211000169
61408851000162
61431371000112
61443038000123
57456663000213
61481664000104
25488431000250
61492044000170
61511395000181
61512036000149
61544501000123
61555825000167
55293072000166
61576630000101
61619744000183
61632751000115
61642587000127
61672286000146
57937165000535
61699983000190
61704074000101
61731813000146
61755493000164
61767340000137
61776931000170
61781188000147
61817396000159
61847540000108
61872949000176
61876206000174
61884511000108
61916669000112
54070803000141
43957756000136
45673523000137
53087462000154
44507301000181
46632759000198
48725406000168
50981544000150
51891987000112
52572654000193
54709450000187
56875947000109
59602558000190
44537119000173
53327963000160
59083815000124
51251108000198
55105081000186
49275984000102
61755535000167
60793921000180
53296170000121
53967509000174
54373897000128
60904170000122
61561971000103
61951460000190
43695988000244
62009564000142
62082999000112
62086200000166
62099912000110
62115890000134
62123447000105
62152554000161
62160471000114
62222454000164
62226572000140
62240292000197
62243986000188
62284656000130
62319804000105
62377823000198
62389308000128
62407724000101
62428690000131
62438032000120
62463683000170
62466162000177
62524967000120
55099827001591
62604835000108
62631159000161
62647994000190
62656601000104
62688045000158
62699762000185
62716202000191
62748018000123
62759817000103
62771395000183
62783111000179
62801742000173
62803917000181
62820084000167
62830185000119
62851861000130
62877392000129
62892172000174
62898901000108
62967498000113
62971527000110
62974901000131
62979129000140
62989503000199
62998607000160
63011405000145
63019056000108
63030022000114
63030294000114
63078707000130
63106040000132
63138008000139
63153422000117
63174714000136
63230164000125
63154160000296
63248905000103
63266057000157
63308620000102
63321790000127
63326933000193
63330446000102
63359550000111
63370646000180
63378183000101
63428017000164
63477972000191
63483146000155
63500643000114
63512798000170
63528634000131
63587397000180
63596177000112
63630893000179
63649069000160
63688778000155
63694847000133
63702652000198
63710671000166
17796637000210
63718429000139
63841017000191
63845050000190
63846576000194
62419623000150
63468427000139
63870682000103
63880643000197
63894116000131
63906444000100
63912381000103
63923859000192
63949061000110
64006173000108
64016418000170
63163214000107
64029230000166
64056056000140
64112236000100
64113014000102
64117825000173
64201681000139
64248976000160
64273079000107
64315999000140
64352211000176
64370518000108
64389677000146
64396156000116
64420098000119
64429908000106
64442609000101
64447526000105
64449326000183
64461657000139
64482893000131
64482976000120
64502561000171
64562398000132
64572299000131
64615112000130
64626354000129
64643001000137
64661254000133
64668335000165
64672680000172
64685390000163
64692811000183
64695556000122
64734471000106
64748352000102
64768460000147
64772097000133
64777633000193
64814507000161
64883692000146
64885774000120
64891763000152
64901865000101
64906545000144
64921796000106
64928637000125
64966741000104
65011206000162
63949751000179
04562399000236
65119693000181
65120723000170
65142495000139
65163971000106
65169384000116
65170795000121
65181558000166
65190137000100
65191237000142
65194626000121
65245302000175
65274302000101
65286511000167
65302743000161
65314917000106
65321600000105
65335533000170
65347193000105
65374481000140
65391624000122
65405676000100
65405950000141
65431990000168
65432489000116
65463474000115
65484862000182
65493061000183
65508757000136
65526198000197
65573695000146
65591217000169
65615931000140
65656543000107
62816414000140
65673798000188
65706976000120
65707969000142
65717260000128
65721591000131
65732060000144
65741253000161
65762878000100
65776696000198
65779320000137
65797124000195
65805677000142
65816039000127
65879469000198
65900463000155
65919610000139
65927986000195
65953409000178
65957807000162
65965763000112
66034180000130
66034920000139
66036119000122
66070510000143
66082973000125
66122625000134
65563557001409
66156049000146
66198066000146
66209282000140
66221228000110
66229464000182
66233937000115
66247290000180
66255283000120
66302178000103
66302297000158
66310494000119
66326823000110
66326940000183
66330996000101
66372230000190
66392107000130
66400341000162
66413214000106
66436363000182
66465799000108
66486295000166
66488900000138
66495636000160
66497576000114
66514009000129
66541515000107
66559671000103
66600592000190
42707178000206
66613179000160
66619747000130
66622038000104
66651450000152
07079410000119
03313100000166
03320605000158
04966224000103
01681909000115
05001746000133
03371898000100
93401925000125
93412963000183
00123035000118
05055863000180
05069934000101
00136217000123
03436658000139
03441073000107
00157440000157
00164013000104
00185573000137
03473208000116
03473637000193
00197093000196
00206115000137
01842703000120
01856674000155
01860397000154
05197345000109
00249101000109
00251073000156
03559545000120
05699664000104
03577351000158
00285104000190
01919168000168
00301947000132
96391586000131
00339797000156
05308060000190
96777693000100
03667804000137
00370961000198
02005050000197
03691064000174
97312466000164
03708555000180
03716533000162
00429313000160
05421387000173
05433449000167
03760617000101
02080990000140
00480770000189
00481909000109
05480297000153
00503768000188
03825018000110
03828036000156
05504155000189
03858833000186
00556836000177
02181536000186
05533415000144
02198815000152
05552372000144
03902279000197
02223868000186
03943969000194
05615608000144
03959747000160
05625351000101
03102774000200
05673619000180
04009331000143
02308508000187
05700535000199
00715991000199
05706055000135
02355249000145
00741741000123
04091373000176
02395862000196
02402312000157
00781398000140
02418068000110
05790578000102
00808264000176
00815604000196
04169759000153
05827961000198
00875459000139
00877117000158
04223383000118
02512262000160
05913528000175
05936055000121
05957569000163
05959121000189
00981141000132
06008008000180
01011946000116
01013763000130
04396877000102
02697432000129
01076037000166
01083224000177
04450477000120
04453428000140
01091196000130
04457832000192
01106094000140
06180990000173
73519753000181
73571804000114
55914659000145
02788963000127
06220475000170
06242502000105
04574198000178
36390078000107
02828195000198
04588474000157
36517068000190
74287418000168
06294931000126
37058088000102
04625136000148
04636458000192
04671544000136
02910361000109
02916432000172
06372092000117
57461477000191
75569855000137
06871223000100
04725866000110
02960051000190
07477939000190
04740590000140
04741862000126
21050943000107
01376024000102
06943948000167
04774754000150
04776771000126
76760479000126
58601212000104
04811864000144
03037108000147
03042012000177
03056259000142
77491298000104
04857145000164
59134775000100
03090830000145
01465916000180
01466375000104
59300061000117
01472577000169
77940518000130
03105802000154
40611816000176
59383323000154
77988475000162
59438812000166
04916074000123
03157265000196
07125108000150
03170031000189
01535200000101
01536439000104
23279110000130
71189344000139
01566399000135
07175749000119
07183030000120
07191311000124
79250783000111
23627177000118
03245277000172
61011912000153
23960776000159
07231274000130
01627943000101
01630429000125
42879643000105
07245981000186
79901203000109
01647947000151
80078207000118
07266238000102
07297426000106
62054648000106
07310237000118
07319033000148
07324282000121
07336873000119
25487703000117
81367831000106
81489551000162
45665031000108
63415376000187
63470447000144
45844776000126
26551150000187
26578351000178
26613158000120
82328014000101
63956205000165
82393349000103
82483488000110
64231996000129
64261738000195
09279175000154
64544653000114
83121624000194
83592295000160
65108722000100
83892422000146
10153328000100
66205428000189
29337011000143
86422524000196
11784634000107
66948456000196
87259172000162
12509212000188
12563508000187
12619821000190
87799607000161
12905634000172
88741343000158
68383116000190
52329562000187
52612488000101
32396137000101
32560195000110
69391258000162
52897808000117
69555936000185
32776080000168
90209271000144
90372061000172
33738550000161
71901755000105
72160138000169
72172463000141
34800649000109
17059452000141
34885822000119
07497546000149
07555396000182
07610830000180
07625149000105
06265767000129
07761409000170
35903772000118
07846065000100
24911786000167
04584359000104
03129844000206
05824741000100
16103319000344
00988364000121
04469101000167
02985197000190
07018016000170
06046634000161
01802780000156
01806149000125
03499451000103
02737621000188
06008644000102
91170076000110
05945170000162
05084411000126
03332084000159
05029737000150
01830620000110
01842289000159
03516108000120
00390352000109
02088439000143
02268721000102
02347468000182
04075683000105
04083740000190
00776727000165
00832874000105
05905332000139
04284246000193
00943705000142
05984681000193
00980295000100
06037546000101
01062812000124
02691457000115
02867195000105
74691536000137
06338810000139
38509824000164
39400874000171
07056874000100
03177064000150
03240028000194
80245418000106
07380257000165
46733077000171
09748260000114
07401302000110
12043725000146
52121290000125
69057081000162
52785953000106
07917944000177
07935963000126
08017630000180
08089233000114
78358967000137
04630989000178
03831892000160
03879035000130
66473976000190
17970120000114
05154928000144
97161574000183
00930326000118
01606542000175
07823081000179
52320843000179
72140205000183
05449340000118
01050002000158
73095861000174
93052918000165
94811585000173
05332012000137
02356882000158
31128838000199
04622226000185
04832281000108
01470999000103
40803850000142
62751201000188
34806356000139
04549506000296
01582165000181
00944922000157
02658900000156
07648901000133
08117308000123
06189790000181
19640507000138
04207165000190
69026250000105
04255878000129
01786081000160
74143074000113
70022389000151
65278079000162
02834884000105
11044427000108
64852916000152
02334136000163
02504703000182
16568404000116
82341561000119
01586799000102
19817816000130
00944620000189
03345146000167
01418329000130
68840743000103
03850194000102
04475021000114
06960344000129
07024833000131
03139864000187
00260168000136
02350558000122
06890341000166
06941661000106
03639330000110
05326780000188
63634257000115
03000026000128
05480468000144
08210053000149
20222099000183
08291821000136
08307346000149
08316018000109
08379104000160
08453483000191
08491504000163
08509322000172
08612314000157
08646152000178
08660951000107
08673138000163
08766286000122
06066703000280
08855128000149
08879115000100
08942388000151
08953098000103
08955914000118
09002447000174
09008391000165
09009693000158
09075596000163
09084030000106
08951166000103
09198126000197
09206588000109
09236690000157
09245329000197
09252458000102
09329914000175
09375451000188
09455927000190
09464494000130
03236620000201
09477059000140
09477717000101
09481635000122
09544969000106
09586063000146
09719947000121
10320918000171
10321524000138
04591749000373
10366563000151
10386124000100
10208594000184
10234951000189
10438435000176
10447839000126
10481911000131
10485667000185
10513848000178
10516757000196
10531111000188
10571169000155
10574559000189
10579684000181
10600615000102
10601366000170
10602014000139
10629955000166
10669926000128
10687563000153
10691711000103
10806338000199
10811304000192
10892518000130
20289777000125
10958653000131
11120889000167
11218322000128
02513526000524
11279920000107
11327371000107
10266057000190
11361048000141
11396030000185
11408399000160
11420590000128
11447470000114
10958679000180
11515446000175
11533955000120
11544198000190
11555811000175
11587100000182
11602696000142
11604854000101
11612425000178
11621436000114
11641005000110
11685797000124
11690501000163
11749721000115
11787685000184
11826533000143
11833451000126
11848151000110
11853829000153
11886123000198
11930172000180
11979450000194
12049960000125
12076799000189
12105329000104
12120108000105
09033954000175
12152554000193
12187335000140
12197297000106
05700483000231
12215718000184
12224061000111
12244823000141
12250664000198
12250926000114
12251152000146
12260632000173
12267958000122
12275603000185
12280668000119
12286599000150
12310644000165
12325968000177
12326206000195
12362417000183
12143886000101
12384553000174
12396182000140
12434149000168
12447286000137
12465345000108
12521267000103
12535082000158
12541438000166
12575222000111
12575482000197
04092657000268
12596241000124
12618462000156
12669499000103
12672798000105
12682585000156
12688247000121
12709474000196
12801179000165
12810218000190
12831466000118
12859226000121
12869334000185
12888471000167
12915147000190
12923620000181
12930654000101
12942010000125
12955517000113
12956494000161
12972838000126
12976394000105
13001665000161
13077676000125
13084213000190
13086397000128
13117012000142
13132738000154
11662417000136
20361794000126
13171680000158
13230416000148
13292232000102
13294114000133
13329048000190
13335458000143
13347421000135
13360776000164
13404624000116
13439117000118
20372259000170
13483685000116
13494817000105
13545155000155
13545912000190
13575029000143
13595359000109
13630134000138
13649616000130
13694406000163
13704815000101
13706683000149
13780860000137
13822738000186
13826247000103
13852847000146
13853679000103
13874072000100
13874530000100
13879033000103
13894359000100
97531631000179
13971946000147
13974271000190
13978169000162
14004328000190
14028221000182
20393236000142
14071644000185
14074731000196
14084803000186
14149795000109
14242369000115
14251107000117
14252397000113
14324258000158
14324650000105
14410458000123
14445828000168
14452904000162
14453851000102
14457821000166
14497177000150
14520075000108
14563265000102
14584867000146
14633158000103
14749661000129
14780736000134
14827286000198
20418843000110
14946762000190
14971290000125
14982224000150
14994893000142
15002265000104
15016668000102
15080822000105
15131401000158
15141403000128
15142776000113
15197313000159
20430806000127
15249792000100
20432991000199
15316275000106
15317071000190
15317319000112
15358874000192
08366814000156
08387260000173
08431879000138
08900019000104
10691675000188
10773137000132
10959065000112
11194899000147
11332328000121
11430714000156
11472464000117
11507553000151
11996837000159
12002815000199
12145253000132
12227720000173
12276194000131
12280952000195
12684076000162
12709826000103
12748911000180
12970165000175
13009373000175
13077719000172
13120679000102
13218809000136
13475961000102
13477929000158
13750068000130
13902033000179
14052045000114
14214533000180
14246317000117
14894384000148
14906383000176
14939910000149
15094579000176
15221869000133
15287517000180
15443801000107
15451490000110
15479015000151
15508564000107
15542568000101
15602182000148
15639975000131
15677715000150
15685384000109
15714984000140
15742332000119
15770620000187
15795288000105
16442940000170
16443190000151
16457163000138
16529741000102
16604640000140
16615990000102
16669940000108
16676145000147
16677724000104
16735027000162
16762461000131
08908374000111
16803757000153
16805840000161
16869272000162
16905742000104
16914702000110
08386270000194
16970494000177
16999472000130
17015084000130
17023782000187
14239820000226
17046377000184
17054400000182
17061066000194
17216670000142
17220325000182
17250885000180
17280505000150
17291887000117
17318517000126
17319268000193
17337857000102
17422121000124
17439947000104
17454220000198
17463725000119
17480737000151
17484220000130
17490049000172
17584887000105
09492568000141
11696472000147
17618328000179
17626779000158
17665517000100
17666599000108
17709422000133
17743802000194
17788234000148
17801860000127
17816085000183
17825869000178
17834087000103
03167974000233
17913493000153
17995293000197
12933473000120
18022953000116
18052249000106
18092754000184
18119070000129
18129884000144
18170635000100
18192767000125
18206922000115
18209259000102
18249070000143
18274539000102
18275334000133
08217999000137
10804232000156
11439105000168
11670330000100
11895126000198
12464734000100
13127187000130
13227422000146
13816049000169
14124712000127
15055250000104
15091654000145
15672018000107
17629202000108
17641005000104
17978022000123
18094823000199
18125159000106
18290696000101
18350234000124
18393001000109
18486785000110
18492431000188
18525798000150
18531465000134
18575747000133
18594411000118
18602999000104
18604412000104
18629585000179
18658196000171
18674920000150
18675056000101
17760732000182
18200356000134
41936295000432
11722478000141
18728556000164
18776588000135
18786887000150
18796736000183
18799047000122
18803876000131
18822525000178
18826526000190
18851836000165
18889564000192
18981219000184
18988413000191
19093258000108
19138729000157
19149693000107
19204042000172
19207785000104
19221962000107
19228510000149
19241939000176
19285044000133
19301531000142
19328813000133
19348771000100
19413322000190
19512043000184
19517144000148
19571674000174
19580469000175
19590001000161
19601607000155
19617784000120
19643759000110
19648346000129
19668830000110
19683859000170
19714376000196
19715223000163
19748957000149
19800938000114
19885084000116
19895280000171
19921848000181
19956920000106
19973159000110
19975971000185
19985471000124
20013536000159
20046863000107
20093171000110
20122976000144
20179968000134
20180779000181
20531540000109
20542351000131
20591588000102
20705465000155
20710808000170
20735241000196
20735923000107
20736033000101
20787608000115
20788107000153
20815832000173
20871835000124
20909568000137
20957582000106
21077641000114
21101390000166
21217569000183
21219849000120
21239799000143
21258117000140
21266157000133
21295884000129
21323752000163
21327369000183
21382365000106
21385718000113
21477228000147
21565772000140
21572059000124
21614616000122
21622186000190
21635601000140
21659755000172
21669699000157
21687030000198
21690553000193
21763489000123
21767338000143
21770754000109
21849431000105
21865347000177
21872402000156
21879065000129
21879667000186
21912153000185
21924137000102
21941685000140
21943038000178
21953151000134
01703618000261
22018924000158
22032699000104
22047090000109
22134918000166
22146886000119
22166432000100
22188178000140
22196663000166
22207415000173
22230464000127
22234732000189
22257528000183
22260519000141
22271849000132
22304192000162
22308224000106
22321142000193
22366670000169
22371764000126
22378144000119
22396988000192
22424254000170
22433376000122
22435667000150
12677527000134
22476759000188
22482682000159
22504887000198
22507863000192
22537882000161
22556019000151
22727385000126
22757672000189
22766750000101
22816845000192
22840277000165
22860103000164
22916924000175
22927975000100
04588474000408
22945253000170
21582243000155
22987378000163
23035551000196
23057796000114
23074948000197
23142362000112
23148685000113
23195825000104
23222729000108
23236859000108
23350962000176
23394160000168
23419408000106
23451181000178
23509838000100
23536435000150
23668172000133
23669364000164
23696239000143
23715730000174
23722121000142
23740694000107
23774930000106
23826673000109
23936187000135
09260277000128
13694332000165
24118410000108
24177463000191
17466212000161
24194585000196
24223819000186
24266648000172
24293777000150
24308094000129
24375870000103
24397985000107
24427560000195
24468082000161
24475020000187
24496602000140
24532880000105
24545633000143
24568185000101
24596779000118
24602631000149
24642304000110
24665579000170
24714661000147
24722467000103
24742459000129
24768585000152
24782762000155
24804961000117
24900000000106
24910815000176
24943327000165
24964036000153
24963386000103
24986807000103
25055924000116
25089282000176
25121763000111
25124912000104
25150619000103
25152051000160
25159220000193
25213644000199
25221947000153
25244334000131
25285744000120
25307856000135
25314171000116
25318899000116
25398136000122
25402469000188
25452589000190
15445807000105
21659368000136
11774410000106
10535522000141
21813226000181
21541961000183
15781298000191
19259501000115
24131913000105
08809814000183
21016681000156
11966210000155
10531047000135
17774974000125
15343830000199
14092808000150
12465322000195
20146000000101
10641754000184
12922408000108
25522092000109
12649252000125
12490880000100
09011623000134
11759760000101
13168482000135
20621071000119
13223337000100
18054571000174
17883099000110
24834280000100
11952568000129
12848980000166
22844375000170
13878482000129
22883801000185
08546615000120
24474460000110
24071774000171
09662886000103
09185081000116
08687738000180
10730277000123
10288349000124
11946302000173
23455899000132
24043212000114
24253903000142
24299374000118
12258870000144
10858347000123
15570524000195
09529104000162
22595124000108
22685604000151
11249341000111
17411551000140
13167881000181
23188177000169
20272831000120
10199512000182
09439396000142
21705644000155
17228182000155
15554516000155
11778096000130
23556431000134
24854190000172
11798177000100
14931691000151
11953516000177
14360968000133
24819759000169
15789406000172
20681673000161
11893977000100
16892211000116
19461709000112
24781572000113
12555505000100
17169252000141
19288345000110
09597799000110
14814711000104
20868542000198
15140997000152
24991738000126
11825481000190
26059128000114
26129649000109
26135386000132
26312723000110
26347170000130
26391560000108
26430552000123
26444567000140
26459418000155
26481350000100
26512683000150
26584195000158
26652325000142
26706076000120
26746098000114
26746950000153
26754611000119
26829769000100
26853075000109
26860530000101
26873397000110
26897711000102
26939138000144
26941762000186
26969026000136
27026571000151
27045461000137
27076053000142
27078056000115
27151295000153
27187956000109
27191793000120
27205192000129
27226982000190
27244049000146
27337847000112
27350232000126
27380756000160
27418650000108
27428975000171
27438810000180
27442244000180
27443812000168
27456387000141
27460102000146
27496630000155
27501439000154
27510436000187
27532741000170
27581197000156
27631189000177
27641431000193
27651950000132
27663358000150
27663605000119
27668340000141
27684353000104
27707530000120
27708859000106
27752528000173
27779967000170
27790896000106
27795135000147
27808306000125
27808356000102
27826706000163
27870402000101
27881199000160
27891499000120
27901645000151
27919400000151
27927423000108
27933764000196
27988623000170
27989265000110
28052746000168
28067564000160
28085612000143
28106090000119
28196940000117
28199440000139
28218215000100
28252550000117
28267811000172
28023053000147
28358345000130
28374998000103
28387781000138
28390398000139
28401655000190
28438445000177
28480925000104
28491529000174
28508839000154
28527061000120
28530870000191
28535563000101
28555882000170
28626306000177
28681553000176
28694796000149
28762422000113
28866350000154
28868462000144
23212627000292
28885412000175
28892132000194
28892844000103
28893249000192
28909488000193
28914914000187
28942156000100
28895862000149
29053526000111
29058990000109
29089256000107
29102790000106
29114809000126
29119940000186
29124907000144
29153701000142
29174474000131
29278386000180
29313985000197
29371586000182
29396297000138
29408233000100
29414920000138
29429920000101
29449624000172
29449856000120
29453038000100
29454430000165
26100977000174
29456970000188
29458913000138
29468346000109
29474618000175
29474882000109
29478287000141
29488036000148
29488700000159
29509407000120
29570822000190
29624453000170
29636600000122
29642781000108
29680044000191
29692133000158
29732491000147
29765242000158
29767844000144
29789992000160
29790793000171
29802494000100
29806352000110
29843382000105
29867150000189
29954561000101
30048612000115
30077488000116
30169334000154
30174512000135
30175557000124
30192013000170
30203206000180
30224775000101
30272784000178
30306782000152
28396708000122
30313614000194
30328565000163
30350743000152
30362384000153
30365600000114
30404117000100
30426066000109
30437987000177
30438254000157
30466727000120
30478158000132
30509803000137
30582377000167
30589166000156
30609299000147
30633096000196
30654314000179
30685348000120
30686429000145
30721158000111
30754309000138
30800352000192
30812294000117
30843754000174
30846924000174
30882950000158
30888545000147
30906306000172
30932380000163
30943926000181
30972556000100
30975238000101
31003066000169
31004373000164
27614673000198
31025569000135
31038440000161
31069957000118
31101004000190
31106336000167
31121180000193
31122611000136
31140161000104
31152765000170
31246795000146
31256202000122
31301027000148
31370079000176
31386807000138
31411624000125
31416031000151
31450719000158
31474707000163
31490461000113
31491782000132
31492290000161
31496389000131
31542134000168
31569425000140
31581445000136
31679391000146
31585308000170
31745990000110
31784963000157
31819916000100
31820760000179
31829832000149
31833847000180
31879673000197
31923777000151
31940713000169
31972735000100
31973433000157
32056797000135
32057768000198
32068788000164
32089698000150
32100934000191
32272033000187
32286603000198
32291343000149
32315911000102
32359736000147
28466626000107
32401352000145
32416563000151
32459762000147
32468089000101
32470467000191
32471552000174
29283481000171
32515535000191
32525634000154
32546956000180
32565938000145
32571771000125
27348268000175
32692349000128
32732516000117
32808999000196
32814278000199
32866173000183
32878617000109
32887128000105
32898922000154
32906469000180
32912125000184
32948558000190
32956481000108
33007810000129
33011219000145
33028620000198
33050224000167
33066391000104
27104558000173
33092151000176
33101071000130
33117831000105
33149259000158
33170253000162
33266799000111
33308259000153
27503667000163
33340037000118
33431242000199
33450269000129
33469702000178
33580943000190
33585535000120
33643111000175
33658385000138
27275729000127
33737076000153
33770281000110
33779656000103
33789340000100
33822642000125
33875562000138
33908718000130
33923213000144
27159479000160
33969358000186
34005779000150
34019055000165
34019481000107
34025166000184
34070448000101
34080800000181
34112991000116
34113778000129
34114571000179
34116927000103
34127608000101
34185748000128
31921355000147
34255010000190
34258419000160
34285557000138
34300899000180
34344984000140
34371304000187
34385933000166
34412870000190
34439736000182
34454840000146
34459843000172
34580447000107
34595254000111
34599115000166
34605424000100
34648032000110
34661394000140
34662307000170
34706579000124
34768228000148
34777377000173
34779913000170
34781714000104
34785086000127
32519917000193
34815030000178
34827000000181
34840591000127
34861463000160
34899083000114
34904916000198
34910445000120
34912944000157
34915364000113
34915712000152
34921330000131
34952138000102
34976917000148
35031658000145
32463143000398
35059813000131
35060297000165
35122799000173
35171154000120
35205886000194
35243327000179
35295009000151
35431792000133
35498182000157
35500874000192
35566974000111
35623185000175
35629189000160
35647565000140
35649055000101
35649704000174
35670494000104
35673751000153
35798451000109
35895765000111
35908296000128
35926784000168
35932506000113
35942710000115
35944775000108
35948351000103
36070708000166
36085048000197
36116100000125
36125521000112
36135947000157
36140229000179
36156355000111
36261239000162
36289454000171
36351665000197
36373505000149
36399025000157
36456798000128
36524491000117
36562266000175
36586265000160
36598264000136
36611977000192
36648688000168
36660186000152
36661421000100
36694746000190
36725691000138
36743501000105
36810184000100
36823535000100
36861548000173
36868019000100
36876130000130
36922886000178
36926660000145
36942380000120
37008956000140
29706277000116
37029310000149
37060636000139
37081518000107
37096297000140
37184492000122
37193782000132
37235968000107
37267088000112
37343151000152
37353775000150
37376429000198
37397520000190
37398367000115
37410889000195
37427905000152
37429879000100
37433818000108
37464173000170
37464811000153
36588498000100
37575179000115
37576173000162
37576640000154
37606425000159
37627598000153
37664741000187
37709711000140
37717521000174
37756917000120
37842169000107
29614326000190
37705129000105
37938112000106
37854953000127
37880071000136
37893342000198
37930397000120
37975568000138
37986088000172
37987363000172
38041637000107
38045729000157
38051989000135
38115708000160
38146799000100
38164416000118
38188735000163
38203079000120
38206529000139
38211137000168
38212565000105
38217026000169
38226055000197
38238835000157
38266708000161
38284471000141
34638879000202
38304581000128
38318699000105
38418270000190
38428357000148
38457241000137
38539951000106
38614936000185
38658929000185
38709835000198
38823007000186
39167392000113
30945979000131
39274996000169
39338279000153
39347241000147
39379205000165
39379216000145
39386090000136
39409903000166
39421535000171
39421951000170
39449314000101
39485432000175
34709474000129
39548202000108
33206725000190
39597481000108
39612493000156
39692726000178
39713363000100
39739606000189
39788874000190
39813380000119
39814763000101
39827684000135
39838940000190
36039895000115
39848191000181
39870796000179
39877325000192
39888061000172
35275244000161
39924040000165
39940976000180
39983321000199
39987975000190
40018254000151
40043475000180
40098862000113
40131986000153
39900369000196
40178224000102
40182241000113
40261533000141
40261676000153
40271006000118
40317717000186
40325416000102
40331204000120
40333614000100
40344308000179
40345314000140
40376005000138
40396754000127
40403060000170
40410610000188
40445916000170
40457887000166
40488870000176
40489128000185
40501619000102
40502112000165
40503326000156
40503679000156
40563565000100
40571908000170
40574004000106
40601115000156
40606370000191
40611057000141
40625843000106
40641055000103
40643586000127
40708701000102
40717865000198
40761423000149
35652397000180
40800834000104
40814707000156
40826993000170
40839759000187
40888021000100
40888129000100
40914638000152
40951371000173
40972284000100
40973657000150
40999083000199
41094217000195
41106575000170
41141357000177
27252905000105
41237848000116
41248601000103
41277022000180
41307941000150
41315082000140
41322030000100
27944629000146
41418550000102
04083740000270
41432647000170
41454994000101
41457600000160
41487753000150
40879554000206
41594439000177
41615491000162
41620891000166
41646895000113
41728368000158
41783918000131
41784384000168
41804257000183
41827236000183
41860490000183
41877525000197
41878842000128
27657524000106
34320977000108
34688362000139
35439976000140
27950110000170
36394669000152
38903403000113
38014836000118
14400324000474
40115520000164
29395207000194
40179122000101
29548020000183
40367029000120
40511098000166
31451331000171
30874965000174
31396073000178
41912883000193
41975128000158
39375624000129
42001832000172
42005733000169
42006075000120
42013684000106
42016697000139
42026438000199
42027032000120
42030485000106
42067560000103
42078523000109
42089067000194
42093612000116
42108765000190
41815436000205
32580445000427
42173565000110
42206316000184
42214747000192
42261421000116
42304083000152
37729870000106
42362796000172
42393195000127
42427897000184
42439857000152
42444949000120
42453016000108
42527391000147
42604106000144
42605265000163
42640873000109
42695389000187
42710906000140
42742850000105
42748835000174
41096945000136
42780404000195
42811176000173
42829100000175
42841145000165
42841941000106
42879431000110
42883384000188
42888325000100
42893774000139
42899592000175
42916041000172
42917055000100
42977901000188
42983730000108
38488453000181
43005667000190
43018444000167
43061105000163
32399052000179
43104060000167
43152299000102
43157385000108
43159438000120
43193303000180
43200074000184
37445088000165
21295214000293
43270541000142
28556384000142
43308218000110
37664029000188
43440362000106
43440667000118
43441463000100
43444825000108
43450016000109
43464394000141
43481693000194
43522027000157
35462196000110
43583626000180
43591456000186
43601294000110
27560947000103
43639612000131
42061941000185
43682170000106
43690229000108
43723001000177
43750086000182
39398202000179
43767948000180
43795647000160
43823408000176
34705719000140
41851192000127
36694574000154
32654579000100
43536463000185
35266250000152
32118849000150
40251830000106
42762730000170
26793382000141
32946257000127
41063704000190
43665245000140
30171098000100
33911102000118
34371592000170
43025109000196
36140680000196
41773506000110
34624442000120
43429886000104
37721232000149
30258509000108
34242744000134
43122328000193
36597244000140
35200901000101
27925077000129
35146889000102
32877325000143
32676049000155
30381306000104
43077977000110
33657518000151
29949357000100
40964308000171
30739814000103
30430403000131
40340263000164
37023904000142
36099030000144
41370219000160
41640763000184
36449899000171
37207114000117
28679023000193
35875535000190
39704817000186
28491644000149
37211973000180
31128918000144
38351972000101
04083740000351
42521270000198
37169815000109
27200547000197
29844291000186
40340454000126
30820192000143
30846717000110
32920797000131
41439584000183
16676145000309
34496105000103
31748739000100
32371421000115
43845036000189
40104900000284
43931794000110
43932176000194
43935191000196
43966250000193
43981954000135
44013971000141
44027872000119
44067747000132
44103341000168
44105535000100
44127214000107
44131063000152
44139534000179
44154705000139
44169228000185
44173586000161
44232341000168
44246614000123
44251880000144
44305781000106
44306430000101
44308449000197
44384604000154
44409966000152
44414718000108
44423681000176
44426800000144
44460404000133
44480939000176
44541490000109
44572134000152
44608892000183
44626439000108
44638276000175
44700070000128
44713283000194
44746008000177
44750345000138
44761165000151
44849661000161
44880159000113
44898207000109
44938209000176
44943385000104
44943533000182
44996473000166
45015433000159
45031525000122
45039431000108
45040625000115
45052237000154
45141269000126
45157566000160
45185315000199
38542369000360
45218665000104
45235813000107
45270806000138
45276231000160
45289891000186
45338057000133
45348989000167
26078796000270
45371684000176
07625149000296
45444680000170
45488237000100
45517080000195
45541997000125
45576480000171
45606018000170
45666111000170
45671913000178
45732890000164
45867274000110
45872573000143
45907056000162
45910355000156
45979173000131
45986870000110
46009045000128
46027696000140
46069114000199
46113983000173
46125964000167
46148522000136
46212749000101
43887885000367
46272749000199
46273930000110
46290696000139
46306013000194
46346307000140
46392222000106
46403865000108
46406235000189
46413642000113
46421721000176
46459060000178
46461826000159
24409496000381
46477673000138
46493971000111
46499817000157
46511419000109
46608999000157
46632705000122
46679703000199
46680506000190
46771298000134
46781946000133
46788778000108
46796706000102
46799082000187
46861533000169
46930191000191
46963266000130
47031275000156
47040461000151
47061230000124
47082502000172
47092661000158
47100152000120
47142460000118
47177243000163
47250315000150
47254702000165
47256762000117
47367738000155
47373289000158
47380101000107
47402707000198
47404206000140
47406994000104
47436903000183
47457317000115
47480622000128
47501918000188
47545862000163
47560366000189
47575546000134
47586414000108
47683379000145
47749115000147
47771747000107
47807667000164
47832283000100
47871784000197
47904619000194
47910884000185
47924801000107
47954551000158
47992571000113
48003986000180
48018307000146
48046925000108
48068619000164
48091001000115
48149903000165
48151846000159
48181661000197
48185652000174
48243987000100
48252695000125
48264235000117
48327158000105
48354560000170
48358579000195
48365764000107
48390965000164
48441015000111
48446023000150
48480790000186
48493524000198
48542111000156
48558482000126
48587567000132
48626913000144
48641581000177
48710450000102
48747720000141
48751239000120
48771132000143
48780327000150
35775507000282
48841248000101
48864705000183
48872098000101
48908667000113
48913810000165
48964312000141
48987567000120
49005574000141
49013100000141
49014751000156
49047199000100
49065724000102
49129239000155
49137463000199
49148069000156
49148983000105
49150002000156
49161239000132
49182271000102
49232361000152
49233480000120
49257243000107
49261785000145
49261840000105
49263103000133
49318532000160
49333448000116
49375930000119
49422649000190
49444849000143
43887885000448
49468784000176
49479570000103
49543253000109
49597017000167
49611509000160
49612767000160
49619693000194
49633268000150
45200133000140
45177716000105
49673443000132
49445750000247
49686752000147
49708546000190
49757242000113
49799545000107
49804643000187
49810095000106
49843970000148
34375483000201
49909398000172
49944971000189
34522498000255
49950745000100
49965242000109
49971612000110
49974128000145
49986617000117
49987352000171
49991161000183
50062726000127
50069027000109
50077307000169
50079107000145
50096477000190
50103221000163
50105732000114
50114979000105
50135332000151
50147158000167
50149203000112
50151624000188
50158458000141
50167361000103
50188199000100
50283322000163
50336899000196
50387268000104
50388811000180
50406531000157
50418909000132
50442611000168
50448804000126
50536839000117
50634939000186
50637934000107
50680787000158
50703080000110
50762477000182
50765149000130
50765342000170
50818200000124
50849982000169
50785315000160
50893456000104
50930202000100
50958843000173
50965331000134
49139972000231
50986548000120
50991232000127
51005646000100
51029899000106
51032128000178
51042813000185
51059907000167
51062220000180
51066481000179
51067348000137
51073169000102
51077779000184
51113719000170
51134463000187
51153168000178
51158748000158
51178502000148
14064082000304
51243249000169
51310070000187
51325203000199
51354351000131
51364603000103
51392816000149
51420612000174
51438099000149
19345440000290
51478361000189
51480761000129
51485331000108
51489648000104
51503072000192
51534768000186
51541732000120
51565089000174
51602436000191
51640893000170
51659492000162
51660815000138
51731134000113
44428470000126
51739997000137
51750721000150
51758786000141
51767139000104
51836774000198
51916702000150
51954466000167
51963595000111
52010934000108
52014627000103
52031811000153
52069201000149
52076625000130
49558218000155
52095592000176
52115205000116
52126352000191
40464649000269
52252879000162
52301540000109
52361975000149
52371152000102
52396616000127
52416675000110
52431030000156
52472276000176
52491807000178
52511187000191
97537357000307
52598733000173
52606296000192
52617462000156
45282594000109
52707051000151
52730548000190
52749796000183
52771942000177
52854022000112
52873645000132
52877050000155
52907405000101
52924808000169
52939662000125
52939982000185
53004584000130
53022765000199
53037195000100
53094225000110
53101232000100
53128268000170
53129141000175
53167816000170
53258514000108
53268874000190
53269966000195
53287668000128
53293234000130
40992520000223
53320671000104
53320893000119
53344365000108
38542369000441
53401745000129
53418573000104
53427144000195
53449354000184
53462606000105
53475277000137
53494085000178
53505708000160
53510189000129
53512373000108
53527272000100
53529122000136
53566454000190
53591306000126
53591360000171
53599209000180
53600723000198
53607371000100
53614414000177
53643951000145
53646174000192
53647852000131
53648893000142
53745216000142
53767881000137
53834635000150
53835983000142
53883429000130
53909451000102
53929990000103
53936026000102
53971567000171
54001951000104
54023492000160
54027322000153
54069131000154
54070763000138
54107465000175
54144272000194
54150004000185
54152775000101
54229235000189
54229826000156
54251332000178
54260720000115
54301860000194
54410599000160
54436273000102
54461529000131
54501009000105
54517196000115
54532504000181
54533642000185
54586307000145
43591456000267
54613227000131
54618902000115
54661068000140
54678204000105
54711009000130
54725366000157
54730396000151
54739279000159
54742042000127
54752187000109
54758086000145
54791602000133
54793660000104
54810721000196
54833088000151
54846680000198
54859789000160
54862486000104
54865821000110
54874042000180
55029903000197
55073102000129
55099827000196
55114547000100
55142492000141
55145529000195
55160219000140
55161431000121
55163340000125
55167257000124
55187549000129
55227345000174
55242583000159
54580150000140
55295155000194
55299321000120
55316662000167
55329689000194
55362601000136
55375922000175
55393266000133
55408576000184
55410854000138
55332058000124
55439837000123
55469148000161
55475703000168
55481727000120
55498543000172
55538347000184
55558111000100
55568283000164
55590189000101
55603769000196
55629467000197
55637114000139
55645092000159
55676137000152
55677122000109
55681967000178
52152902000147
55710565000154
55751570000105
55757779000186
55775956000157
42629842000238
55779191000123
55781481000101
55787341000140
55787704000148
55798406000153
55847905000193
55858884000101
55862139000136
55909471000109
55958930000144
56000531000139
56004894000142
56021259000173
56026666000173
56037686000140
56042201000106
56071058000180
56102740000193
56105940000108
56113226000153
56119310000184
56120102000103
56182390000112
56225234000191
56282690000173
56308979000114
56334920000109
56339114000115
56392003000172
56434831000126
56439646000124
56503500000109
56634441000108
56873907000110
56885595000164
56928592000160
56960870000167
56974826000106
55302117000111
44729303000115
50071369000244
57017392000119
57028001000161
10332599000203
57107613000140
57152147000114
57159990000122
57172989000138
57201835000127
57203813000104
57220788000169
57232648000100
57239351000177
57250422000132
57263177000106
57267737000192
57295775000159
57324003000106
57327353000118
57377629000172
57388246000108
57396687000143
57417022000179
57441292000115
57444152000109
57448513000187
57492629000113
57539420000168
57543194000199
57561315000125
57689962000117
55758836000141
57774963000160
57706666000268
57797831000153
57808853000171
57814302000110
57819407000162
57856490000140
57858782000111
57860178000120
39695686000380
57883755000107
57899827000104
57903836000113
57919846000147
57925931000118
57927016000161
57952639000194
57953595000117
57978510000155
57979259000143
57993683000142
58062155000132
58073918000140
58081906000168
58098400000161
58109581000184
58162285000147
58176854000103
58192332000103
58242613000115
58254305000100
58283709000121
58377171000114
58384944000190
58388508000199
58399416000104
58412485000100
58421781000178
58447778000123
58456843000187
58463737000120
56974972000131
58487753000153
58489909000135
58522349000173
58523859000165
58560473000123
58582723000126
50719721000124
58610887000110
58617038000198
58619627000105
58640720000100
58642670000191
58647602000115
58724224000126
53425646000187
58771099000105
58832367000151
58902352000112
58915262000166
58939437000175
58971849000192
58972667000136
58983298000187
59004296000161
59011798000110
59054459000110
59058674000190
59070263000110
59073324000100
59087357000100
59147841000179
53835230000137
59187075000176
59216985000130
59217044000110
59226237000138
59236280000184
59246243000157
59248220000181
59258974000112
59306252000196
59108397000182
59323745000134
59329561000181
59348697000139
59377902000194
59403547000180
59431246000160
59432342000123
59483672000148
59485696000136
59490329000120
59506456000170
59554631000103
59556814000150
59589640000121
59610761000108
59627838000152
59632276000135
59650654000103
59653062000145
59675783000156
59685298000163
59688991000190
55099827000943
59707339000175
59748231000120
59775695000126
59794254000171
59807303000163
59810993000100
59823111000140
59837529000107
59838742000133
59856103000109
59874429000150
59874822000144
59874893000147
59924930000184
59927015000142
59963300000119
59967874000165
59990688000147
60029831000118
60034033000184
60038375000172
60059041000185
60092005000113
60116984000100
60123915000116
60131634000105
60136236000181
45668904000128
60167531000103
60171524000177
55391662000121
60184672000126
60187670000190
60190529000147
60200845000152
60205576000117
60206880000189
60210966000185
60216221000123
60243783000166
60249561000150
60288450000153
38061526000235
60303343000157
60362383000170
60390939000131
29160337000229
60415515000184
60426569000145
60435564000189
60443414000117
60444446000137
60476519000172
60478192000178
60508122000115
60552252000155
60554313000113
60576997000154
60637119000100
60663329000164
60689067000107
60695188000161
60733080000116
60735856000137
60755050000100
60843873000198
60854493000159
60872781000136
60880569000110
60892348000162
60895477000104
60909238000166
60927527000198
60930273000167
60950452000166
60957676000108
60962344000103
61061869000130
61061911000113
61102776000107
54129337000122
61113061000150
61131565000100
56117749000259
61150754000112
61192884000118
61199434000157
61206476000178
61212919000133
61213430000186
61214024000138
55099827001320
61242163000175
61251480000158
49757242000202
61268852000159
61279743000137
61281590000162
61321726000110
61371227000138
61372775000182
61384579000128
61393017000140
48253044000230
61426955000108
61430029000106
61432567000121
61435589000145
61439943000100
61454859000165
61465559000181
61481893000129
61499070000120
61512122000151
61531782000180
61533800000162
51565089000255
61593069000160
61640266000193
61655271000170
61677190000170
61678657000105
61701980000144
61754124000157
61756583000170
61768634000183
61777016000108
61792744000180
61798333000100
48972240000184
61859284000160
61870380000100
61903705000103
35932506000202
52032442000113
61405509000109
55511531000130
52808652000150
52803515000123
56637866000162
53660554000181
44606081000143
46412103000160
51047872000146
54782948000175
56236803000102
45618735000111
51600257000115
53329734000185
55595588000165
55674957000105
58777910000165
61293420000106
52164759000103
51921907000124
58095771000190
58907675000107
55658098000160
60526463000113
46186635000126
61997757000196
62050020000124
62099689000100
62121320000157
62124513000161
62143621000181
62169125000105
62178261000153
62202899000182
62222284000118
62234408000185
62256202000156
62264009000167
62296162000176
62320680000188
62343993000151
62355648000138
62390818000115
62180284000100
62395076000110
62408498000183
62450094000158
62460045000104
62470681000109
62488373000100
62499747000193
62512212000105
62520678000152
62527994000156
62573404000121
62580060000188
62594382000186
62616907000137
62673113000105
62676182000172
62689531000190
62691123000173
62716051000171
62719909000151
62749780000124
62790519000178
62817031000197
62823282000184
62957700000126
62965183000137
62979269000119
62979783000154
63016761000151
63029846000174
54814950000340
63042319000108
63068739000155
63075648000147
63076270000104
63078956000126
63083100000149
63100154000175
63129351000117
63130160000175
63135566000140
63174039000145
63210361000182
63216495000100
63239786000114
63274592000150
63280941000146
63311116000161
63369772000115
63382294000183
63393269000103
63435806000122
63458121000100
63466337000109
63498060000104
48464720000304
40086356000295
63567913000104
63569661000152
63578933000180
63585499000166
63589649000100
63596679000143
63613235000179
63640468000160
63693125000164
63716311000171
62330308000152
63731153000129
63734013000104
63746982000185
63748414000113
63753600000140
63779226000152
63800377000145
63820735000181
63838886000167
63863102000150
63868906000142
63876949000170
63891003000182
63917758000109
63934862000101
64020071000139
64072696000144
64131012000138
64141055000102
64150258000157
64166452000120
64189408000136
64237764000188
64267373000106
64283992000194
64291841000188
64313481000178
64408296000167
64416915000165
64459229000171
64471445000132
64472595000160
64480899000170
64512083000180
64521427000118
64539163000120
64549521000185
64555672000146
64588521000194
64611133000187
64615190000134
64621866000100
64631430000194
64658392000163
64692207000157
64713908000125
64718929000133
64719932000171
64749776000191
64775929000175
64779003000158
64807314000183
64807606000116
64815777000197
64850684000101
64924604000107
64932258000109
64943937000183
64946773000148
64950788000180
64962688000173
64970294000167
64971956000113
64994472000190
65019023000193
65038351000137
65074624000107
64202402000232
65102371000120
65109165000141
65127496000104
65142645000104
65153531000160
65185953000117
65194616000196
65213997000103
65214631000159
65221549000151
65247622000164
65282096000173
65285012000155
65328202000102
65350478000197
60068309000307
65371126000118
65375028000159
65383942000141
65397758000150
65413640000179
65423305000151
65435888000130
65455331000161
65461327000106
65470821000137
65471350000181
65544234000145
65546745000104
65565044000104
63092024000138
65595335000145
65563557000429
65619007000131
12765540000307
65640967000183
65642626000147
65644938000190
65647316000115
65650211000115
65653938000156
65663285000196
65685811000119
65688124000157
63793630000180
65712338000111
65724820000171
65736137000154
65752022000153
65755025000140
65762153000111
65763681000195
65769589000132
65789184000166
65791219000100
65841945000181
65866510000191
65910953000132
65914065000198
54222675000295
65951374000138
65959300000148
65986723000157
65990355000110
66008883000194
66015029000155
66022762000105
66039018000105
66052063000108
66097201000167
66103034000110
66111035000106
66143628000154
66150716000183
66159582000161
66166613000101
66171522000164
66173159000116
66183538000197
66196626000123
66216314000134
66227268000179
66252506000104
66253041000106
66272446000183
66290318000162
66290425000190
66300523000161
66303677000107
08908374000200
64461084000143
66337598000117
66408468000128
66411027000185
66412906000121
66416054000140
66429158000190
66482371000165
66492519000142
66494316000195
66508712000124
66524456000169
66574846000143
66622893000115
66650239000115
66660587000173
66663399000107
66665773000103
66666889000159
66674895000158
66679983000142
66686947000106
00015114000105
00026608000195
00081940000152
05030611000104
00116082000134
05069771000159
03423049000145
05078515000128
03438170000140
03443770000105
01811008000109
05124654000140
05139913000107
03486966000179
05151848000135
05154800000180
01839841000150
01842978000163
01846229000104
00218635000160
00218646000140
00227754000189
05189882000107
01881326000138
05210292000100
95059440000120
03573423000199
01906041000104
00289022000113
00297047000169
03614888000140
01941113000154
96597166000106
96625231000160
96717533000168
00356850000127
03664035000113
03678706000103
02000466000112
02002149000135
02010669000190
97279822000195
97299184000174
02047706000134
00431977000163
03747429000135
00465821000101
03769162000187
02093251000193
00521847000111
00533501000133
02172390000102
00553130000151
00574678000188
02201109000112
03906057000142
00594994000111
05569285000108
00614852000179
05594182000190
00655376000134
05635874000139
02280919000101
02290642000106
03990590000135
02293037000180
02312083000180
00709715000118
00717742000132
00737955000126
02379895000142
00770315000118
00773629000174
00773896000141
04103357000156
05279202000219
02406242000105
04113790000172
05787696000161
05806311000166
00820883000186
05825320000102
02500242000170
71179287000107
05887814000103
05889101000189
00916988000133
05927469000194
02549333000108
04294228000192
06033505000139
02644206000180
06046471000117
04396280000150
07749439000160
02672633000171
01053405000150
02687232000195
01091233000100
02727523000160
06145568000187
35245232000194
01107603000150
17824558000194
37202942000243
01130082000151
06206184000127
06209577000194
04543373000160
04549736000174
04549935000182
04562470000108
56215064000164
06238831000182
74121799000100
19118009000120
74220070000191
01211677000131
06273407000179
06276144000151
06280211000101
02859787000177
06786055000155
04640034000100
37224789000174
01275629000107
57191140000101
02901537000158
20084364000104
37643772000151
06370034000154
06373878000159
57462541000159
02934459000198
20617247000169
02959513000150
07576177000180
38831871000120
06925460000107
76520808000161
39027156000100
04787571000179
01391840000195
06963632000137
03024364000108
77330512000140
21756895000169
07012949000150
03059745000114
07030765000113
07068506000181
03120395000154
22481071000196
03132207000108
03134078000197
81260929000232
03143818000151
01531094000198
01533113000115
78769189000179
01574233000160
60618857000100
79226411000150
42077727000117
01598652000132
01599688000130
07205154000169
79466967000113
03268576000122
07228330000188
07254871000180
24659740000100
07323650000117
81064297000150
07369025000106
44997799000108
07380490000148
25910670000176
63239040000100
82061797000100
26450635000184
63866503000164
63875611000101
26648287000154
82548306000141
27440999000146
48564439000173
83384784000126
83426874000132
27696962000183
83919704000190
48692370000163
66188269000151
29091212000103
66306689000195
66314626000180
85375400000134
86440120000125
86609393000150
86646528000158
66926981000100
67044677000100
87511135000108
13055488000104
88467873000150
07710042000165
89339543000141
32159410000176
32220899000144
14377865000186
69325504000188
69366904000131
70169966000132
90561747000101
33531088000127
33575325000151
71639728000106
33808742000105
34125393000181
91413849000142
91433326000168
16458564000102
34511196000109
91884346000155
72703101000130
17178435000123
07651413000185
07669593000122
07716833000100
07734235000156
07807351000158
07810896000113
05604398000199
07846688000174
07885765000103
07891398000142
40527673000119
07923557000143
07958667000140
08043519000169
04911629000144
02682419000104
10274835000193
01808882000189
03877144000119
04408957000122
00170031000190
03944113000133
04966113000105
00084500000159
01831308000141
01835335000192
01845276000133
94599362000194
01897633000107
05262026000121
05269178000156
03675970000185
03681748000195
00463377000187
02285343000175
00869655000109
05893083000109
02520537000108
00973570000168
06153301000131
04518695000159
18265033000129
57374563000167
04785912000177
03040251000198
07045474000107
41787458000110
23567050000150
07245803000155
07393622000176
50721448000172
69302495000100
34193383000183
54542386000192
72351752000108
07725208000117
08062300000107
08068317000171
04239253000173
00932934000161
01809431000166
00453806000135
02142704000124
02702560000113
01316433000113
42262667000102
24513822000134
07271196000106
82923889000143
09271230000160
07740872000135
33975806000154
17302480000148
03412645000120
00634265000141
04174634000111
94319738000160
03577870000116
03679707000164
00528655000137
05703455000197
02403872000126
02555453000100
05997708000182
04480626000101
19061142000197
37493202000122
06876015000102
01424168000197
03089990000174
03240350000113
85211894000111
54617451000100
07701041000154
02254808000120
27547041000159
84055706000140
32433534000106
02616774000177
02578949000107
00998861000100
67746750000188
36926590000125
01466839000182
73678872000187
00842444000174
04125735000100
05858829000143
07611434000177
05693743000108
06942187000129
83766337000131
72037377000126
06339218000151
01815212000190
04262504000130
68522119000168
00219339000183
02046453000184
04808281000164
42047845000182
70071824000138
02530626000135
23967581000130
04447111000100
03258149000163
01617165000170
63196695000149
08261401000107
08278700000154
08283973000197
08388549000107
08414881000107
08511682000109
08516879000130
08667451000199
08695548000105
08729690000126
08818955000162
08898138000161
08919697000100
08946172000164
08946962000140
08976762000130
08979059000185
91170076000200
09054393000190
09079998000136
09119241000129
09135033000113
09141246000158
09173538000172
09201020000103
09022447000136
09271076000126
09063155000141
09277475000102
09310126000137
20236724000146
09326761000102
09332092000181
09345622000126
09508491000150
20245133000135
09590287000121
10347525000151
10411047000100
10193954000111
10246826000199
10264688000170
10273537000189
10450828000103
10464229000130
10489414000180
10491590000156
10332599000114
10579261000161
20280670000116
10648203000142
10664419000100
10730287000169
10744383000166
10849097000165
10875829000191
10911395000138
11005393000142
11017584000124
11068620000189
11084367000157
11119744000146
11152772000165
11159855000186
11219758000131
11242271000170
11251622000109
08745996000176
11348904000129
11403062000160
11411090000120
11573303000110
11608669000187
11611869000199
11647288000107
11669303000118
11684866000185
11714727000157
11719501000149
11818381000137
11843456000130
11900972000159
11922981000140
11927243000196
11944962000115
20322735000149
11980152000114
12042309000123
12070888000118
12075174000100
12091511000145
12101321000161
12138149000110
12141751000107
12206814000166
12210265000101
12224586000157
12258657000132
12330659000195
12354377000128
12393361000124
12397936000187
12406877000166
12416211000199
12421770000197
12429611000139
12441576000173
12447135000189
12456682000120
12471168000164
12474230000171
12495205000174
12504875000100
12508997000174
12509194000134
12513039000191
12524505000134
12531249000102
12533216000100
12534344000160
12540781000196
12584290000147
12588663000158
12610673000142
12671829000103
12672468000101
12682406000180
12685548000100
12706934000122
12718905000180
12720310000160
11866839000123
12767581000170
12810815000115
12552481000127
12819778000106
12865958000124
12876020000100
20352752000129
12897601000128
12908476000104
12938324000154
12996805000116
13001940000147
13014573000116
13038367000146
13054005000149
13058780000172
13070361000156
13083572000123
13109420000152
13117134000139
13132073000189
13143213000114
13147815000140
13182917000104
13211356000116
13215350000117
13237020000122
13243861000142
13267689000167
11667085000182
13283613000125
13300932000100
13302602000145
13305902000188
13315907000191
13346295000102
13355840000119
13357824000165
20369868000170
13401042000186
13405497000170
13457138000166
13480364000168
13485399000190
13515560000120
13548282000108
07399516000795
13597995000161
13450817000103
13631808000119
13636917000129
13680997000110
13688931000176
13696202000161
13759653000109
13763912000167
13774894000119
13780180000113
13807914000100
13820633000198
13840383000158
13920463000113
97536397000172
13982345000130
13990306000184
14004705000191
14023322000160
14047852000149
14052470000103
14245249000171
14259115000100
14268124000167
14270882000110
14277747000104
14295160000110
14320807000116
14326894000119
14334793000190
14469880000154
03236620000546
14511386000100
09561315000182
14577239000133
14589085000108
14627636000172
14634533000130
14729034000126
14844037000100
14880052000104
14887815000149
14912325000155
14927463000108
14935103000158
14945231000182
14953315000168
14970330000114
15007643000134
15021168000150
15026878000173
15036564000151
15138610000123
15191971000133
15201184000125
15250993000127
15355337000199
15360012000102
15383984000104
08353972000171
08663104000198
08664816000121
08778008000195
09470800000140
10306739000180
10322483000102
10949507000140
11432594000126
11448374000190
11690562000120
11830709000130
12100171000171
12117000000155
12267009000142
12325135000106
12488826000120
12522381000158
12697715000124
13115005000101
20453335000172
13135565000128
13248462000174
13405771000100
13573818000145
13682286000184
97528891000195
20457070000180
14334285000101
14495104000129
14530932000150
14663381000101
14716304000164
14884201000103
15240239000106
15372441000191
15488662000120
15498879000110
15500782000103
15518316000147
15535341000139
15560149000100
15570874000151
15592125000125
15598344000111
15620805000105
15696268000187
15698909000132
15701663000100
12345006000180
16105105000145
16490899000108
16490950000181
16491330000167
16558572000120
13386813000103
16579398000100
16614320000171
16623132000100
16629533000177
16632326000171
16637699000135
16659672000143
16661168000188
16669776000139
16689458000130
16719405000114
16724914000135
14449215000107
16753822000183
16759897000171
14310175000100
13291926000125
14675349000138
10420526000184
09201196000157
12733229000114
16828416000132
16850549000105
16879547000149
16896546000102
16906589000121
16920124000125
17042149000136
17061678000187
17109821000163
17121063000107
17171351000168
17195469000126
17197012000150
17219343000144
17270655000182
17276126000196
13256785000100
17371418000108
17376025000197
17409931000140
17464871000169
17467478000129
17477215000109
17509699000112
17598930000191
17606944000100
17607547000152
11569111000130
17680848000101
17711316000194
17744041000195
17785818000160
17816487000188
17889778000104
17936350000167
17973963000174
90114612000289
18029448000101
18043053000155
18062768000155
18090847000170
18165792000110
18176242000104
18178667000144
18179128000120
18215628000170
08541234000158
08883917000193
09066178000100
10410661000149
10911453000123
11183034000185
11402181000107
11684311000133
12134510000130
12263564000104
12787943000195
13375950000142
13883703000157
14216928000112
14665705000132
15034302000158
16988005000104
17509847000107
16722336000106
18323699000196
18324367000126
18354974000139
15437217000130
18437990000195
18545910000115
18599833000186
18609194000192
18630799000165
18693080000173
18757488000161
18821633000126
18825377000145
18843100000145
18885869000126
18886128000160
16769813000180
18696145000134
18991008000122
19058214000147
19059536000100
19072605000116
19172099000137
13478059000131
19228380000144
19230778000115
19253253000103
19288028000102
19288494000180
19302879000154
19303997000187
19372385000146
19374074000116
19382672000137
19412021000142
19423385000128
19481719000110
19502493000196
19553374000162
19645483000100
19653155000155
19683567000138
19727256000123
19735195000146
19752042000107
19773889000178
19783043000119
19785206000100
19792891000194
19828718000107
19849427000197
19866320000157
19883118000133
19907275000131
06238831000263
19941791000182
19952339000116
19959180000161
19981108000130
19993321000162
20002641000192
20002891000122
12002261000120
20023457000129
20050434000103
20054974000165
20063849000111
20117585000131
20193830000190
20515950000166
20518778000102
01221677000201
20629913000189
20639312000157
20669309000186
20711533000199
20763077000120
20764597000158
20810711000139
20847924000135
20870627000100
20932817000105
20943826000100
20949416000168
20994832000188
21007947000102
21046473000108
21060613000194
21075005000153
21108122000176
21143476000151
21148529000127
21152135000142
21198277000140
21224643000199
21288004000197
21301419000153
21326973000195
21327668000118
21329932000152
21445243000103
21478384000122
21499053000179
21539516000189
21555582000142
21624917000137
21686190000112
21777157000106
21871859000146
21892504000133
21953545000192
21980381000192
22003245000105
22022570000115
22023376000154
22072168000145
22099240000128
22121120000180
22176593000184
22193332000172
22212480000197
22217698000134
22220533000111
22221610000158
22242584000144
16612792000276
22354741000103
22404899000140
22408566000190
22443892000138
22481487000104
22485369000174
22509445000134
22547297000142
22620998000160
22625707000126
22652378000102
22671621000130
22699956000166
22729249000175
22729864000181
22770459000107
22790320000125
22796297000186
22823484000101
22847585000112
22859933000171
09581465000239
22879749000193
22919456000192
22968877000103
22969314000130
22974996000179
23019218000193
23025957000198
23077276000173
23091619000154
23095347000160
23221028000154
23261397000170
23275634000152
23277095000190
11949814000193
23414168000149
08446908000216
23547690000107
23561708000117
23573617000100
23584282000117
23606556000121
23614959000112
23665958000105
23702063000195
17109556000113
23733910000189
07070903000279
23893059000151
23934400000170
23953702000195
23986139000151
24011933000142
24051900000126
24104235000191
24128012000164
24148513000102
24164879000175
24215217000187
24230370000183
24231980000100
24282526000170
24293221000163
24320366000106
24359194000184
24506181000190
24083311000120
24537063000140
24619152000135
24707488000150
24733310000183
24784923000140
24789270000191
24845759000133
24867946000118
24907506000147
24925429000158
24927834000105
24939702000101
24991674000163
25013511000179
25037640000105
25083373000102
13160193000190
25114726000186
25137398000133
25185121000186
25206936000102
25222224000179
25229005000111
25235777000166
25259559000161
25267388000112
25279638000134
25323363000199
25329128000124
25340174000124
25365989000168
25368983000144
25375828000155
25385582000100
25424566000171
25434649000141
25451347000181
25683096000160
12010660000132
19936561000125
22311078000160
09328460000118
17159477000117
22273227000143
24502978000110
15738665000174
25067246000101
17847298000172
14916922000158
15012771000176
08458237000203
22996567000100
08623072000105
19217175000183
08154001000100
08184615000127
13695323000199
18311875000170
24754506000154
23787291000105
17991674000106
10413895000140
23757472000199
18668378000123
09157206000102
12710890000104
12791261000156
10720609000199
18609980000190
12945509000196
14066928000183
17744588000190
16723565000137
21952249000177
13832497000156
20145894000115
22282713000128
22261144000134
08763082000138
11663668000135
13922511000102
24639770000147
10512998000167
09010262000101
20888636000129
13547691000190
12887464000140
19249865000114
12413052000179
12490730000105
24029732000172
24233217000100
18488459000141
14267529000180
14299460000177
25214758000153
15150047000109
15362357000197
20823248000160
17134447000156
21835599000153
21936367000191
22373280000116
17519428000148
08469015000105
09432245000162
11487640000194
14412271000169
21162808000145
22812839000167
22405855000135
22184718000118
24826831000185
21862766000155
14963098000197
22599874000140
08280017000151
13128911000140
17986620000144
22043584000115
25276914000100
23042712000179
12645467000178
22023510000117
13191348000155
11437018000171
16909964000197
23640868000151
09568030000173
17405947000185
09146412000109
08453055000169
22206268000117
13048138000102
11153313000104
18037972000116
12658200000115
19813777000101
11861255000165
17062830000146
20276446000150
11611261000164
08628793000108
11677827000150
13127664000168
13166932000150
14474163000110
14712912000109
15457167000153
18517122000115
11396444000104
19745536000164
25977294000137
25992854000122
26011516000125
26136016000110
26184404000176
21630493000202
26186138000110
26206087000141
26250493000101
26312507000174
26445077000169
26485804000111
26493695000184
26495916000153
26500375000104
26513755000183
26521754000180
26528327000124
26529049000120
26546701000114
26568886000168
26596984000109
26597803000169
26615152000192
26678548000189
26709916000109
26757487000145
26782941000118
26810104000155
26818899000148
26851432000108
26854808000120
26866888000133
26877003000100
26892343000100
26899904000194
26914715000143
26949466000121
26980653000178
26982430000140
26998599000198
26998986000124
27073679000103
27082795000180
27124466000155
27140940000132
27161878000165
27174316000156
27194316000118
27211186000184
27284351000128
27288491000174
27323543000104
27339732000167
27340303000100
27364506000136
27383308000110
27265095000121
27391688000134
27394653000159
27425694000165
27432492000140
27435405000109
27437997000106
27445591000167
27454752000189
27501669000113
27509558000153
27525449000120
27550868000111
27597890000117
27611539000133
27622971000120
27702465000140
27728097000100
27786630000190
27791071000106
27846994000118
27864737000109
27905486000163
27918334000103
27961966000141
27975727000140
27989919000106
28012096000127
28013172000119
28029372000160
28053210000167
28103370000173
28104654000184
28113609000196
28122584000197
28131087000155
28190711000195
28192717000100
28407913000146
28412089000112
28422860000132
28430646000128
28492941000109
28502830000136
28507977000119
28561282000115
28564005000166
28566455000198
28571237000141
28579924000103
28594807000119
28650359000123
28708291000196
28715929000116
28806232000150
28808722000196
28825613000187
28826969000135
28885658000147
28888339000195
28911619000177
28921338000103
28985242000109
29046279000126
29078026000134
29109031000167
29118167000133
29136776000115
29154687000100
29271934000140
29301361000150
29311463000156
29400036000144
29437486000101
29442145000124
29488180000184
29542127000114
29549543000144
29600465000165
29601906000143
29628961000127
29681330000171
29682836000103
29688149000197
29703102000155
29730460000157
29742751000165
29746471000125
29769086000101
29775935000121
29841492000120
29910844000151
29914024000138
29952316000165
29956462000169
29974203000160
26757425000133
29982183000170
30027405000184
30036326000130
30052915000101
30082629000199
30096647000120
30135208000189
30138461000196
30139139000181
30176342000128
30190149000141
30234046000136
30293098000183
30302060000120
30304247000162
30366392000178
30396793000170
30401791000122
30419803000146
30431158000187
30434032000166
30446904000106
30473112000120
30501429000123
30513009000167
30514097000111
30582458000167
30590800000170
30602923000184
30603589000183
30605508000184
29720533000120
30615253000130
30623972000101
27162343000109
30673955000170
30686756000105
30726718000120
30733496000173
30784196000113
30790754000153
30792479000107
30804293000120
30824021000192
30915167000143
30936867000114
30952211000195
30966946000178
30976041000189
30981027000173
30987841000103
31002481000106
31003929000106
31036328000191
31042241000127
29449786000100
31066124000101
31116748000188
31147698000104
31197172000120
31222197000137
31252287000170
31263966000145
31021055000101
31302194000103
31316074000165
31320516000147
31363926000175
31378019000108
31392196000130
31447116000105
31466432000116
31467998000162
31473914000101
31482963000100
31558767000164
31574637000115
31575275000187
31616705000161
31632415000101
31636026000154
31064299000171
31673284000100
31677505000119
31692463000195
31695675000126
31758661000104
31947813000117
31958701000161
32003917000136
32056108000192
32058496000140
32083394000185
32109287000189
32208655000146
32250894000164
32293529000137
32304423000191
32341591000157
32347113000154
32373360000125
32415982000179
32426432000155
32431666000190
32434852000183
32511452000124
32529254000198
32544335000167
32547237000183
32549380000104
32550538000166
32554712000149
32572028000190
32583359000125
32602363000193
32606262000190
32626234000135
32668738000118
32673420000125
32687538000102
32690639000132
32751991000130
32804178000181
32806109000107
32826431000106
32827280000100
32737830000192
32881662000104
32899682000102
32927404000111
11953516000258
31416638000131
32964729000174
32967944000129
32980663000106
33007554000170
33025600000163
33031283000198
33051578000126
33053650000154
33063588000181
33069390000105
33115389000170
09657504000234
33232358000107
33304922000141
33316314000157
33325054000186
33358591000122
33380686000142
33390510000171
33415815000190
33441018000188
33472620000182
33482406000107
29114474000227
33505014000116
33553655000146
33585767000189
33590854000124
33651135000176
33513014000168
33709199000180
33710361000180
33720792000128
33727899000106
33729965000179
33798849000101
33807589000193
33678039000111
33814189000105
33820583000156
03988643000345
28246307000196
33864139000132
33894566000163
33905273000134
32463143000207
33942065000105
33986664000120
34000941000147
34017325000107
34018567000107
34039863000194
04840227000287
34058331000102
34055015000179
34070864000100
34075318000153
34080522000162
34113285000199
34124071000118
04301024001022
34226584000130
34265109000172
34288830000188
34317607000111
34323992000100
34348422000174
34353266000130
34398833000174
34400313000159
34413090000164
34421415000150
34497340000191
34501895000160
28566170000157
34605862000160
34621808000108
34622599000117
34795524000138
34796564000102
34800420000174
34807221000198
34822983000163
34851370000154
34859209000127
34862724000166
32703681000140
34954739000154
32155581000127
34990829000109
34997261000140
35012755000190
35020897000108
27534535000107
35108481000138
07631955000277
35159246000195
35186148000147
35218552000155
35258030000187
35266449000180
18087481000422
35281934000123
35285483000100
35324601000134
28834453000132
35364203000141
35364614000137
35367043000194
35408226000100
35435679000126
35482981000135
35485724000157
35498113000143
27790246000160
35519724000120
35559147000109
35563091000158
35350076000121
35650679000149
34018878000257
35700250000119
35815613000161
35845283000157
35862074000111
27042585000169
35879951000167
35880305000110
35902887000198
35933386000179
36000050000116
36079493000144
36086653000182
36149855000126
36194469000156
36225385000132
36250824000167
36344957000100
36350093000121
36352041000194
36454897000170
36467741000124
36483849000100
36486787000190
32449644000158
36617318000163
36665134000179
36694237000167
36715390000123
36748956000113
36752286000109
03610900000220
36862701000187
36908417000102
36914343000109
36998884000162
37001657000183
37031837000108
37106836000185
37133016000182
37155840000133
37158372000150
28267023000186
37209332000190
37221375000191
30194725000129
37250751000176
37346877000149
37360912000184
37370817000161
37385814000100
37391807000102
37429304000189
37435007000146
37458297000143
37469538000150
37497340000180
32160858000100
37552562000158
37577154000150
37581315000180
37590463000160
37591059000101
37591893000105
37626388000140
29546779000127
37659142000175
37671527000158
37719266000107
37750495000186
37778106000120
37803059000128
37818881000162
30492842000179
37847482000120
30698992000133
34859812000109
33703875000109
37878293000114
37898445000140
27647729000291
37898711000135
37904291000152
37905105000108
37920905000190
37055593000101
37944166000176
38021669000132
38043996000195
38044310000180
38047659000176
38048341000100
38063318000194
38081201000133
38092877000122
38111516000186
34869384000103
38142106000100
38161690000133
36895821000180
38182835000182
38200540000191
38224074000184
37780883000100
38234980000160
38278310000145
38294065000160
34279631000103
26543379000250
38349596000102
38363048000137
38431476000150
38434902000109
25999746000181
38544225000181
38614832000170
28363191000175
38654789000177
38974521000112
39227348000151
19421443000265
39267477000173
39280514000183
39286750000107
39322498000144
39328592000100
39330776000105
39412927000174
39414333000100
39469658000182
39477824000192
39489259000183
39511269000178
39512573000130
39519425000147
39586206000180
39589669000104
34122252000105
39635398000178
39695686000118
39727705000140
39759343000170
39766888000103
39782469000165
39893453000120
39910650000100
39913924000114
39915469000196
39960305000180
39961077000163
37005333000113
40014380000138
40022214000183
40026337000192
37104480000140
40107895000182
40130308000176
40162481000156
22682168000833
40180300000114
40233671000117
40234886000152
40266998000195
40269900000153
40273111000196
40307612000146
40307669000145
40321461000180
40346130000103
40351653000130
40355193000118
40435366000108
40441460000170
40476468000171
40498187000110
40499820000194
40568422000182
40571445000146
40633684000183
40646506000197
40658039000115
40751692000124
40778095000193
40805309000173
40820240000157
40821476000108
27373214000160
40833297000190
40840408000196
40750518000167
40884713000180
40894211000130
40879554000125
40951349000123
40961862000103
41013341000189
41037710000173
41044933000168
41095954000102
41157197000154
41199097000190
41200821000159
41236424000137
41237635000194
29225401000121
41241535000131
41254386000145
41273378000146
41283999000100
41300985000158
41320746000160
41325335000167
41325482000137
41371473000182
41392229000104
41393643000120
41411862000194
41455316000155
41561835000106
41564236000138
41601805000178
41637999000161
41724236000158
41734848000121
41785921000194
41806863000138
41808319000125
41854038000109
41307599000198
41910259000157
41912483000188
41944132000159
33156954000147
34843496000187
27804406000183
27841699000179
35756835000150
35853263000128
36071885000167
36347133000186
26132890000189
31152257000192
26724283000108
38309226000141
28883147000196
27452441000180
39973836000108
40013663000165
22682168000329
40779013000125
40791693000100
30728515000173
30761029000157
41341497000199
31664943000142
31711556000110
31790032000161
28879187000326
32438156000145
33009113000107
41983904000161
42108604000104
42146426000106
42192889000104
26090044000143
39950284000112
42299692000160
42310962000197
42326195000104
42333664000112
42402736000136
42418769000174
42427251000105
42440582000177
42471164000147
42521011000167
42521852000174
42538200000142
28121506000178
28989828000133
42617056000130
42624724000156
22682168001805
42730255000150
42756330000151
42765261000142
42802591000160
30140604000102
42837130000123
42844983000192
42861475000112
42868749000103
42897248000147
42917207000175
42947355000132
42969929000173
42977118000114
43008166000167
43038654000117
43111417000134
43205776000150
43241933000183
43243606000160
43270186000101
43271985000100
43300796000100
43313726000197
43344990000198
35387626000187
43404622000198
43453262000114
43511553000111
43523427000187
43568090000124
43661397000175
43680598000110
43686006000177
43687507000178
43704580000100
43765390000101
43784049000195
43800589000115
43806688000104
43807938000120
43808113000120
43824631000138
43826052000124
29014947000133
30432631000140
27271885000110
30983561000119
29124907000225
34627011000118
38081440000193
30815863000188
29414171000149
34470654000109
40214145000100
37462720000189
27427229000163
33402048000185
40645058000107
41711380000150
34399961000132
33896098000166
42882653000191
28064446000107
31750569000106
39952038000108
28878187000140
32864547000121
42580097000107
37762485000160
29004429000139
39671370000196
42119770000106
28497267000155
39627966000199
26901040000106
39475377000132
43053074000107
30144708000187
35001201000198
34605820000129
42089423000170
31900916000121
39467963000135
35151609000146
26985376000196
40420235000157
28672052000123
34615978000180
33183788000178
33913469000170
41868717000137
27668390000129
34182588000163
36710685000107
37003336000118
42482241000164
36615075000124
43835899000175
43886747000100
43902711000164
43912862000101
43937113000120
43985976000173
44011984000181
01953363000376
44037800000152
44046680000150
44096215000123
44098227000197
44171888000109
44189716000154
44225744000180
44242843000170
44255916000168
44257367000160
44299764000103
44341992000196
42167660000292
44462673000139
44479594000130
32858786000250
44573936000187
44579338000115
44591015000147
44635629000183
44647080000147
44666954000103
44721631000175
44771622000199
44801171000195
44805145000135
44864378000109
44870910000109
44918090000170
44933861000106
44951326000170
44969766000154
44987202000144
45005260000198
45005780000109
45008377000125
45009309000180
45047459000189
45105869000139
45114837000108
45126293000196
45136907000110
45214230000191
45234253000168
45235734000198
45280392000128
45312565000142
45323370000106
45335424000145
45370312000125
45373999000152
45392737000135
45393437000170
45396422000166
45396768000164
45429290000121
45470191000193
45499581000196
45505348000179
45516565000164
45600050000148
45610736000110
45624642000108
45652440000161
45673071000193
45685639000196
45686173000143
45718523000106
45740845000151
45742591000100
45777555000182
45823175000137
45837084000150
45887156000174
45935998000154
45947445000111
45969214000109
45986378000144
45989643000148
45994438000170
46110333000174
46154737000160
46232738000185
46239114000190
46375878000102
46113234000146
46412976000172
45174839000265
46444836000186
46457100000142
46478818000115
46483736000169
46529531000177
46558684000142
46562394000172
08361940000207
46662774000189
46697065000139
46703470000112
46707560000181
46784766000105
46796874000106
46805589000104
46806367000106
46806647000106
46831694000100
46844234000116
46883152000180
46919472000143
46930066000181
47028848000192
47064268000150
47074805000143
47084524000171
47089298000111
47123621000126
47170924000108
47210882000183
47235845000120
47252328000169
47271329000150
47297224000170
47335554000103
47343357000136
47353797000174
47398431000111
47474029000179
47528167000193
47528499000178
47530512000123
47570850000199
47575693000104
47191138000189
47644906000102
47680507000105
40274874000232
47735128000167
47744538000174
47828411000133
47959287000145
47996420000133
47999804000100
48016895000189
48094681000120
48229630000169
48245115000172
48245306000134
48253044000150
48299368000129
48338358000155
47822914000100
48387129000120
48399324000170
48421827000103
48494997000100
48510511000180
48527341000146
48571416000196
48614012000132
48625995000102
48630608000126
48675897000180
48694356000107
48703311000143
47476034000110
48715525000130
48764182000101
48766297000127
48802283000111
48818874000187
48836628000158
48863638000182
48869173000177
48904410000193
48919031000177
48921307000151
49014144000196
49094963000190
49119695000114
49120339000110
49143661000165
49190388000120
49194869000103
49195061000140
49229085000173
49232080000108
49233708000181
49275959000129
49314541000183
49333155000139
49343923000135
49368884000120
49379588000125
49386619000175
49390477000110
49431875000137
49478481000134
49559422000190
49601138000135
49610514000158
49664221000153
49669676000161
44159637000109
49733059000188
49734996000158
49739250000137
49742804000155
49805762000154
49824841000102
11793797000229
49926692000192
49938017000183
49942227000145
49960418000130
49968206000107
50054141000165
50073018000191
50074379000152
43887885000529
50170709000103
50197711000176
50208154000141
50213889000163
50226838000176
50231578000127
50254977000103
50276012000111
50282230000169
50315015000117
50367120000108
50385977000142
50386068000129
34571920000343
50471677000186
50481060000141
50485072000144
50516528000196
50522841000137
50560330000100
50577098000112
50587768000181
50607108000115
53158688000107
50650421000136
50658754000101
50675900000107
50682800000108
50715782000113
50812318000145
45293806000153
50822026000193
50863691000125
50886260000184
47781858000102
50897279000126
50907635000145
50926960000155
50963872000123
50966996000162
50968936000189
49139972000312
51003527000100
51026283000181
51029405000193
51035540000141
51046445000143
51091360000187
51096914000139
51104125000100
49579752000148
51127129000104
51127963000191
50965721000104
51176134000107
51197988000161
51209623000100
47923006000102
51245143000102
51298703000189
51303168000107
51309407000136
51338241000186
51373006000145
51374222000105
51400355000109
51421129000104
51440743000113
51453317000114
51456844000182
51466785000123
51473483000182
51488481000167
51493664000170
51499787000119
51502468000115
51518632000182
51555511000100
51600853000103
51617514000121
51640215000108
51658303000137
51682885000197
51702038000147
15005669000496
31707332000215
51890464000151
51914701000177
51943489000176
51954356000103
51992504000176
52056986000115
52060957000127
52064777000113
52113787000100
52142511000141
52177118000193
52226777000172
52262047000127
52296383000190
52317261000133
52391412000101
52409680000103
52431966000187
52453621000124
52532963000130
52536606000140
52546435000130
52565584000146
52587500000175
48682932000198
52704465000127
52725539000101
52743198000105
52794566000136
52855963000170
52858210000119
52859292000116
52878509000135
52890924000104
52909233000105
52946253000156
52965804000129
53076641000196
53121170000190
53127424000188
53177229000162
53181959000137
53271812000138
53309725000122
53333421000109
53428725000141
53432434000127
53433779000103
53483490000190
53496860000124
53531931000182
24083311000472
53560212000190
53563837000105
53597465000138
53607696000185
53633246000167
53639501000189
53674721000143
53751849000163
53754229000188
53833367000152
53835411000163
53891011000175
53909441000177
53925008000125
53959571000114
54015500000126
51060760000478
54110605000164
54164917000150
54167999000197
54175821000198
54197360000154
54225813000109
54248305000146
54273724000138
54304208000123
54306398000118
54348450000107
54439707000128
54463600000115
54495090000168
54508703000154
54512302000178
53279664000106
54573584000113
54581564000194
54611087000162
54639586000168
54678748000177
54736494000104
54745550000169
54755823000156
54783332000119
54785622000100
54796430000190
54796656000191
54816858000158
54829562000171
54836285000124
54863445000124
54869289000109
54971558000143
55031701000180
55044789000174
55066627000137
55089200000154
55105818000160
55106139000106
55119155000133
55134427000174
55168101000168
55168464000101
55192459000126
55227165000192
55227986000129
55249223000189
55255794000126
55261013000106
55322736000178
55364352000118
55390899000198
55404072000196
55416494000181
55440611000142
55455264000121
55466829000176
53974548000107
55510072000170
55529680000127
55552072000133
55571094000140
55572006000125
55580752000160
55588201000143
07585146000357
55596087000101
53634860000143
55622473000112
55635853000191
55657037000189
55668942000134
55721566000102
55728474000146
55762351000121
55784403000160
07399516000957
55789459000108
55820664000199
55834783000109
55849696000117
55902039000196
55930833000143
55934506000160
55935054000130
55962175000171
55975716000104
56004288000127
56010636000179
55925737000107
56127136000111
56127864000123
56226712000188
56227645000116
56238408000150
56341310000124
56341744000124
56423186000146
56439468000131
56823617000161
56898936000136
56909873000176
56912951000191
56950065000152
56951449000190
52694263000141
56973633000130
56974877000138
57031430000198
57102917000114
57113442000161
24941203000221
57212684000102
57220700000109
57227468000130
57229175000192
57260261000168
57266536000170
57276039000153
57295532000110
57306491000110
57345273000195
57372101000100
57375585000141
57386308000134
57394583000108
57427255000152
57523535000164
57563299000100
57585068000105
57604898000124
57648186000107
57674278000161
57696834000109
57699559000179
51807570000129
57717749000171
57741644000158
57757298000104
57784349000189
57802080000116
57805366000155
57824809000155
57840264000170
57885151000191
57886076000183
57896701000178
57915152000131
28374998000294
57937165000101
57938386000102
57941149000192
57955744000187
57976512000105
58001001000130
58017214000150
58020366000102
58032886000135
58034161000186
58040546000156
58102426000136
58107151000123
58109249000110
58150000000158
58168687000159
51096828000126
58224651000145
58266102000133
58375749000101
58378691000141
58416047000110
58438097000107
58450371000155
58490651000197
58518584000171
58520995000100
58548406000193
58564777000169
58622391000166
58625947000178
58627066000196
58636971000102
58713085000135
58758223000100
58760101000140
58803042000140
58835728000113
43767753000210
58897327000198
58899043000130
58901574000110
58902521000114
58913069000196
58938326000144
58983468000123
58998106000106
59060655000106
59087826000182
59195139000180
59203095000193
59259191000153
59264478000171
59296239000101
59321579000137
58607529000158
59367468000161
47712736000156
59401509000199
11950860000293
59420352000149
59427923000177
59492665000102
59499082000103
59554757000170
59556395000156
59558360000156
59599529000116
59601826000159
59604289000109
59621380000124
59629149000187
59633072000119
59648760000152
59679691000144
55099827001087
59753832000121
59792116000153
59809623000152
59815615000119
59820372000107
59835152000157
59839054000198
54140281000107
59856133000107
55992972000100
59876806000190
59913510000100
38240513000223
55586826000176
59954573000105
59968358000155
59993676000176
60021491000189
60026503000168
60041205000147
60045124000115
60053521000139
60073205000129
60109475000142
60114045000119
60188654000112
60210215000169
60226110000106
60264387000115
60096124000144
60278771000177
60299795000102
60325554000190
60337505000178
57619069000115
60375798000188
60395355000159
27336827000470
60408779000100
60508910000101
60576300000145
51143563000170
60603435000152
60604666000180
60605759000120
60635290000171
60693365000170
60697057000113
59906736000176
60737133000177
60776717000151
60833015000162
58675718000168
60884156000104
60914125000159
60916974000141
60927315000100
60936634000182
60952062000125
60960818000188
60973166000116
61021595000156
61040767000139
61052266000172
61054922000176
61065695000184
61070935000139
61075250000185
61112899000129
61115460000150
61117017000118
61133770000105
44922537000184
61168524000180
27212913000209
61193614000121
61197586000110
61201245000171
61202936000190
61203761000135
61222919000114
61230947000183
61273331000190
61273602000107
61291039000108
61291165000154
61338277000113
61340355000114
61353107000108
61384215000148
61387009000191
61422365000107
61456855000116
61474042000159
61518246000144
61519022000157
61520008000173
61544618000107
61550357000138
61628760000132
61645975000161
61686650000127
61703073000134
61708928000110
61716464000193
61748337000176
61760486000150
61808847000191
61557202000123
61860190000101
61861523000117
61889604000125
61930795000121
61934435000106
61949882000120
60942542000105
58089727000177
60969324000326
61817894000100
53509251000162
51129554000124
60102006000100
45737754000167
54417701000150
46568764000189
44470489000130
47397348000128
54329860000100
52305385000107
59504477000157
55244608000153
51029200000108
52604156000185
57643724000170
52907990000140
46729016000130
54743798000190
57231156000109
43956302000140
44790342000128
58096620000156
45249635000165
49298860000142
61985165000154
61989582000175
48387129000201
62011658000156
62026879000106
62054717000173
62070357000101
62090718000173
62094613000192
62117300000102
62133865000183
62169276000155
62194995000126
62212803000167
62247744000162
62350692000155
62359743000100
62395112000146
62437338000162
62463957000121
62508818000177
62525067000105
62534986000137
62641973000167
62669468000120
22682168004820
62704236000166
62715226000126
62726285000108
62741374000115
62762135000141
62810712000123
62814954000195
62819870000144
62829283000136
62834376000159
62836365000108
62838739000124
62851897000114
62889822000122
62896215000190
62918450000115
62972267000106
63009238000106
63032501000170
63059429000174
63068065000199
63123915000104
68365501000610
63136745000100
63166893000160
63182548000110
63184108000100
63195956000106
63206439000195
63231711000197
63238409000160
47406994000295
63289414000100
63292141000145
63301439000174
63316487000136
63319324000107
63331077000164
63339569000104
63340437000194
63346683000153
63373859000166
63380393000126
63399073000118
63406751000122
63425546000104
63459496000186
63462039000140
63480430000178
63487184000186
63509927000171
63307210000147
63554253000127
63561588000172
63694935000135
43669459000276
63745249000146
63772080000113
63788750000190
63809815000136
63836648000112
63861715000159
60735856000218
63874279000152
63882493000150
63917144000127
63991750000192
64001903000170
64016885000108
64029852000194
64061620000113
64063931000111
64073649000115
64075693000164
64183062000169
64218983000110
64231642000184
64249929000131
64304347000100
64307940000100
64370841000173
64398110000136
64411924000163
64470184000136
64470796000129
64475764000116
64484626000101
64491121000166
64524941000107
64591816000110
64598046000137
64598597000109
64620675000116
64622522000108
64660846000130
64663807000197
64686837000119
64710894000196
64750777000156
64770995000152
64805813000131
64809100000146
64821600000101
64825429000109
64826679000155
64840205000168
64868871000104
64886624000130
64929925000102
64931091000161
64938410000160
64946038000134
64978826000102
64984109000193
64984254000174
65041340000106
65069946000150
65078204000190
65095419000110
65101997000111
65119597000133
65122538000114
64727129000189
65158748000162
65205158000143
65214984000159
65257923000179
65261160000130
65263151000188
65273060000123
65273977000128
63736852000161
65309274000102
65309968000140
65326629000171
65318570000170
65316183000102
65374204000138
65396486000174
65414495000140
65417451000174
65418080000145
65436959000110
65437446000123
65460598000147
65521294000142
65544912000170
65565928000169
65585398000110
65604114000196
65610408000120
65615722000104
20062481000410
65632209000113
65641762000112
65656678000172
65662559000122
18280940000228
65689252000115
65690170000190
65698428000103
65726896000136
65742529000126
65563557000690
65753342000128
65819749000100
65822085000139
65563557000771
65855713000182
65884814000181
63682211000171
65917142000163
65966260000161
65982299000172
65986613000195
66014276000137
66020726000102
66031593000161
66037487000195
66040488000199
66051858000193
66089048000126
66089089000112
66094676000108
66108448000131
61447398000284
66134210000180
66135821000143
62429215000260
66221188000106
66223559000199
66229200000129
66243781000153
66246201000181
66250641000102
66251498000173
66255285000110
66300569000180
66303570000169
66307641000100
66313363000195
66322993000126
66326866000103
66327140000187
66341559000193
66345908000145
65563557001743
66377230000182
66377535000194
66390601000166
66402839000164
66409816000181
66429813000100
66440442000167
66460872000140
66467304000171
48697278000510
66523045000159
66523594000123
66529509000134
66570701000174
66602198000191
66602770000112
66615372000130
