66629102000189
66637138000104
66644123000173
66647375000156
66650517000134
66675074000136
66685300000160
66691803000148
66695812000107
04956527000145
03314511000176
04959181000139
03319098000132
03321470000145
03345760000129
00069207000112
00082238000103
01713259000142
01719031000160
01725729000198
05032953000155
01739509000113
00120692000101
01777476000104
94200532000116
94255809000108
03476585000109
01825175000109
01856180000170
01898250000153
95815759000139
05267662000146
01934640000131
01942544000135
05295892000119
01951679000167
96658398000127
05336244000163
02001631000150
05364657000151
05370250000137
05381531000195
05392630000172
05394746000140
03729743000195
05417226000106
00119514000241
00454117000145
00470497000101
03783630000178
03785610000136
03482292000215
00498797000107
01175234000213
02147582000169
01365420000215
00538637000136
01476334000441
02209548000171
05567112000142
02231842000180
05586495000104
00621675000158
03938196000158
00625186000174
03947675000130
02746173000340
05637217000120
05646004000165
00666349000167
05649951000100
05677296000101
02364507000150
04814850000265
02385819000140
05743028000132
02397492000126
07291198000663
02490958000133
05866171000111
04221093000135
05961705000199
04308653000193
04340706000153
04347343000188
06023736000161
06033582000199
06073693000129
02679144000141
01068993000104
01092723000120
73091019000164
01108475000169
73481848000153
73677569000160
01165427000102
07827085000125
06252810000111
01207606000165
04582261000118
01211026000141
04601018000108
06297213000103
51710358001200
01247669000145
74671686000189
04630530000174
06345984000129
06866120000152
60812716000204
06877768000124
01346611000159
57977332000148
01379702000190
39077151000183
58330457000144
01410290000104
01413630000150
06990996000106
04830702000153
39845276000106
74479817000201
03083305000100
07044139000186
04899541000154
01497307000102
04911802000104
01502658000164
03136244000194
01527862000130
01544645000158
41601402000129
92792530001029
03243168000116
94132024000229
07216644000160
07226006000120
24640393000166
80557515000126
07312718000162
25244344000177
62541321000150
62599964000155
81248445000197
07387671000104
45271269000140
82482738000105
65621609000123
49119662000174
85341915000113
30293526000178
67503821000111
12534996000102
67738138000163
05698975000159
67924969000120
31957525000143
69317113000111
89990303000102
69888808000153
70182845000120
90964032000108
91162040000195
54164751000172
34213041000188
72738016000107
07423985000107
07540443000114
07541994000100
07549012000119
07586448000188
07602422000186
07634964000130
07651728000122
05053356000107
00266291000164
25111501000176
07780388000130
07786822000199
07793838000129
07926516000100
05779270000166
07969641000106
08064577000179
07081404000104
06045163000177
05458504000173
07480273000120
03944074000174
06964385000193
07675420000117
07930434000130
07138954000104
05374951000144
04353554000123
04477336000109
03798862000108
08032928000160
04995496000131
02034257000190
02043800000115
02220570000112
05695839000105
02429547000132
02457692000127
02573258000102
06059843000140
06325154000130
06345111000116
57691412000132
39377395000181
03072999000172
07071977000149
01488178000196
03203558000162
41991936000109
07286120000146
45784493000136
10697266000199
54525159000159
55111744000175
07517952000126
07618186000196
07711616000110
04365818000240
05973242000266
07781778000124
05129835000160
05564581000108
05866617000108
06040449000160
05052939000113
03447805000176
05132868000169
01981663000105
04015443000107
02397460000120
05967785000190
01060793000105
36874881000117
57840902000153
04766877000149
07157972000133
07227221000146
80364953000178
25164047000111
64425259000167
33697293000167
07412246000110
03959331000141
00267908000166
05971028000190
00193891000140
07568602000199
04390226000105
03067129000105
05946853000134
00933484000121
04853504000105
13687769000252
64645427000120
66596149000274
04744831000129
71510796000170
03670491000176
01159006000179
05261158000139
49395908000130
01845519000133
63251052000150
02800573000478
04384071000358
85089670000189
08344903000100
08649821000165
08735511000163
08736102000181
08825118000160
08837292000123
08855407000102
08906946000123
08754008000155
08921293000151
09007247000104
09008867000168
09096458000160
09194673000102
09254808000170
09407212000162
09558689000149
09564355000188
09587386000154
09599810000180
09656105000178
10423506000167
10275374000173
05070976000588
10458368000151
10513210000137
10516095000154
20278091000139
10626113000150
10701635000170
10781963000123
09014378000208
10829779000106
10851911000186
10963485000172
10991985000118
11113880000129
08853098000131
09117998000183
11223604000113
11302819000120
11483931000104
11636433000154
11705404000105
12002071000102
12051059000198
12096191000116
12128368000119
12281327000168
12308643000186
12321711000147
12336009000157
08075907000555
12517537000102
12558208000100
12609124000158
12632841000109
12657263000157
12669695000188
12680337000176
12709989000196
12747147000129
12795681000100
12930812000115
12940531000143
10482927000169
13123511000142
13153025000177
13158457000170
13188501000195
13194435000166
13223428000145
13253705000162
13343782000103
13356519000159
10392746000141
13463017000127
13481207000177
13501166000133
13556218000179
13634085000101
13637577000150
82858903000415
13902375000199
13924398000102
11954376000151
14023780000108
92792530004125
14201078000189
09186671000244
14453599000123
14476664000136
14587989000196
14593678000130
14668418000186
12964495000158
14733337000112
14787478000118
14898767000194
14950553000110
02451130000257
04566315000232
15158993000100
15222329000174
08715223000147
09356186000190
10725498000103
10764426000175
11357160000109
12484016000104
12518302000135
12587803000173
12660898000103
14392524000180
14670159000128
14889374000114
15188240000139
15349050000156
05070976000405
01432670000654
10682855000799
15479224000103
15491577000110
15508892000103
15527657000189
15546549000153
15550141000155
15600887000126
15624494000152
15685789000139
15691582000177
15727701000102
15754577000166
16418138000145
16502949000120
16505764000179
16690470000164
15479441000195
15003644000100
10555416000120
11473039000142
10704623000107
08333217000125
08398960000163
16814781000198
16822810000163
06895210000252
16866069000132
16868068000127
16936750000100
16939635000199
16946372000145
08907912000153
16801812000176
17200658000140
17238611000175
17425247000152
17594575000182
17628648000100
17680443000173
17707305000130
17787833000147
17976415000106
18017397000190
18116048000125
18153464000101
18237069000107
18270922000184
08895992000174
09432793000192
09442448000130
09517783000150
10312249000196
11580893000108
11874769000155
13041675000120
13441436000168
13629994000151
14166900000118
14666823000165
14747857000184
17322310000125
18049259000192
01432670001383
01191654000960
18504338000146
10682855001094
18534607000117
18546022000117
18597860000110
18637742000198
18671013000158
18680156000126
17212074000194
18798739000156
18819608000108
17961979000167
00599932000283
18939610000110
18967898000137
19023508000133
19063340000190
19106167000160
19109290000134
19121593000172
19152422000100
19157514000183
19184200000170
19200016000176
19213013000177
19220310000140
19317443000139
19410701000127
19420339000175
19579612000109
92792530005288
19604931000127
19618178000129
19629342000101
19769219000188
19810072000122
19903227000175
19980097000174
19994861000160
20083328000126
20124365000135
20501590000143
20596993000113
20621779000170
20662202000106
20719057000152
20881193000144
20902146000130
20932413000111
20996073000192
21095605000183
21159871000122
21165648000198
59500983000330
21340275000144
21352730000121
21397498000148
21420489000120
21481144000187
21621688000105
21693156000175
17122256000174
22045176000100
22102629000185
22211359000140
22286940000121
22407073000135
22139114000150
22605401000108
22671744000170
22673615000111
22676675000198
22677647000195
22700274000126
22830346000150
22831574000144
22851237000119
22865952000100
22872504000134
22943466000163
22951788000154
22998218000110
23119016000113
23160805000106
23246510000149
23267033000106
23287781000142
23289871000172
23401868000107
23517189000190
23530044000129
10556455000575
11877148000125
23629711000125
23641980000107
23694940000123
82858903000687
23801044000116
23887945000172
23994837000107
24040352000139
24169684000118
24298000000188
24343326000180
24407089000173
24508833000126
24612245000138
24629148000158
24640056000179
24829534000193
24830941000110
24851809000195
24871381000142
24905471000107
24914288000178
24921242000186
25013249000162
24330894000146
25068217000164
25122944000162
25236900000163
25293452000130
25299651000155
25304406000199
25308498000185
25327456000191
25397024000157
06023259001297
22600220000199
15402032000190
22652254000127
17050849000172
13887626000103
18917389000108
19737497000153
14165126000120
24470942000100
12334122000101
09474613000135
08280025000106
15468949000198
16948625000110
25157112000181
25292545000140
19027164000130
22716553000188
24608272000137
22446240000157
08321631000114
08965403000187
24823889000175
24763832000128
14531630000105
66704701000462
17579120000198
13929766000105
10795977000449
15343637000158
10799833000118
22066758000165
13270231000167
08217498000150
22733249000149
15708672000123
13443115000100
24148786000157
21114196000115
14573055000103
10817033000182
20032313000139
16684187000120
17041010000178
17137516000185
66379413000218
22852786000108
24913687000114
19134565000190
09180946000232
11230250000134
24410898000134
11940414000117
21251655000102
11247706000179
19218995000190
24264102000182
25256956000180
18798770000197
13619332000109
23833373000149
23946644000172
11553654000169
14607461000131
20921499000187
10948752000132
15651452000100
22120905000138
23311056000162
19466828000168
08262884000164
20798582000100
13428556000125
18582359000180
15920371000169
16791045000161
12146722000138
10940181000190
10591076000192
23250738000102
13391473000109
26000107000123
26025730000130
26051141000127
26074317000166
26083313000144
26119341000174
26219703000107
26227856000198
26269851000128
26270816000129
26380532000195
26381083000108
26406760000197
26408751000135
26450384000138
26488207000140
26488410000117
26497418000140
26536415000178
26543141000144
26609433000132
26657363000198
26775303000170
26802590000160
26901284000180
26954697000123
27007551000133
27057923000136
92792530006179
27134310000155
27174755000169
27222779000146
27227881000134
27256025000107
27269002000137
27318800000101
27331368000199
01432670002002
27466510000105
27516133000171
27516473000100
27539096000117
27569234000100
27668087000126
27679360000118
27692694000121
27745000000177
27818922000167
14055452000266
28123775000173
28153342000160
28216993000152
28220223000183
28280595000103
28312250000186
28331770000136
28424161000121
28427230000150
28506679000104
28535900000152
28664288000118
28681295000128
28713721000168
28773341000119
28799937000198
28844095000149
28865421000102
28913059000190
28923177000189
28931133000109
28972564000105
29016858000126
29040512000163
29053317000178
28163579000203
29312457000113
29378801000177
29459230000103
29506390000158
29516195000109
29566856000100
29570172000182
29660256000107
29661421000145
29675408000145
29686893000152
29619751000172
29697274000163
29702262000180
29740398000184
27466076000163
29809492000142
29944096000128
29953665000100
29980533000169
29074930000171
11498673000482
30135647000191
30224640000146
30229297000122
30244801000163
92792530006764
30402356000112
30442953000170
30461190000105
30082076000174
30574622000194
30628319000127
30631548000109
30678388000145
30686223000115
30732453000173
30790862000126
30806706000106
04748911000233
30862564000102
30901175000130
30925624000180
30951028000175
30955296000165
30971384000150
30975633000186
30987992000153
31004327000165
31005019000154
28421419000217
31016622000131
31065330000199
31129639000103
30385886000108
31227338000104
31233218000110
31270631000154
31279646000183
31348180000120
31371858000196
31456422000108
31539657000155
31541199000199
31583105000144
31597459000148
06023259004121
31634609000146
31658606000142
31716332000109
31777137000180
31801968000140
31836173000178
31858904000186
31867107000165
31874820000136
31944778000182
31994725000176
32037770000103
32053182000155
27844061000191
10851899000452
32173922000197
06059837000273
32223438000125
13400976000284
32419968000143
30611244000171
32463201000111
31839177000100
32491033000178
32499020000145
32598991000142
32615749000130
32738233000182
32805303000178
26089307000102
32846268000135
32886659000183
33005419000195
33042547000109
33087884000112
33091832000110
33162573000170
33285046000153
33288862000110
33325456000180
33329613000126
33336664000185
33338862000188
26891115000107
33400302000106
31862031000185
33519853000193
33541213000180
33571617000116
33576148000128
33617943000117
33619034000118
29960931000113
33700973000192
33717765000104
33508463000118
33890334000137
33905338000141
33954049000132
33982189000114
33999808000183
34114289000191
34125920000158
34130423000148
34132271000112
34167827000106
34171986000184
34291188000196
34305963000115
30948047000142
34326220000121
34499787000108
34558801000199
34609168000110
34617165000129
34664424000172
33729778000195
06023259004989
34788276000106
34791104000183
04748911000314
34837940000151
34872013000172
34899561000196
34900402000164
19679086000230
34942787000122
34980434000117
35082246000134
35088534000104
35089857000104
29330802000141
35122680000109
35199921000100
09580548002257
35371248000143
35376835000125
35434361000120
22047980000200
35469514000175
35514180000104
30722579000167
35548107000153
35549830000157
35577195000111
35596905000150
35603087000176
35630965000142
35690680000105
35718670000122
35727653000151
35729296000160
35740090000131
35753809000179
35770314000158
35823463000138
35832726000175
35854310000158
27193958000100
35901994000100
35938360000113
66379413000560
35983461000106
36061831000110
36087349000150
36093567000105
36093836000125
36141399000178
66379413000641
36171546000152
36325943000131
36327582000162
04814850000699
36362731000124
36363791000161
36435091000135
36442751000105
36452088000120
36488045000102
36539359000189
36543702000169
36569822000135
36591875000152
36647075000106
36652772000155
33910892000117
36728379000106
36744835000101
36749755000130
36779942000167
36806922000138
36857505000114
36877847000104
36886490000112
37022110000164
37058262000117
04898925000233
11498673000300
37106166000105
02329386000296
37134879000174
37135055000119
28855805000217
37196475000105
37257135000147
37324426000100
28278754000208
37528079000138
37530362000102
37552357000192
37560924000152
37573705000108
37661236000189
37676854000100
37693899000185
37726971000123
37753897000134
37793827000100
37876286000183
37886928000125
37889053000115
37904964000174
30391160000170
38009121000177
38080368000180
38087216000109
38111528000100
29061519000161
27249337000193
38183909000103
38190891000169
13039382000290
38234948000184
32373503000280
38333074000112
34365941000140
38372182000102
38439552000173
38441628000103
09247597000652
38458749000150
38459979000133
38499602000108
38659100000105
38686527000194
39149495000150
39243180000178
07986164000774
39250869000120
39298244000138
39336978000164
39365310000145
22836156000220
39393751000150
39396088000148
39432148000130
39492235000183
39516184000182
39635009000104
39653669000118
31052856000134
39674935000199
39772399000164
39776746000127
39829538000149
39875578000127
51710358003679
39980606000176
39982214000146
39997477000129
40000157000131
40006170000106
40036718000152
40104998000199
40130939000195
35635561000141
40168739000121
40173407000135
40214509000151
40219089000104
28873620000154
36953328000331
11139689000407
40283081000107
40306872000105
40311442000173
40328660000110
39350612000220
40585395000156
29170110000264
40595389000180
40629779000123
40666523000196
40686641000166
40694063000100
40706783000148
40724696000113
40746832000176
40751731000193
40779630000120
40821090000104
40897465000101
34562527000121
14920958000296
40957539000158
40982206000189
41014247000144
41046875000101
41051435000142
41085900000166
35576418000207
41148720000186
41176119000105
41195029000153
34422860000135
07827085000478
03356965000290
41282040000150
41346700000110
41416969000125
41450573000102
41566029000112
41590585000124
37196475000296
37999606000192
41629839000170
41650432000125
41676910000176
41699274000106
41718464000115
41663860000192
41774488000191
38192348000109
41801881000127
31890746000222
41892870000108
41901595000133
27597158000147
36554027000173
38342149000121
39759505000170
40395656000175
41510659000175
31339233000147
31476473000193
32809753000139
41958093000149
36569091000128
41979462000180
42033180000158
42052612000178
42072122000133
42073210000150
42079123000100
42222359000153
15059308000260
42266757000171
42268779000170
42268939000181
42294689000154
42296146000176
42313268000123
42317374000185
35379821000165
42324216000152
42334620000107
42355853000196
42390636000137
42472003000178
40378778000153
42479967000148
42501371000105
42512835000170
42520625000124
42526393000111
27580236000109
42555015000166
42558232000100
42560852000183
42572536000121
42615607000126
42721800000141
42819013000137
42861990000100
42866025000112
01569403000208
42952786000197
35951053000172
35979288000172
43012048000122
42022647000245
43014872000111
43051494000146
43073146000170
43078110000189
43146803000161
43192177000140
43194290000164
36098284000148
43268106000183
11984323000426
43348691000121
43359419000147
43365674000100
43400888000162
43403025000149
28612269000148
43465266000112
32117120000240
43508099000140
25137133000216
43557437000133
43560444000194
43573538000106
43581105000194
43588057000166
43614192000139
43655110000102
43679360000174
36668587000159
43737237000162
43756492000152
43792705000100
27718296000137
43806088000146
42415966000300
43816548000117
43818852000101
40499961000107
33222294000155
38598960000178
34618448000195
37306356000168
28642222000127
32657860000199
26260757000108
29375271000103
29861256000175
42676504000176
35571921000199
40735587000100
39761546000109
43152399000139
33464463000163
40630770000132
37710798000175
28037553000138
28928320000125
36988379000137
33838982000144
28318983000128
30806305000156
26240288000165
27652026000170
28438447000166
41582969000103
32782895000150
30817797000185
41707104000118
32883443000164
31169330000139
30585688000180
37229889000193
37258979000102
32566227000195
42150665000121
04238951000901
39250182000194
43042727000144
33927307000191
39533640000100
06023259003664
43760442000149
33208567000107
10682855002228
26219829000173
37551733000124
40754177000106
37886608000175
37666873000148
43152713000183
39429133000113
42514543000177
01432670002193
32150331000102
35521611000160
39925353000138
40568815000196
28095336000102
40353967000171
31884904000150
35666645000142
26415899000105
29871816000172
43862480000102
43887081000104
43908175000104
06023259006507
06023259007490
44002011000186
44033036000147
44053053000146
44092621000118
44168937000146
44184591000170
44191766000176
44201786000180
44211708000167
44281721000192
44342356000189
44361953000150
44377490000115
44404917000127
03243168000388
44425514000164
44427026000196
44440005000100
44462811000180
44524430000188
44610754000139
92792530009275
92792530009518
44630685000125
44657481000188
44670840000137
44681008000136
44695503000102
44697383000174
44703440000180
44705801000128
44710409000177
44785141000132
44837721000126
44863061000158
44897227000157
44900437000157
44901371000110
44908833000120
44944472000178
40988624000264
45047424000140
45074870000143
45138220000114
45211639000154
45253797000177
45322384000105
45393244000110
45396423000100
45422444000153
45427451000148
45429021000165
92792530010109
45453954000198
45480906000199
45515180000182
45586824000123
45596155000170
45605719000194
45675356000163
45688381000181
45689567000155
45798914000188
38144448000232
45909559000177
45921024000111
45966039000104
46012719000143
46013291000153
31190686000901
46043566000100
46077985000154
46085040000184
46138738000110
46187808000120
46285321000180
46301582000147
46312236000164
46331181000130
46337675000121
91958256001567
25237640000221
46395896000156
46463617000144
46468367000135
46471083000106
46479342000137
46529403000123
46540102000109
46607443000146
46776041000175
46787499000120
46798312000193
46802812000151
46869974000107
46874804000110
46880836000129
46883314000180
46889453000111
46909244000192
46927395000173
46931393000158
46946292000150
46946733000114
46952002000181
46997402000103
47031768000196
47040824000159
36126265000269
47082445000121
47124881000116
47145714000151
47154410000150
47238259000139
47251265000126
47282244000178
47291995000150
47299332000182
47324747000169
47326019000196
47371180000181
47381505000107
47411405000186
47430676000189
47488675000195
47494511000170
47511809000141
47516025000106
47521253000174
27384496000362
47569477000156
47580060000194
47597069000108
47601649000121
47629356000152
47669258000149
47673212000101
47674974000114
47718995000194
47731363000160
47752518000145
47753036000100
20104619000668
47758467000169
30445859000256
47783708000120
47831238000122
47839073000135
47859037000133
66773862000831
47916896000117
47968031000102
34829832000218
47989098000115
47997620000100
48031029000167
48047454000144
25055322000320
48121046000195
48189964000156
48198953000132
48229162000122
48243907000108
48248076000167
48251534000117
48274957000152
48293837000100
48335076000102
48335326000104
48391129000102
48394573000173
48094495000191
48407049000190
48436567000131
48463794000156
48491505000122
48497411000160
48618448000108
48628840000120
48631289000173
51710358003911
45165755000184
10851899001424
48733765000167
48743497000164
48767722000100
48788811000125
48819852000131
48831908000173
48844551000168
48854985000149
48860288000109
48869676000142
48892366000149
13702034000250
49011272000186
49015799000189
49036642000130
49057801000182
49072254000104
49074324000163
49093037000109
49188136000166
49270987000153
49282470000184
49288431000194
45525606000189
49332413000162
49335578000198
49340239000108
45692604000184
49370631000191
49379497000190
49391971000107
49419495000187
49442179000126
49442921000101
49458648000103
48572043000178
49522015000109
49531491000196
49625476000107
49637650000131
49639442000171
49673020000112
44105725000110
49717454000177
49753535000122
49770763000100
49785840000104
49795513000125
49810741000127
49820522000129
09247597001039
49844489000177
49844941000109
49845634000134
49859035000170
49878399000105
49921368000181
49935574000140
49940717000102
23689774001149
49964410000141
50038544000110
50053466000123
49874335000128
50100826000109
44212519000109
50109910000185
50130945000104
50163395000111
50167878000194
48245952000100
50171728000154
50213519000126
50246728000176
50335301000144
50341960000193
29170110000345
50371150000180
50418089000189
50510175000117
50518906000170
48892676000163
50618914000199
50637763000116
50668991000153
50674961000150
50699007000111
50717657000142
50725341000100
50755408000141
50766060000198
50780502000150
50792351000150
50798212000134
50808181000155
50882105000190
50929949000149
50958987000120
44422719000196
50997416000102
51019089000179
51069720000144
51086391000140
28432396000599
51162869000173
51167655000190
51168840000107
51172975000138
51190208000151
02638432000581
51212079000155
32055332000240
51266314000171
51273190000151
51278678000171
51285319000141
40039060000213
51336679000125
51355388000184
51413738000111
51418007000169
51427044000133
51447771000162
51458595000164
51465202000140
51468000000151
51472080000119
51493367000125
34699024000445
51529512000180
48284084000169
51558835000100
51624934000135
51652215000128
44737673000102
51691557000157
51704421000134
51731912000174
51771142000193
51773142000122
51448053000100
51833217000113
51856388000168
51868286000162
51968720000186
51976001000107
64874464000452
51993881000120
52099040000136
07483128000283
52182696000118
52186809000153
52214545000102
52291025000195
52291081000120
52295931000168
52307726000175
52328611000167
52338012000124
52348385000186
52391435000108
52426669000143
52468052000190
52471725000161
52484720000173
52490932000163
52491485000167
52519585000154
52554909000195
52566147000147
52566647000189
52569397000130
52573776000102
52574349000130
52608690000160
52636110000148
52653147000184
52673231000160
52673730000157
52715864000193
52720985000123
19852529000404
52741370000183
52743371000167
52750893000196
52751474000179
52752162000180
52774722000105
52786056000117
52789395000157
52807988000107
08271498000210
52848434000140
52865129000166
05475491000221
52875155000175
52882540000140
52925894000124
52984475000163
53005688000169
53017622000199
53058908000112
53062705000108
53068372000116
53069701000143
53074307000101
53138682000160
53200496000103
53208024000105
53219926000139
47263971000350
53273054000197
53276836000180
53302065000158
53306660000161
92792530011687
53355443000161
53357798000190
53377686000109
53378693000117
53407925000118
53424076000100
53428426000107
53466362000139
53468035000116
53491660000189
53497261000125
53517320000180
53530031000110
53538032000101
53583562000171
53600913000105
53634149000199
53638950000102
53642941000195
53647234000191
52915407000142
53691877000132
53702474000141
53720701000161
53739750000146
53740590000155
53743527000172
53753432000130
66379413001290
53810975000141
53815350000172
53816121000172
53819854000160
08411636001967
53943448000105
53961683000100
53962594000188
53968672000151
53969870000130
53997398000149
54041073000150
54060147000104
54071732000100
54098410000146
54110817000141
54115538000170
54118744000134
54158327000115
54186955000104
54205658000169
54214076000149
54219109000143
54251647000115
54257492000124
54272569000135
54275638000164
24854393000240
54280498000112
54297550000143
54344351000149
54371563000115
54392866000114
54469948000110
54499440000164
54521339000162
54525534000160
54538862000100
54540667000106
54563901000110
54598402000169
54599342000107
54628040000101
54644196000186
08371210000289
54720264000149
54757363000103
54762707000164
54797187000125
54804408000145
54833755000104
54995018000108
54998196000184
55011127000106
55044646000162
55049717000110
04748911000403
55060810000125
55078550000115
55085106000127
55116797000189
55118474000124
55124618000155
55125519000198
55140880000193
55165952000157
55176511000150
55181892000166
55190105000142
55190453000110
55193405000185
55202142000123
55255719000165
55265278000182
55274820000163
55278958000130
55361926000102
55366721000101
55409952000155
55418391000150
55415379000192
55473851000143
55476192000107
55499021000195
28881868000590
55510914000194
54295128000159
55515383000122
55534467000103
55560859000147
55575216000177
55590605000171
55599810000106
55612007000156
55626370000120
55638094000110
55652053000189
55660345000163
55680050000159
55683030000131
55690581000122
55709806000145
55728597000187
55729019000165
55751866000126
08158687000442
55769614000124
55793184000186
40759865000827
55863925000158
24028556000588
55894806000162
55907915000177
55909713000164
55933332000110
49887324000263
55992270000118
55993231000135
47218569000191
56050150000164
56061133000122
56098229000165
56108198000186
56123958000124
56136433000123
56259727000142
56305457000169
56427213000159
56441414000100
53344637000161
56637014000175
56701178000114
56778140000140
56779904000111
56900371000184
56925556000143
10851899002820
56954869000120
56959558000153
57031822000157
57053523000113
57065384000148
57096407000181
57096663000179
57129221000181
57144080000176
55730233000131
55037198000170
57183829000194
57224501000179
42811296000251
04139010000406
57322908000139
57370324000139
57371893000107
57372715000192
57382980000151
57402481000189
57419377000105
57456905000198
57478691000150
57490230000101
57508454000195
57518715000158
57519171000149
57522053000190
57540458000150
57556322000139
57561503000153
57586278000100
57620121000153
57693512000106
09247597001462
57708297000161
57719088000113
57723123000178
57786658000198
57794878000163
57917281000169
57951569000150
57966001000102
57967884000175
57986281000110
58020503000109
18559688000967
58090362000109
58133657000107
58135066000179
58154879000106
58171979000140
58209631000103
58214308000110
58233670000138
58234313000194
58235019000105
58261494000148
57939967000584
58296541000199
58313471000130
58326388000103
58341098000120
58364448000174
55913480000173
58392855000195
58430243000140
58437753000149
58456330000176
58478051000103
58501184000153
58514136000108
58522782000109
63675615000480
58559470000170
58564372000120
58613669000139
58625631000186
58640836000130
58652038000129
58655623000182
58665867000146
58809332000100
58824843000192
58866264000102
17310264000900
58906027000128
58929184000159
58938345000170
58991010000116
59012199000110
59017581000117
59052915000193
59061102000160
59065514000178
59080330000187
58592289000165
59107877000129
59143996000137
59156686000157
47836955000228
59176579000190
59186459000174
59219977000147
59236584000141
59282340000103
57316888000193
59317281000153
59368390000108
59402472000113
59405492000148
59418452000130
59443957000155
59482397000148
59483316000124
59488243000163
59491564000117
24590928000212
59535513000140
59535569000102
59541534000178
47165991000126
59555279000112
59556409000131
59578171000145
59586502000199
59603570000119
59604095000103
59605256000175
59609799000160
44087603000148
59640559000129
59663833000185
59668919000109
59691489000138
31372346000225
59730067000124
59749223000107
59756823000194
59374461000177
59758463000160
59781603000110
59788561000140
59793560000193
59797939000171
54196592000198
59815066000182
59845551000107
59848547000194
59861441000120
59866732000101
59872892000163
45138599000162
59930890000183
59936652000185
59969740000183
59970790000180
59997472000103
60033531000102
60037036000171
60037703000116
60084817000117
60095369000157
60125778000159
60164375000119
60165437000107
60214743000196
60234922000195
09662836001017
60250026000110
60252098000104
05387144000590
60260629000100
60262945000103
60286403000170
60290709000109
60302870000147
57387074000140
60320929000120
60400701000140
60417940000102
60475279000191
60515869000109
60537265000155
60611668000105
60612904000108
60617439000190
60629955000134
60652703000126
60666181000111
57939967001980
60692931000120
60714768000159
60726961000100
60778374000164
60787263000114
60842851000103
59267243000486
60875196000190
60892261000195
37251180000356
46719093000290
56878414000172
60949072000101
60973647000121
60974663000139
48982985000205
59339406000146
60992372000173
61098242000154
61100378000151
61106854000141
61113448000106
61122037000187
45084790000179
61178574000149
61193815000129
61204280000144
61248037000128
15789367000618
61262833000115
61265774000139
61245180000166
61282592000176
61343698000132
61361159000126
61370021000193
61373780000100
61398602000133
26263243000378
61418606000136
45604952000152
61498321000152
61514646000181
61525480000107
61526488000180
61527442000185
40829708000417
61558430000118
60870027000167
61561649000176
61571140000104
61579141000103
61579568000101
61581291000143
61612561000136
61658600000136
61690001000108
61718792000129
61741672000142
61746853000161
61758755000144
61784580000140
17729181000780
61823275000110
61836428000163
61893147000142
61904400000116
25292545000220
57924933000192
59062775000134
59003936000208
45590559000157
54083038000102
17310264000659
51674436000369
57945470000145
61621507000157
61744976000163
44453833000183
56015681000116
53807737000187
28881868000833
55417762000180
46349214000179
59777424000100
48918104000106
50138319000156
61967392000157
61980239000160
62009735000133
62021243000163
62035289000131
62086683000107
62106176000180
62117118000151
62181404000186
62195922000159
62201690000102
62199167000261
62213331000167
62230445000115
62276490000100
62291536000160
62306326000107
62309474000177
62328981000158
62359475000126
62409516000141
62435491000150
62441345000138
62450951000110
62454051000140
62472514000105
62489423000174
62489770000105
62490987000127
20104619000820
62540096000138
62541538000160
62555117000199
62361398000220
62615863000120
42415966001101
62655546000138
62691470000104
62753027000102
10900635000280
62758245000130
62758968000139
62782914000109
17310264001205
62794477000143
62834454000115
40082520000296
62870986000108
62877326000159
11310320001306
62891401000136
62898329000179
62957530000180
62976552000197
62995588000118
62999862000127
63013467000196
63017095000176
63020905000143
63026575000101
63082312000101
63083813000102
63134000000102
63158238000160
63167199000167
63170202000100
63185736000100
63195605000103
63317913000156
63323715000103
63323923000102
63327632000184
63364672000104
63384438000130
63385083000102
63387182000115
63387999000193
63416883000135
63430481000195
63475066000158
63476405000110
63483493000188
63520135000106
63561250000110
63562681000100
63578696000158
63583241000120
63603106000108
63605451000172
63608449000157
40335413000907
63675534000138
32051846000732
63727217000118
63746837000102
63748459000198
63754785000108
63782520000113
63787699000100
63821158000142
92792530015755
92792530016646
63842305000160
62519556000146
62810408000186
63872144000158
63904862000169
63943908000159
63490641000191
63983914000130
63989169000136
62289188000197
64127794000131
64169986000100
64194356000196
64175627000166
64213418000160
64248856000163
64271765000149
64275054000142
64349736000152
64359356000107
64387309000169
64415865000100
64431540000102
64434334000156
64490176000151
64515506000116
64518675000100
64541777000146
64570383000116
64572281000130
64590485000101
64608057000150
64616405000131
64631366000141
64637508000188
64637571000114
63543695000178
64666246000180
64696532000198
64716288000188
64729741000190
64742917000144
64755868000184
64760996000116
64786566000173
64797205000122
64810093000100
64851902000114
64911213000158
64918374000173
64921110000179
64946028000107
64946697000170
64982569000182
64982581000197
64991471000191
64994517000126
65013150000185
65015535000181
65055505000107
65068773000155
65084372000199
65094413000128
65096998000115
65162068000112
65179267000133
65245039000114
65297473000148
63916713000110
65342397000145
65353554000118
65365468000125
65371076000179
10494677000420
65386942000103
65395537000143
65412492000178
65423686000179
27478045000394
65458294000145
65464124000173
65530235000130
65554914000140
65589606000150
65618625000167
65639602000139
65651146000142
65692540000129
65705144000199
65722275000184
08188573000445
65772905000125
65821586000109
65838797000146
65841420000146
65851000000140
65908977000157
65919413000110
65920943000188
65921422000145
65928182000100
65948151000111
65969734000129
64224328000174
65989879000191
65990870000109
66003110000115
66011547000109
66011959000130
66036606000195
66044781000124
66047080000149
66087603000180
66138188000147
66170014000161
66177388000109
66186880000140
66227313000195
66247573000122
66250609000127
66256406000148
66277480000140
34006534000309
66278430000188
66311295000125
66316946000170
66324540000139
66373722000108
66399042000155
66399535000195
66403851000193
62842279000108
66478292000180
66497013000126
66505097000100
66517615000106
66527758000190
66566462000189
66568240000103
66571088000100
66592396000111
52554909000276
66635702000150
66651336000122
62381739000148
01653389000137
03357836000136
03361221000183
01726128000108
00101591000193
05056984000146
93706950000117
05086670000196
01779101000175
03446651000106
05104954000168
05111426000136
05134965000190
05138198000198
05143578000110
05167854000180
05198294000121
05214392000105
03620365000107
03650166000141
05349467000165
02006522000126
05395704000124
02053126000150
05434832000130
03778478000135
02098299000194
00481365000185
03822048000173
02156419000162
05534640000103
01848884000282
00578201000170
05564272000138
00648821000139
05642180000129
02282730000158
02290036000182
02302112000122
04010298000171
02329386000105
04076301000150
00751145000124
05747352000129
02403217000178
04141995000161
02456110000198
05824987000182
04168907000115
05830624000150
05855785000106
00863836000110
05863280000185
05898769000192
02530099000169
02530634000181
04252756000189
00912351000179
05926461000103
04279033000173
04331316000117
04333827000178
04346153000146
06051038000170
02654269000117
02705212000108
73085110000177
06142161000104
06151912000140
34796185000295
01136657000143
01151427000153
01179839000100
01182363000158
04583482000100
36551240000121
06273578000106
04601824000178
02869100000184
01272339000100
04651785000113
01277343000160
75163048000110
01314985000192
06870586000121
06923225000104
04764945000130
06938511000135
03012973000139
39312145000163
01401987000119
06983882000139
03037190000100
04816340000146
04817066000120
04818039000171
01423842000119
01432670000140
04841298000113
04859874000150
76488873000823
07064197000171
77982262000123
40918203000186
07107081000172
22827653000181
03248240000106
07230328000143
07231123000182
07294636000132
07333771000140
07558554000158
28209278000192
48713861000143
65555740000130
49890239000173
66826967000135
03482292000304
86783347000173
66939547000165
67087999000129
67493643000195
68514348000130
32522252000177
69344950000130
70489380000155
33382227000106
71454771000105
53901591000134
91958256000161
72578982000104
72592306000195
72892276000132
07459210000191
07599511000110
02664542000194
26912683000147
07650308000121
07667098000184
07075074000136
07706517000140
07727017000194
07813661000185
07842492000101
67120469000135
07919237000110
07976695000190
07999732000186
08063037000170
08071225000140
66513334000177
03813419000150
05962762000192
06137465000175
06929381000174
50898576000196
53758876000168
00209107000144
05289142000134
05298025000137
03642041000170
05392303000110
05543474000101
03936289000143
05816383000194
06041696000180
01151850000153
01175234000132
01191654000102
01215381000199
74377607000121
58358342000168
06962900000104
03025615000160
07014981000175
01498920000144
07090014000192
88904263000176
53922951000184
07642628000130
07814070000122
08075907000121
02787899000160
05296277000127
00885649000137
04570113000183
26992198000120
07978401000160
05307950000187
45830627000108
01200068000187
03954913000135
86613478000102
03824824000174
03942309000199
03946499000112
02309376000108
02370978000170
05900468000156
97514442000198
04732078000151
64742810000104
01933422000182
66017179000106
07714875000102
25631623000193
89997514000177
05398715000168
34968818000114
06133924000142
71462741000132
07703060000110
01056551000130
05328963000132
02352726000119
71403927000110
03882006000128
02989835000141
55934228000140
46257788000117
04566315000151
03604422000164
52100070000115
05806147000197
04208951000101
06116463000108
45391315000145
07868899000108
62058680000151
05501229000123
08141031000174
08164838000122
08285404000180
08289041000151
08586731000172
08651660000144
08747568000182
08759712000109
08830971000170
08963064000108
09072840000134
09137956000104
09148034000100
09159735000137
09201877000115
92792530002505
09536776000103
09557136000171
09569589000118
09686716000169
10361247000197
10015137000173
10420044000124
10430245000102
10194259000174
10245890000155
92792530002777
10487969000192
92792530002858
10543046000100
10553514000128
00165012000257
10580727000149
10620338000108
10728371000148
06023729000240
01432670000735
10800056000184
09014378000380
10843341000182
10901382000188
10921091000151
10936009000162
10944275000137
11013295000157
11103187000175
11104177000154
11120117000125
11201087000181
11215170000100
11240883000123
11251785000191
09450002000157
11357799000194
11412192000160
11430681000144
11452253000112
11635184000182
05387144000328
11858583000102
11897290000134
12049576000122
12065753000164
12094248000148
12157471000197
12185306000149
03388930000748
12387381000192
12388704000162
12425521000170
12452153000159
12536234000137
12538800000140
12610745000151
13037579000109
13063715000135
13259572000131
13270815000132
13281401000109
13310218000194
13361110000120
13393436000130
13403851000127
13458525000117
13473315000106
20374078000183
08477087000102
13544837000143
13556185000167
13620958000127
01191654000617
13695035000134
13744520000150
97530849000109
13982307000187
14041184000142
14191261000140
05440541000316
14396551000120
14452729000103
66704701000624
14528638000104
08361621000102
14673806000155
14710897000151
14879741000107
14947903000199
15022331000108
08271498000139
08636793000141
08901879000154
09519467000117
09616821000121
10396788000150
10577299000103
10621843000169
10833827000130
11534964000136
12671705000110
13192229000117
15213942000125
15353167000103
51710358001544
15444092000176
03326348000676
02080665000269
02071802000207
92792530004206
92792530004710
15466001000101
15486212000106
15517539000190
15604592000128
15642668000100
15668051000163
08378970000307
15837155000154
15841301000115
16383766000132
16624414000121
16628725000169
16728491000121
11036428000100
08999802000169
09503184000187
00625186000336
16825767000190
16855161000105
16902198000139
16985902000164
17043564000104
17069243000189
17102698000159
17151435000130
24801201000822
17179617000119
08705942000187
17328532000155
17367288000130
04021332000618
17496379000175
17519751000111
17555851000101
17651550000173
17657963000165
05631557000225
18069424000178
18108607000155
08443039000195
10208926000120
10359250000176
10631904000179
11815482000154
20483619000101
13519711000119
13718145000174
16578740000140
09480359000340
17985850000199
65621609000395
18413129000197
18470727000106
18500049000179
18568127000177
18599625000187
18731060000140
18777324000104
18784022000155
18800675000180
18806792000151
18828048000158
18943147000180
18963450000145
18967993000130
19053036000161
19053851000120
19103554000142
19144634000146
19183542000175
19432105000148
19473191000137
92792530005105
19544259000121
19611545000162
14843427000166
19662855000106
19696762000100
19801138000118
19946167000178
19991452000100
20002300000117
20131370000175
20132873000165
20186457000140
20514092000135
20521006000111
20605429000110
20620422000177
20677876000184
20705850000100
20858640000144
20874503000101
20936775000180
21036206000141
21054013000113
21086081000164
21163633000190
21177990000108
21227704000171
21229611000186
21250771000107
21320204000180
21349489000181
21472994000119
21492324000164
21595825000176
21650104000111
21716123000101
21735893000193
21832000000128
21975579000188
22000782000100
22078127000166
07894229000247
22310343000195
22328708000109
22339417000116
22424549000146
22471769000120
22472694000100
21566178000255
22599465000143
22622042000105
22674004000198
17078245000134
01432670001707
21573367000174
22980516000182
23037888000132
23102058000141
23143157000171
23332289000141
23366155000141
23445098000196
23447028000177
23472208000109
23494458000140
23504812000170
23505881000106
23556747000126
23603422000157
23613190000118
23730350000109
23733351000107
23765039000103
23800016000184
19855521000159
23925797000133
23935532000116
24073480000189
17310264000144
24132130000146
24151837000108
24232537000145
24286001000102
24346536000121
09592588000275
24386432000140
24422736000116
24433805000197
24442983000184
24578979000148
24603766000129
24613074000161
24667486000184
24814541000111
22657988000280
24906280000160
24704648000107
07986164000502
25005482000101
22216129000174
25025307000178
25063580000197
25096994000112
25159141000182
25196196000162
25202872000163
20763703000189
25346626000185
25401557000165
25527620000104
18203958000145
24717478000103
20711895000180
12980339000261
23490765000152
20161462000106
13547101000129
22055021000147
19438731000141
19933850000170
24362366000179
20989077000143
12661103000181
04238951000588
15388471000196
18031325000105
18021408000377
20008028000182
22569488000105
14952064000105
08191680000180
25214869000160
15712469000120
15744884000166
20284417000130
19089316000120
19359331000140
25172993000100
09633289000150
21350643000135
23985383000108
22346491000160
14185402000112
14619307000180
11192524000148
08185623000350
15631235000159
24303330000114
12419502000130
23501882000174
22685027000106
10314874000177
18090220000119
00331788007121
25001118000165
11814929000170
18756271000137
09594709000137
22155719000134
15436996000150
19152728000167
08639024000105
11512232000145
12211904000145
13335499000130
14543269000129
20587581000117
13843762000100
24688882000198
11883417000166
25297958000117
24852435000122
21149635000125
08970879000106
14220938000121
13373429000176
23419535000105
24182117000100
21839639000135
09381580000189
25257397000122
14691626000104
10491727000172
02215653000385
10730076000126
12093482000150
09662836000207
09013007000112
24701590000148
14864785000155
08930930000156
12718345000164
24723479000152
12651990000107
08732483000120
21981492000113
21263301000188
25182081000119
26105654000173
26110282000173
26117156000140
26174048000100
26190244000178
26191384000160
22605401000370
26326410000110
92792530005954
26392246000140
26480803000184
26504419000174
26568262000140
26608266000105
26674604000107
26712296000167
26725551000106
26765460000102
26823672000190
26824051000121
26854274000131
26867043000162
26898547000140
26922076000168
24690020000442
08229012000285
06023259002188
27266525000120
27103545000180
27344834000170
27359477000114
27548005000100
27555461000187
27568949000149
27575627000127
27634326000127
27664588000134
27670971000103
27710368000108
27731576000185
27959748000172
28025086000126
28036643000104
28041967000130
28078465000184
28139623000169
28157954000121
28171034000168
28248082000107
28278754000127
28290586000195
28376123000140
28377812000170
28437897000134
28438692000173
28473922000135
23490765000233
28604258000116
28611912000119
28613225000132
28729133000112
28749318000199
28812041000100
28837636000101
28916731000109
28940395000121
66379413000307
29079510000188
66704701001191
29125166000116
91958256001303
29245128000105
29271639000193
29276313000159
29291854000156
29304837000106
29323549000107
29493356000196
29558113000199
29638961000108
29702936000146
29710018000169
29800627000109
29831959000150
29886578000179
29893037000178
29920827000103
29941313000126
29960459000119
29973430000171
10591076000869
30103094000195
30118015000110
30147269000166
05198234000290
30153777000157
30277976000177
30301479000167
30069131000196
30375967000119
30390204000147
30438004000117
30484598000100
15479441000276
30500419000173
30565393000141
20889344000291
07640054000322
18791322000323
30649747000136
30665788000116
30666091000160
30698629000118
30752691000140
10682855002066
30768241000146
30788758000105
30812397000187
30817551000103
30834127000177
23419585000346
30856221000127
14830466000200
30951386000188
31198830000107
31233074000100
31274865000170
31281513000141
31299483000109
06023259003583
06023259003745
04766877001030
31394811000148
31424151000109
31439596000154
31452536000171
31472279000130
27818631000179
28536082000293
06023259004393
31671948000100
31678958000160
31679421000114
31681097000179
31683524000158
31725372000109
31729948000106
31758677000117
31794247000150
31860568000106
31864142000120
31942643000188
32008494000147
32034222000111
32045753000100
32051846000147
32092288000168
32101751000190
32148336000192
32220461000166
32252291000100
32288510000100
32310595000178
10851899000533
32334629000164
32424678000198
32467509000135
32471642000165
32474592000170
32474729000196
32587302000102
32598440000189
32617070000180
11984323000264
32670327000167
06330400000222
32739065000140
32783600000160
32785635000138
32859273000182
32887337000159
32923257000101
32923298000106
32968509000119
32977585000190
32978007000179
32995124000140
33064728000136
33109407000100
33191235000167
33295865000181
33310407000174
33324742000121
33386397000150
33463800000106
33470424000179
33541663000172
33566173000120
33618391000161
33745535000140
33746178000135
33750575000180
33777762000158
01056551000210
06330400000303
33857039000189
33872155000177
33905400000103
33922194000131
33923203000109
33944482000197
33962688000140
28396964000110
34141634000186
34202874000143
34206733000107
34240233000183
26292453000122
34247550000121
34266784000116
34324130000100
34341641000121
34349314000116
34354278000189
34493081000120
34506176000131
34540124000181
34579064000100
34596782000195
34646393000127
34742500000110
34796467000101
34797945000106
34798401000150
34830835000190
34860598000100
34913206000124
35020514000193
35033460000109
26109202000240
35094501000169
35102205000162
35115564000154
35148740000154
35172281000144
35252422000139
34814222000160
35355231000100
35394466000101
35395731000168
30569912000140
34063797000198
35462262000152
35462715000140
06023259005527
35553662000173
35591879000178
35615965000173
35628906000130
35667373000103
35702373000199
35725026000181
35756404000194
35829063000130
35852616000175
35870949000127
35879116000127
35907473000151
10682855002570
35961476000173
36173603000132
36260769000196
36309778000124
36323879000150
36325818000121
36352032000101
36365225000199
36457686000191
36489643000198
36550947000113
36567244000106
36572302000181
36576390000190
11977828000200
36579750000107
36597568000189
36642876000189
30249867000146
36710912000102
36753723000109
35756061000168
36833159000134
36965381000190
36992233000165
37016962000149
10682855002309
37140270000108
37206672000168
37218607000152
37220329000178
37281729000193
37302362000147
37345529000157
37365028000132
37365091000179
37401933000109
37439784000169
37450480000100
37559847000110
37606007000161
03476585000451
37626053000122
11498673000644
37661072000190
37677043000116
37713020000110
37794292000191
37825246000102
37844605000179
34238752000107
37860569000137
37962051000104
37999955000104
36921632000135
38090115000197
33837342000110
37834471000296
38250745000181
38251779000190
38322733000115
38339432000102
38343884000150
38346544000182
38314556000125
38359340000186
38445775000143
38476740000171
38482059000136
38541851000114
38560167000180
13301553000207
13765974000299
31202354000223
39144323000194
39166775000177
39177551000160
39243561000157
39354183000189
33610450000155
39374345000140
39395315000110
39428981000108
39452433000113
39481040000138
39481324000124
39510355000166
39553684000194
39557745000191
39612210000176
39625691000154
39642316000112
39644200000112
00331788009760
39731174000160
39750703000172
05652247002583
39806201000116
39824961000156
39841025000153
39843983000163
39894586000110
39936358000166
39942760000153
40031244000156
40069394000159
40085349000198
40097328000192
40150749000130
40169239000104
37474099000173
40224510000167
40272142000122
40276267000120
40281617000147
29872042000102
40402056000197
40402481000186
38230658000162
40453802000171
40543792000165
40561139000129
40565135000119
40593468000151
40600994000100
40621695000143
40626443000107
40689996000109
40701192000188
40737490000128
40740757000136
40759865000150
40762154000135
34474261000165
40880584000151
40912050000160
40912601000195
40949812000100
40954027000138
40991281000106
41007876000147
30584194000261
41043713000110
41098601000166
41136032000104
34729751000165
40105302000149
41174440000142
41184905000146
41210769000111
41211153000165
41275410000122
41277026000169
41285979000179
26729204000151
31890746000141
41411147000151
41413525000136
41464476000160
12663664000209
34536733000167
41517207000115
31885349000181
41586239000172
41589298000102
41656677000160
41656721000131
29192265000110
41712851000144
41485819000173
41748694000127
41755774000100
41765068000149
41805085000162
41840853000119
36174635000152
41937956000100
41944186000114
34437008000131
39283735000105
26574191000199
38015591000143
24690020000361
40137278000120
30296381000169
30992391000139
31187832000192
42012527000186
42052671000146
42075345000154
42105337000103
42106018000112
42132237000176
42132581000165
42217686000117
42223696000165
31760900000322
42185968000180
05857856000282
42309795000164
42354926000125
42356979000185
42420594000130
42592918000117
42602350000178
42651918000140
42712849000138
42775289000160
42791140000175
27564890000110
42873097000197
42892377000142
32051846000490
42931043000130
42949551000146
42964794000153
36108527000181
27322843000160
43036394000140
43065815000161
43091204000198
43105454000130
43115446000174
43140028000137
43185019000162
43191986000137
43235949000183
43254574000107
37211818000163
43312201000137
43322543000138
43411497000143
31072899000181
43475783000172
43507990000161
43530002000103
43538268000194
92792530008970
43669380000164
43265688000144
43672465000100
43674602000137
43681526000197
43800581000159
43807305000112
43811312000198
43824605000100
33922414000127
39994545000104
18731060000220
40409939000129
27117711000105
39423689000100
27512312000130
33141067000103
43179257000165
26944208000152
32709954000164
40360890000167
33157964000105
30378075000171
35935671000129
32268718000150
39457746000164
37416741000168
43358453000105
26221766000190
34248627000188
42105647000128
33812235000137
28357453000199
37609557000134
38248793000135
38351215000120
39323364000148
31675086000186
26545827000174
42017833000105
36676552000161
41583587000196
37586395000166
08411636000219
42775519000191
40646148000112
40311678000100
35960862000140
42892061000150
43297898000114
37348529000100
36970530000100
28359758000130
41833048000168
35721044000195
42459691000136
33397984000145
34078272000126
40720607000160
32090689000189
35227330000107
28141595000114
29044102000190
41196721000104
26284531000147
31217967000153
40303280000121
42782498000131
43288303000164
43737062000193
43885610000122
43921570000127
06023259006175
06023259007570
43974298000143
44161999000126
44182895000106
44199448000151
44201843000121
44210063000148
44272026000164
44385112000183
30584034000212
44437079000198
44534304000104
44582772000154
44622508000105
41043713000462
44652978000103
44659938000193
44729190000158
44737080000138
44749283000144
44798115000149
44899808000128
44916360000103
44920591000190
45010136000110
45015098000199
45035496000177
45060007000137
45076860000147
45087076000134
45104496000181
45137233000179
45161958000100
45170302000146
45289236000128
45303804000106
45355459000146
45355525000188
45394345000105
45429493000118
45448344000104
45449551000175
45454027000192
45471715000160
45506372000122
45506585000154
45508206000165
45561707000105
45578809000133
45599165000160
45625220000149
45673577000100
45686756000174
45698549000130
45720428000147
45737182000116
00331788010424
45755075000110
09247597000903
45782140000105
45785735000106
45806722000176
45817206000147
45856399000145
45928695000104
45942673000107
46002064000122
46031938000170
46033670000105
46086397000187
46100096000160
46111355000159
46116080000146
46140993000106
41043713001353
46259442000158
46282363000168
46289006000121
46355709000100
46370165000156
46371327000170
46391192000105
46398661000118
46206780000121
06926297000288
22691736000358
46290724000118
46550213000198
46600400000139
46616627000172
92792530010362
46654981000191
46671476000155
46683059000122
46686455000103
46691586000189
46704291000108
46746968000162
46766632000161
43996048000104
46818168000100
46853863000102
46935991000103
46979016000199
47027616000110
47077210000141
47082470000105
47084101000151
47098088000190
47117117000113
47132695000129
47147615000109
47149625000183
47150691000173
47216604000133
47231851000109
47237016000186
47263854000124
47303663000149
47351022000160
47375319000165
47429418000182
47520673000136
47538586000106
47550456000199
47551367000167
46069791000107
47589815000111
47617647000120
47637497000117
47676575000192
47698262000135
45585309000200
47727000000151
47755922000172
24590515000319
47815837000152
47834881000100
47863681000185
47896085000100
66773862000599
47970338000130
09431046000210
47982433000153
48016108000107
48018763000196
48044763000160
48088856000197
48101598000131
48104561000167
48143248000138
48157268000168
48164822000134
48168581000100
48206987000121
48254622000172
38015591000224
48348673000163
48352545000193
48302114000112
48381064000106
48399751000159
48423325000103
46252009000190
48432795000133
48477154000103
48482225000158
48584978000174
48593932000111
46543673000199
48699780000136
48703931000182
48762069000189
48786752000156
48795189000182
48834719000154
28514262000274
48876275000110
23160805000289
48962271000154
48976029000130
48983752000146
44085092000125
49021798000147
49024107000169
49042089000148
15474903000777
49088508000182
49115382000198
49134161000167
49144948000100
49165713000102
49171818000166
49212018000146
49220839000124
49229478000187
49231080000185
10682855003623
49246996000109
49269877000171
49275471000100
49341797000180
49342201000166
49365215000103
49380144000100
49380837000100
49382046000101
49393728000110
49416239000136
49430004000107
49459049000104
49462900000140
49468621000193
49488610000175
49556115000156
49556237000142
49567790000180
02423369000485
49581252000140
49651918000190
49672862000150
49677924000116
49682216000173
49682684000148
49732055000185
49759548000109
49760508000187
49761015000161
49761387000198
49772412000139
49798090000105
49817681000174
49850880000184
49878268000110
48006531000118
49911277000165
49932905000199
49976846000150
49981726000141
49995347000100
50010550000160
50073062000100
50077405000104
50105668000171
50108413000162
50110207000197
50127127000144
50149516000170
50203549000151
50221122000186
44596113000177
50336891000120
10851899002072
50386117000123
50397390000153
50486529000135
50509568000100
50548016000101
50606372000134
50607255000195
50622370000139
50661741000191
46233743000293
50720498000135
50723264000141
50727470000120
50737155000183
50780820000111
50799392000179
50815873000120
50856804000165
50890436000171
46644494000148
50271943000127
44001518000115
50971284000131
50994836000127
46830825000134
51020130000127
51068956000166
51118557000162
51136888000125
51155873000104
51181898000182
51201667000193
51221510000120
51227084000131
50798638000198
51307294000130
51308072000131
51310820000110
51315367000135
51078311000104
51320602000167
51369103000164
06330400000737
51403373000144
51405803000167
51406944000102
51436031000120
51451164000176
51468949000151
51490201000155
51509641000107
51513453000152
51541771000127
51551669000102
51572735000120
09446730000276
51593727000160
51596312000140
51623077000159
51649524000149
51657403000149
51698925000199
51709635000101
51713376000184
44183450000132
51862023000146
51866823000135
51906142000153
44119553000133
51924997000107
51926402000152
51936536000154
51948148000193
05591842000340
51978965000194
52007821000153
52033383000106
52094068000180
52118615000110
52120815000108
52136475000103
52141732000103
52142820000111
52188517000150
52189618000145
11310320000679
48557688000131
52235154000166
52246573000101
52250745000102
52261268000180
52287161000101
52289705000174
52290781000108
52310268000123
07581009000344
52340152000137
52391996000107
52413443000108
52426714000160
45439683000116
52466524000176
52469456000107
52506249000177
52558636000157
52590261000102
52596555000141
52612888000117
52657659000119
52711110000165
52716310000100
52471843000170
52801694000160
52804794000140
52822759000153
52859894000173
52867989000139
28143401000209
52933673000106
52975065000156
52997759000194
53000184000156
53024928000172
53036473000105
53066237000131
53074762000107
53075793000174
53080074000141
53088249000167
53101189000175
53135561000164
92792530010796
53312076000119
53314504000142
53318388000130
53348092000161
53361394000170
53414825000119
06330400000818
53480076000128
53494700000146
53552990000137
53561518000160
53575259000127
53575407000103
53576446000125
53588167000181
53604934000107
53607617000136
53626530000106
06023259009190
53669160000194
53706448000191
53759157000161
53791663000138
53869635000196
53950596000157
53962777000101
53988477000193
54015791000152
54022963000115
54025618000135
54029741000124
54140685000109
92792530013205
54144244000177
54161174000165
54212828000132
54215435000182
54227406000130
54231061000199
54306218000106
54335611000110
54406906000130
06023259009433
54439825000136
54491841000178
54495162000177
54499431000173
35785818000303
54534782000178
07651728000203
54556542000174
54566841000190
54568792000124
54576820000155
54583130000123
54607423000101
54610693000163
54611134000178
54615750000105
54644474000103
54668515000193
54685820000193
54704337000109
54711687000100
54713241000107
54739383000143
54756090000174
54765449000170
54769517000179
54771462000131
54797621000177
54835883000189
54859044000109
54869305000163
54869910000134
54884076000156
54898197000157
54921064000154
54927733000103
54935737000125
54962582000116
54978525000125
36909408000209
54997141000150
55012364000183
55019286000149
55026727000130
55082274000169
54661256000179
04340706000234
55128855000194
55139017000116
55194539000110
55207052000125
55207839000197
55220812000134
55221757000105
55224850000165
55250692000118
55264081000129
55270658000105
55309965000152
55333335000113
55381047000134
55428333000108
55434887000118
55438996000103
55455458000127
55489588000180
55497913000157
51674436000105
55512203000159
55521758000167
55622343000180
55625747000127
45687272000220
55704409000180
05398715000320
55728466000108
55751997000103
55758147000137
55775351000166
55801812000128
55813674000105
55856677000118
55875630000100
55875653000106
55898337000150
55902915000184
55903062000103
55972628000140
56013364000160
56015918000169
56055086000104
56061798000136
56106877000116
56125361000119
56169764000160
56176781000124
56191990000147
56222447000160
56254370000100
56268721000131
56385494000124
56525457000174
39304958000292
56607119000181
56660837000111
56746916000140
56901602000174
56917326000132
56987652000116
56990689000101
57019760000168
57080148000109
57100663000103
57116999000156
57173564000143
57189529000112
57254366000104
53692013000135
57339215000159
57347179000175
57351820000145
57385449000132
57397364000174
57410715000130
14950553000543
57463186000132
92792530013469
57490543000151
57497541000194
57533676000168
57550462000108
57562072000140
57600001000194
57623818000188
57644468000136
57681466000117
57722914000183
57733368000186
57778100000160
05967785000270
57815020000138
57865209000135
57884883000167
57899147000182
57917549000162
57943348000130
57962558000175
57969293000137
52412808000422
58004351000150
58007619000108
55527391000270
58130481000130
58176877000118
58188203000133
58202104000169
58051788000145
58248924000191
58272517000110
57939967000665
43149753000419
58324131000104
58340096000117
58342234000105
58367597000197
58372538000107
57892041000238
58384848000141
58401651000173
58455625000128
58456795000127
58356126000264
58491856000197
58494723000174
58532322000161
48791514000210
63675615000308
63675615000561
58567202000108
58589555000109
58596896000101
58597069000124
58613550000166
58617624000132
58674899000108
58689755000125
58717271000142
03034313000582
58731735000175
55434432000100
58767809000123
58776199000124
58802449000153
58814795000151
58815348000117
58843031000194
58879153000130
58890962000143
58899498000156
58907818000172
58919632000133
58926279000119
58933348000111
58936250000118
58996201000170
59032767000145
59036176000146
59041811000183
59053973000131
59066101000108
59081449000174
59089320000102
59116052000170
59145628000128
59155249000119
57751858000105
59249597000155
59269699000132
57266904000180
59365378000131
49662989000279
59379905000167
59401332000120
59435346000165
59439924000131
59450621000110
34175758000263
59478659000109
59403487000104
59524167000102
59529658000138
59533726000132
59287968000193
59536886000135
59537493000146
52493002000163
59575734000141
59604010000189
59653015000100
59693906000181
59720461000181
45889283000102
59746621000161
59753856000180
59755301000178
59772528000121
59794280000108
59796779000146
59869062000187
59873909000105
59902491000109
59937067000108
59956919000104
59988693000115
60087547000106
60131575000175
60171920000102
60188946000155
60204355000124
60205225000106
60206199000130
48473713000107
60222527000192
47263971000600
60240237000171
60266071000162
60273519000175
60277752000126
60287480000145
60288075000141
60331454000177
60354377000170
60363693000109
50469282000300
60420885000100
60433997000103
60460079000165
60471694000177
60502835000171
60531536000165
60557669000100
60572024000147
60612568000195
60616222000165
60643810000198
57939967002013
60678743000147
60680769000120
60685705000111
60709732000187
60723966000189
60767305000155
60774984000190
60793614000108
60874696000107
60877949000104
60914332000103
53176784000170
60954023000167
61008816000156
61017468000183
61018550000122
42172101000270
61075106000149
61079911000140
61091430000150
47525754000129
61116611000194
61118060000106
61124499000133
46083811000102
47760471000161
61190006000163
57047465000115
61202231000172
61210797000146
61233695000146
61275537000159
37141336000265
61280647000109
61284850000153
61291995000181
61319152000146
61327816000119
61353365000194
61356554000110
61379881000198
61384700000111
61399026000149
61411220000100
61445224000100
52705192000135
61543099000162
61586260000185
61594459000155
61595828000124
61600660000106
61601710000161
61631559000104
61635531000145
61657731000107
61657919000147
61690789000144
61691766000154
61706407000123
61726458000117
61747696000109
58019249000129
61776214000149
61789410000158
61793277000103
61803017000171
61813394000191
61841512000175
61845591000192
61858032000117
61894698000120
61562093000132
61930820000177
49466987000123
60666152000150
00279767000282
47718550000104
60496025000150
47151567000122
55128926000159
61464346000135
54224427000100
54400443000107
54620377000172
55248086000168
58043736000127
60697261000134
60800456000168
49534227000106
10851899001343
55943546000178
61527829000131
54251886000175
61063231000139
61963465000132
61994907000108
62009488000175
62013777000148
62059786000170
62069246000177
61985872000140
62094815000134
62109766000166
92792530014783
62159000000196
62199167000180
62239308000141
62259392000165
51644269000303
62293747000132
62297978000114
62322818000188
62335254000118
62339363000103
62353881000181
62402646000152
62406283000123
62476805000163
62579647000177
62617015000150
42415966001292
62643411000152
62645877000197
62654226000163
62667295000101
62678959000138
62684471000113
62712798000151
37281645000230
62727812000190
62749094000153
62770538000132
62771707000159
62790907000159
62795785000193
62838844000163
62873232000101
62876717000159
62887191000102
62899347000175
62937686000107
62941557000184
62946269000112
62990412000173
62997906000180
63015442000121
63065045000164
63078654000158
63083159000137
63118351000111
28514262000789
63163436000111
63170283000130
63180515000130
63190082000102
63195832000120
63196607000109
63210037000164
63252322000148
11978342000520
63306857000154
63308090000100
63320491000178
63329516000102
63333426000187
63425438000131
63452800000163
63453337000174
63455859000105
63456559000140
63474103000103
63501067000120
63535880000110
63584584000100
63593871000186
63621438000107
63624655000150
63647449000166
63654815000104
63665260000104
63665737000143
63687014000145
63717693000158
63736589000100
63758519000153
63775651000173
63787800000114
63788531000100
63796904000195
63812351000117
63816195000162
63819711000102
92792530016301
63839243000138
62614976000101
28514262000860
17801083000382
63878067000143
63878701000148
63885521000193
63916474000106
63952689000174
63977934000106
63998768000116
64010893000139
64028736000150
64035588000100
63035211000180
64083897000147
64091394000113
64134293000182
64202423000177
64236242000161
64245997000122
64273362000139
64274786000118
64287176000159
64299692000101
40829708000506
64314173000167
64324204000160
64333607000176
64358719000181
64384523000161
64416020000120
64419692000190
64433072000105
64434411000178
64444777000128
64447941000150
64454821000180
64493099000193
64495464000107
64507704000138
64538722000187
64574380000150
64582747000188
64582931000128
64655102000128
64686788000114
64691118000196
64697518000109
64703437000174
64705363000105
64756775000174
64799691000118
64824263000106
64842795000168
64880282000141
64912723000140
64923517000135
64928403000188
64932579000103
64914777000144
64957440000114
64989947000150
65016843000121
65046270000189
65049799000156
65055728000166
65096329000143
65106110000188
65143472000149
65229061000170
65242747000100
65309518000157
65326269000108
65366389000139
65377462000178
65389263000180
65391915000110
65412438000122
65414819000140
51097433000229
65461297000138
64686443000241
65479427000160
65518969000102
65524154000128
65525482000149
65532102000101
65534862000140
65536659000102
65605899000111
65662266000145
64119459000191
65680793000182
15789367000707
65780852000194
65811141000130
65841180000180
65874546000117
65887058000144
65895185000195
65898288000109
65898638000137
65928858000166
65944739000105
65965779000125
65971977000100
66020393000103
66022777000165
66092620000106
66103708000186
66135953000175
66139883000123
66141462000137
66149557000105
66149976000139
66169963000121
66187364000130
66213829000180
66228301000185
66320752000148
66322310000130
66323729000107
66031321000161
66352148000101
66359275000124
66360984000120
66371719000147
66422047000151
66453158000125
66496403000181
07356800000350
53135561000245
66515854000119
66532047000104
66540128000156
66577558000142
66596905000184
66610266000164
66615793000161
66621924000113
66629782000130
64145646000140
66646104000186
66689475000145
03302509000187
00005813000174
92818277000144
04978392000119
03341396000129
93274785000171
03375886000146
01248073000240
03387590000145
05060597000183
00139892000106
05097002000164
05103955000198
94083706000108
03487466000151
00229420000144
94985603000133
03558981000185
01911380000189
03583301000183
00310725000186
05279946000152
00359586000185
05331092000106
05350395000176
01811198000237
03737792000170
05416353000190
02094767000152
00513247000101
03850580000102
02163220000161
01447737000543
05516487000183
02176757000166
02187916000128
05565376000167
02238906000174
03933631000151
03938226000126
00653494000103
02279410000149
02306193000139
05674440000148
04012222000185
04015056000170
04033507000100
04929248000516
04144112000177
00843039000170
00858015000195
04221212000150
00898046000170
02525807000173
07841284000198
04273074000152
04303424000186
00979499000120
00993411000125
04363021000122
06052728000143
06072211000116
06107230000130
35183888000120
06182419000198
04512846000161
02779289000114
01163703000101
55986392000100
56130180000180
06246818000175
36554491000160
74358284000129
06279678000131
01244259000140
74670076000160
04665738000129
01286050000140
04709840000189
57788523000161
02956189000116
06907515000156
04753831000195
06937323000192
63884720000268
04804687000179
39396882000191
03033873000199
04814850000184
06995626000161
39631304000192
03046015000189
03046140000199
76488873000408
04883514000193
07075578000156
01499263000150
04913089000138
07103892000103
07157039000166
41758202000184
07180081000106
03224822000144
03236201000180
01595070000100
07234385000109
03281857000115
07592820000169
80392566000145
62581913000104
09047259000162
64836885000146
64946445000141
84536341000176
84624303000175
11958634000178
31678246000140
68866862000135
32731895000120
53653275000190
33808197000149
34215921000193
72109580000160
92113802000126
07561758000148
07581009000182
34800557000129
07768848000104
07768952000107
07891920000196
10779833000237
07970236000108
07970287000121
07986539000100
07695498000101
07731195000199
07989512000171
07428997000124
81069007000161
05038522000104
03708717000180
04654245000193
01704615000161
01484668000114
07130323000149
07827664000178
04513175000153
07849937000185
05149046000190
03316313000141
03339350000175
03340004000107
03362451000167
05068497000101
01777865000121
01870024000164
05336989000122
03708908000142
05590859000111
05783076000154
02435006000117
02443971000131
04533240000102
04641632000195
06936492000108
06968262000120
01421326000155
07069475000183
03199214000127
07195281000124
79507893000116
81497463000102
66872326000117
68274539000172
68454248000166
07147944000135
07893537000177
01848884000444
05124027000290
62955471000372
81178469000389
06023259000215
06265738000167
05843306000123
02876297000189
03018125000137
07367116000102
07681496000155
02027150000114
06881729000109
01848884000100
05309162000120
04142000000187
04218466000119
04294000000100
02046062000160
07192277000102
07301444000106
62144308000168
63588354000119
66620352000158
08111264000124
63675615000138
05313129000173
03365024000132
06047697000132
07976101000141
57227035000185
17267097000104
60355344000145
06538431000192
09579673000201
03189034000164
08143237000133
08168707000113
08170657000109
20220206000134
08205053000150
08284342000192
08349246000185
08350135000199
01432670000492
03018125000480
08676521000175
08702249000150
03388930000667
08747326000199
08749526000180
08833201000181
03046140000270
09071813000147
09086846000160
51710358001706
09246659000105
09290042000189
09366334000158
09471900000191
09480359000188
09495427000182
09538982000144
09656734000106
10287433000123
38529426000290
10312997000179
20256498000165
06023259000487
20263701000120
10411537000106
01191654000374
10208087000140
10233519000173
05769270000266
10283475000196
10283577000101
10651944000182
10661618000156
10712576000135
10861744000154
10880815000166
10943494000100
10945397000148
10979305000140
11053236000102
11172788000130
11287789000120
11375489000100
11407247000143
11421763000122
92792530003234
11916862000185
09186671000163
14718224000148
11152769000141
12128360000152
11879663000144
11402460000243
01191654000536
12381749000105
92792530003820
12590062000180
12780511000152
11848284000197
12840899000130
12943495000171
12732055000175
13028007000163
14812837000140
05887517000320
13297717000199
13366959000197
12911547000128
13495001000104
13578719000156
13589168000126
13600431000130
13607467000146
13660418000177
13660674000164
13683789000174
13695149000184
13942315000108
97522459000197
92981752000956
14102588000107
10556455000222
14160913000180
14195941000132
14272258000151
01432670000905
14337784000152
14349903000197
14374296000115
14394556000114
14399983000195
14510351000157
14548213000167
14646435000112
09423660000230
92792530004630
14871809000101
14896345000180
15031641000180
15261307000113
15270799000103
15297524000163
15303012000162
15389908000106
15410575000150
08155716000170
15433755000157
09256770000174
09334074000139
10495685000148
12720716000142
12801332000154
13091265000194
13543116000119
13671354000100
13938862000101
14259710000145
14695892000105
15319206000156
15479878000129
15500245000155
15552344000180
01432670001030
15656487000132
15672020000186
15758654000156
91958256001214
15777392000177
00331788006400
15873369000186
16671989000103
11818858000184
14057348000200
09123804000314
17059112000110
17075312000167
10556455000303
17118408000165
17148437000170
10682855000870
17180807000156
17207578000116
17211205000119
17265383000122
17273311000127
17385835000100
17401323000190
17433586000180
17481257000105
17532597000118
17541850000108
14429851000169
17613224000171
17753479000130
17782843000190
17806195000164
17852018000114
17912157000196
17916987000191
17962353000175
17980427000104
13311631000173
18127513000123
09557411000157
09123804000233
12637919000170
14431051000182
14734903000100
17273579000169
18026995000125
18197728000110
18390236000147
18497904000130
18598401000150
09343751000185
18719572000190
18725427000112
18759148000170
18857667000170
18932464000100
18674385000138
18965698000145
19105991000103
19140343000180
19174557000177
10682855001337
17302855000170
19424607000127
19447021000188
19520663000165
19520942000129
13918232000175
11205909000100
19863236000180
06262965000210
19886526000149
19938011000145
19945159000107
20054720000147
13157098000137
20218662000140
20531290000107
20562292000163
20533963000168
20652809000105
20727682000146
20806068000170
20839640000105
06023259001459
20870766000134
20885094000130
20890423000131
20996037000129
21132002000104
21197750000175
21220953000135
21271213000128
21416494000160
21460403000193
21493300000120
21497644000107
21566178000174
21597608000115
14855897000220
21681634000127
21838062000147
21901120000130
21933432000125
21995862000171
22001147000139
22070008000167
15474903000262
22256035000129
22335214000151
15677582000112
22399011000129
22415041000181
22476080000199
22579679000158
22624582000110
22626029000116
22682610000155
22763554000183
22803093000125
15582253000198
22847929000193
22885153000104
22921608000191
23024612000110
23029712000139
23109017000187
23128122000163
23146768000173
23163888000189
23202777000134
23220723000100
23266602000190
14508338000163
23306606000155
23317486000191
23332916000144
23370759000161
23484107000158
23567596000101
23720127000180
23753876000104
23766487000113
14055452000185
23880196000151
23890608000134
23949185000180
24801201001128
24199644000119
24231384000111
03067129000296
24261076000139
24282387000184
24454102000145
24462096000178
24483993000168
24577110000189
24645425000116
24691109000180
24744367000188
01432670001898
24755368000128
24770835000199
24830892000116
24909537000137
24972702000103
24977677000142
22605401000299
06023259001700
25031191000180
25032979000100
12395142000265
25055322000169
17310264000225
25127706000140
25225799000145
25244763000109
92792530005873
25462990000100
25522007000102
18540936000170
19312691000197
17424989000163
22360182000144
21761839000112
23279440000125
21612597000103
15021889000160
21223809000152
23026700000150
15440114000120
08219368000157
24778972000170
12841740000130
11477898000100
12940696000115
10695637000101
18067281000165
25186723000158
25020184000182
22374166000100
09543571000147
16851261000155
23858868000122
21247409000187
23371869000148
23546335000105
13333607000135
21062213000118
23188050000140
23678181000105
24042002000101
91958256000919
18665867000121
19255746000174
25290718000190
92792530003587
15255841000117
22204285000115
10323986000194
08407755000117
21452821000139
24487722000180
22882059000193
12922827000131
23319030000160
10968564000176
19896997000138
19052658000175
24165893000193
19213691000130
10358474000163
09387164000198
24272982000139
14823642000103
12060247000182
17507938000103
24958749000104
26038519000152
26089487000114
18587125000206
26123559000100
26124831000169
26174467000141
26083555000219
26259131000181
26345522000119
26358568000172
26419455000130
66704701001000
26437163000120
26447308000173
26492089000144
26531250000141
26602378000159
26620018000180
26761225000154
26872942000153
26598374000144
27055288000158
27114410000110
27118643000190
27133620000155
27166981000106
27175226000180
27189289000195
27202989000172
27208920000156
27249458000135
27254615000109
27259745000126
27302069000126
27307557000126
27335620000138
27372254000197
27406728000174
27432093000180
27460498000121
27470891000104
27504519000163
27511079000171
27539908000124
27606428000139
27658631000159
27693653000150
27842700000180
27865681000107
28143401000110
28150534000113
28167282000135
28270828000189
28379388000100
28404666000124
28421419000136
28425756000100
28466351000101
28469940000143
28536723000129
28543621000130
28545322000135
28545737000109
06023259002420
28592922000154
28675336000173
28709754000134
28741915000177
28755415000194
28821758000100
28888574000167
28930145000100
29144887000173
29180473000108
29239477000106
29240828000107
29265622000123
29270478000113
29275232000134
18021408000458
29305600000140
29409474000173
29484398000160
29523341000123
29578023000160
29655242000103
29656801000191
29675187000105
26369426000100
29848771000115
29878120000178
29902280000105
08636793000222
05959841000578
29975254000107
29981822000182
30017369000178
10770079000355
30182929000140
30218668000170
28671174000103
30339843000188
30438144000195
30463132000110
30482920000154
30503845000160
30581514000149
28619207000168
30729154000180
30749429000147
30756713000140
30819214000155
29131478000132
30843145000115
30925008000120
30983257000171
31017223000195
06023259003311
31040927000189
31074881000119
31077014000137
31125144000106
31248341000104
31303914000155
31371861000100
45131497000204
31421525000124
31441164000188
26844174000124
31490280000197
31505393000119
31543547000167
31550816000112
06969815000321
31602387000180
06023259004202
31639888000130
08411636000480
31701180000162
28037552000274
31811406000188
31837561000173
31937164000173
31952459000119
27018334000149
32117120000160
32153104000122
26739563000190
29127062000140
32471384000117
32514355000195
32531567000180
32598036000105
32632241000140
32668411000146
10327947000408
32822281000154
32862020000168
32934711000120
07516554000276
32977756000181
33056556000159
33087516000174
33179764000145
33268510000101
33271601000198
33293944000153
33299034000188
33324626000102
33350007000192
33379468000198
33394138000171
33412174000110
33513651000134
33513948000108
33567797000162
33587488000154
31219895000183
33680031000190
33716582000166
33722128000118
07976101000303
33874169000120
33989309000105
26669834000188
34006534000147
34038201000108
34054248000157
34069921000122
34072775000194
34094778000129
34126365000189
34148859000164
34194080000185
34195895000189
29220189000100
34313539000112
34323124000120
34360505000189
29739136000280
34379521000113
34386368000151
34407997000110
34438737000102
34448663000195
34469105000106
32398639000163
20174162000234
01191654001699
34528029000162
34510371000135
34571089000168
34585138000111
34628175000160
34676638000169
34692054000187
34699024000100
34720858000142
34827521000139
34846277000151
34859445000143
29461034000165
34887929000104
34909015000199
34941265000106
34956612000174
35126938000137
35155818000168
35161382000110
35168029000161
35184034000168
35184362000164
35190615000102
15069036000280
35317292000175
35471386000102
35530253000151
35569414000110
35571208000145
35575742000120
35620933000166
19647219000296
35688974000194
35734369000102
30091264000169
35750993000101
35793150000184
33752192000141
32168121000133
35874856000170
35886714000123
92792530007817
36039524000133
36077951000106
36128758000157
36181791000140
36212101000173
36228751000107
36242991000166
36252748000129
36252876000172
36260892000107
36277120000188
36309591000120
01191654001770
36435342000181
36451418000162
36509262000123
33761192000108
36706939000113
36726018000112
36767490000101
36799802000150
36812050000110
36831217000190
36890413000136
36914335000162
36939000000107
36954301000100
08399692000366
36963629000184
36972436000190
32974751000103
37015230000134
37068978000103
37075674000165
37123016000100
37132658000167
37137856000113
37156243000123
37181776000165
37256027000150
37306839000162
37351920000164
37366185000162
37377270000126
37385360000169
37408889000150
21500492000235
37446169000180
37457912000105
30895912000130
37543230000107
37603663000100
35041852000101
37610463000185
37624751000199
37656764000140
36886442000124
37694931000147
37814182000144
37851778000114
33632534000190
37871995000176
32025361000189
37950554000160
01432670002517
37967587000112
37976268000173
37979892000124
37849721000180
38002349000135
38015835000198
38108771000170
38129624000186
38175706000167
38177273000189
26883111000187
37664664000165
38250951000191
35524645000108
38257965000137
38267804000124
38281541000108
08411636001029
38372847000170
38390782000195
38394966000123
34387531000109
38402694000166
38316025000171
38498946000100
38505674000110
38575170000177
38598617000123
38611093000163
38624481000189
38656741000106
38709659000194
38713313000160
35722344000270
39229318000184
39254178000102
39298744000170
39311628000143
39311678000120
39347688000116
39377375000100
39425550000198
39430487000188
39465625000164
39400659000170
39574059000129
39633131000141
39649932000103
39710301000144
08907346000775
39831900000116
39846111000159
39891425000173
38257360000146
39976099000105
40015535000150
40042984000198
40080587000100
40089954000137
40092071000186
40114458000196
12848219000205
40188737000102
40210108000123
38709659000275
40286806000102
40318038000121
40372664000104
40419827000159
40420328000181
40424365000168
01365181000546
40515463000100
29289191000216
40576384000100
37501261000103
40622916000106
40669338000155
40699524000137
40735083000181
40753582000100
40792153000133
40809955000109
40833657000154
40893239000152
40895512000188
40911395000107
20104619000234
40923691000110
40949618000117
40961284000105
40988624000183
41069058000179
41088938000192
66379413000722
41277990000197
41303402000142
41310011000155
41311651000180
41313048000137
41347933000137
41357656000143
41398034000163
41417415000142
41446528000176
41453474000176
40737467000133
41476198000161
41490887000120
41500423000158
41542049000153
41551872000125
30763069000138
41563176000139
41574531000175
27741417000161
41620210000160
41703993000145
41711261000105
41714303000153
41738421000100
41742829000147
41752602000182
41775983000115
41867408000142
41915028000136
41930149000157
41949019000166
35382170000162
35674291000188
36620259000182
36958564000189
37236336000168
39243800000179
26068174000180
27010897000190
38321971000106
40189332000180
30862473000169
31993458000112
41979464000179
42015716000102
10943494000282
42057617000193
42066684000174
42070560000162
22605401000450
42087133000197
42098283000104
42108620000199
42113893000121
31190686000820
42220413000121
42224995000114
42249993000180
42263580000150
42286894000178
42326143000138
42353254000133
42355497000100
42373406000160
42375796000107
15474903000343
42415966000130
42424892000106
42427616000193
42440095000104
33741209000165
42546126000106
42565385000184
42611833000139
42619786000170
42623225000144
42648411000138
42654170000130
27945574000270
32108727000183
42749147000129
42753479000187
36570502000103
42803728000100
92792530008708
42826870000164
42878586000131
42891125000107
42415966000210
42933282000120
42962269000107
11583567001045
43021629000120
43087986000191
43108106000116
43140083000127
38152263000199
43157666000160
13765974000370
37616557000161
42993358000102
38024514000150
43325845000160
33237909000117
43353584000191
35202010000194
43393294000171
43404681000166
43430299000127
43463408000102
42434537000100
43490553000182
43548173000151
43559215000150
43564465000188
43591782000193
43596140000187
43598048000156
08979861000256
43618699000160
92792530009003
38028883000110
43779209000108
42415966000482
35888170000139
36942364000138
32941939000147
31617329000120
39847357000145
40556106000190
40391533000166
38438022000100
32128372000194
29843384000196
41426635000132
43047007000171
35993579000115
43089248000183
27390536000117
35374967000118
39773206000190
33586581000144
28964130000163
42529294000193
34770962000141
34424750000102
02423369000213
42183520000127
37281645000150
36036136000107
30103445000168
40449883000136
34829832000137
32031847000120
39448167000155
41243607000180
35494479000144
35626078000109
43099213000125
38254430000102
40155247000100
41735375000187
35310786000128
43881097000100
43883962000149
43895530000158
06023259006680
43969270000118
43971897000103
43986099000155
44022392000165
44032807000181
44045016000196
44053287000193
44057431000160
44069023000128
44101166000170
44125428000136
44238297000101
44308279000140
44331011000120
44371307000174
44379864000131
44383773000170
44397023000157
44412545000180
44417994000111
44434083000100
44437436000118
44460700000134
44466699000155
44486831000190
44495179000170
44500484000103
44514142000142
44529729000125
44601972000107
44205801000169
44618907000194
44657496000146
44681076000103
44712714000106
37430252000241
44725988000121
44756462000109
44931614000162
44943118000129
45004726000130
45025134000103
45025618000144
45049367000138
45075866000108
32302352000350
45109951000131
45141250000180
45145227000163
45251079000161
45264297000130
45286825000152
45303034000193
45323361000107
45352595000182
45363416000102
45473877000138
37874663000226
45520216000116
45560114000124
45613658000107
45625172000199
45632784000109
45646176000153
45653163000101
45672767000103
45672922000183
45679102000113
45701957000101
45725477000172
45735225000124
45947177000138
45953156000125
08309727000329
45980040000185
45994538000105
46044470000158
46044730000195
46072467000148
46073617000138
46086447000126
46164719000169
46186234000176
46191846000157
04238951001479
46216911000151
46220128000161
46223706000113
46233743000102
46236405000124
46239724000193
41043713001434
46248677000144
46284826000120
46296078000104
46350212000108
46389063000182
46389087000131
46426165000120
46491677000170
46523511000199
22691736000439
46543314000131
37834471000377
17995265000250
46612530000191
46627403000166
29169007000202
46701136000120
46704228000163
46759364000150
46767862000145
46793724000130
46830737000132
46886053000152
46959323000108
46969097000146
46981764000106
47036865000171
47051140000152
47054802000148
47055800000173
47057775000167
04766877001382
47060148000185
47066996000100
47117153000187
47189495000102
47197622000115
47217399000120
47219216000106
54678198000277
47276086000143
47309289000199
47311660000157
47313637000100
47330877000104
47354872000111
47378505000158
47401349000107
47441513000100
47443808000107
47462048000185
47480312000103
47484682000119
10893738000340
47551025000147
47577329000183
47597302000152
47604586000167
47610859000186
47640445000108
47697630000120
47724085000114
47726679000164
47731326000152
47731478000155
47748683000123
47748924000134
47755055000175
47763645000140
47773357000176
47780146000160
47786267000110
47794401000124
47859379000153
47874401000134
47887291000145
66773862000408
47927250000135
48012523000184
48015037000110
48038759000190
48163736000107
48176761000125
48227222000178
48273554000199
48290920000207
48401406000102
48419729000123
48449044000120
48472077000190
48483039000133
48497704000148
48502834000121
31190686001207
48559106000156
48576778000170
48018994000108
48631225000172
48642483000154
48680047000170
40689996000290
46062651000107
48701796000136
10851899001262
48727187000156
48736537000140
48776186000100
48810038000156
48856022000184
48922481000119
48958099000165
48959733000184
48981382000108
48982985000124
48988165000140
49001915000100
49020758000180
49071891000166
49144577000166
49151371000163
49166189000186
49222988000122
49250048000147
49256755000140
49266986000135
49287012000138
49311684000131
49325212000138
49328000000104
49364450000152
49364849000133
49398251000165
49411808000150
49427497000118
49439213000103
49472153000120
49514459000100
49529596000100
49541819000155
45988749000127
49569763000147
49625697000185
49688681000111
49701349000140
49703031000106
10682855003704
47787977000164
49776274000166
48143699000175
46356888000109
49873293000100
49878966000115
49891939000182
49896002000108
49904596000143
49916627000186
49945968000180
49949110000193
49950238000177
49971519000106
49979785000185
49980719000125
49986376000106
50036039000137
50036665000123
49926885000143
01248073000321
50227441000107
50237082000160
50256763000176
50278584000130
50301669000191
50302087000120
50302570000104
50336428000188
50336670000151
50354744000182
10851899002153
50375611000192
50380711000107
50403962000160
50436689000170
50437411000117
50467229000109
50507736000129
50510003000143
50519335000199
50544483000163
50579919000150
50606653000197
50612615000147
50621262000141
50621717000129
50682349000129
50699607000180
50716684000109
50718633000108
50779225000166
50798745000116
50854026000175
50863782000160
50918802000153
50936394000162
50946431000113
50988409000136
50999285000194
51000621000106
51010272000103
51075861000170
51080376000194
51113548000189
51135758000178
51141595000136
51142159000181
51144419000158
20186457000220
51175061000120
51194202000152
51199457000108
51210019000101
51268520000110
51303067000136
51316870000105
51063563000160
51334427000167
51337385000118
51337964000160
51373911000103
51499890000169
51509665000166
51545161000100
51556814000148
51562150000120
51570676000151
51578842000166
51585569000105
49792676000154
51613913000114
51620724000179
51631830000158
51636874000170
51664799000151
51675755000127
51740893000142
51756513000168
51760459000124
18369688000228
51774507000133
51799349000176
51823314000125
51824077000117
51843247000100
51867192000179
51871867000153
51932261000180
46858986000136
51973843000105
64874464000533
52041479000108
52054655000146
52071331000116
52078726000140
48013385000409
52110074000184
52128530000113
02423369000809
52150001000116
52158232000176
52225971000133
52260925000175
52366265000101
52372651000106
52380214000134
52410720000129
52430696000190
52432147000154
52458258000130
52458603000135
52464483000189
52470090000188
52471671000134
52484601000110
23689774001220
52496506000137
52502391000146
52526901000115
38167790000258
52550264000112
52560764000135
52570757000114
52610209000170
51355132000177
52631517000182
52634768000110
52650789000120
52701929000141
52710534000105
48433259000233
52786671000123
52791897000112
52814681000125
52818131000184
52842570000122
52851683000194
52868794000103
52896667000118
52914551000164
52947126000171
52961481000103
52982690000125
53001030000189
53037995000121
53053077000196
53054059000129
53057446000119
53059201000120
14051164000586
53219595000137
53260256000102
53282148000122
53286731000101
53306580000106
53318703000129
53349519000146
53365753000167
53379791000179
53406852000140
53420228000105
53432204000168
53440050000156
53443418000130
53451714000182
53469126000176
53493639000112
53577707000121
53580662000144
53612018000100
52951656000193
53652956000134
53660465000135
53663582000152
53684600000182
53691740000188
53700710000190
53708576000174
53750490000100
53779891000192
53786872000193
18033179000220
53841400000196
53959989000121
53972058000163
53974328000175
53999690000109
33812235000218
54021968000123
54050070000183
54062647000177
54071517000109
54104809000192
54108829000131
05398715000249
54212034000179
54245627000131
54247824000190
54256312000190
54273308000130
54286396000104
54291377000176
54306129000151
54351722000110
54381796000107
54488496000113
54499954000110
54516377000127
54518658000119
54521330000151
54524656000132
54540396000199
54563487000140
54567009000108
19852529000595
54648349000163
54672909000115
54708263000189
30626919000237
54729383000162
54760080000102
54765880000116
54769487000109
54780194000114
54819605000138
54847244000133
54861423000125
54895411000111
54919427000117
54954889000175
54965767000184
30906964000245
55018090000130
55026303000175
55037663000172
55043666000119
55046264000178
55052488000192
55061151000141
55069613000177
55125935000196
55212139000190
55272042000173
55276413000195
55290701000102
55311702000188
55351672000133
55394667000108
55395170000104
55482132000199
55533262000103
55541323000184
55578294000125
10851899002749
55588777000100
55593861000112
55627685000192
55658883000113
55676590000169
55685466000160
55704462000181
55748376000170
55756133000184
55800798000148
55810420000125
55833444000108
55834574000157
55866329000121
55943842000179
56001053000181
56043914000194
56056225000114
56092007000135
56092674000118
56114875000179
56169845000160
56176396000187
56260374000109
06023259009603
56309418000130
56322922000170
56384359000164
56428038000114
56481929000134
56503538000173
56746892000129
48775267000187
56780467000156
48371111000211
56933919000192
47997750000143
56942850000163
56970008000135
56980747000108
57075406000150
57095881000199
57125182000144
57146122000108
57175845000135
52786671000395
57193426000126
57206910000142
57231089000114
57252947000107
57278469000104
57326807000136
57345312000154
57345790000164
57358559000105
30726498000569
57402393000187
92792530013388
92792530013540
92792530014198
57476688000106
57478183000172
57478785000120
57508289000171
57537076000178
57537404000136
57557109000141
57596002000102
57610280000177
57612637000156
57612796000150
57166149000162
57638688000157
57758561000171
57770922000103
57829052000192
57833312000101
57856075000196
57866457000109
57874681000134
57887344000181
57907524000188
57950903000150
57965377000100
10851899002900
57997263000134
44390653000280
58025411000111
58025774000157
58040549000190
58050455000100
58090591000115
58151793000120
58159367000132
58170641000174
58180193000190
58215453000115
58249464000116
52817378000186
58256316000129
57939967000746
04766877001463
58289035000172
52082300000241
58314567000112
58334649000129
58349137000136
58369234000190
58409396000105
58413661000129
58419492000134
58423140000152
58430614000193
58461166000195
58467209000140
58490110000169
58506301000171
58524516000115
58530624000109
57939967000150
58564291000120
58570818000120
58580451000125
58625117000140
58641471000169
37442271000298
58648930000136
58655976000182
58669103000129
58674575000170
58694731000164
58716890000112
58750033000139
58789297000104
58814730000106
47391956000125
58852538000104
55376190000138
58886659000177
58889996000118
58893274000137
58897814000150
58907090000189
58940533000133
58965562000150
58983355000128
58990345000110
59013812000114
59023013000129
35281033000212
59030954000190
59044331000176
59115078000102
59148485000108
59150372000147
59155528000182
59160699000108
42415966000806
47280141000179
59209206000179
59213936000143
59227739000183
47796089000108
59263119000108
59266070000139
59271856000144
59285240000122
59289713000160
59316317000184
59340796000174
59364434000113
59390593000192
59418521000106
59487099000140
59505020000167
59506687000184
59524198000155
59539589000143
59554798000166
59561074000140
59569446000184
59597650000109
52451535000344
59645338000143
59671221000134
59672129000199
59710627000189
59738541000164
59749881000190
59779394000170
59801049000196
59267243000303
59807097000191
58503080000188
59837449000151
59852485000194
59890229000191
59940703000142
54111317000124
59999769000108
60037879000178
60066168000121
60106989000144
60176081000107
60197473000152
60202099000136
60205142000117
51851100000243
60221875000145
60228655000143
60247655000190
60075931000180
60271026000104
60300685000113
60310820000101
60317012000176
60326500000140
11310320001055
57280385000105
60355637000122
60370354000150
60399422000103
60446268000183
60448423000109
53941242000146
60453986000187
60496757000140
60503423000156
60493606000138
60519482000112
58338282000111
60566173000101
60581382000116
60652197000175
60682532000188
05686692000278
60718258000150
60721211000145
60724157000191
60725412000110
60772559000161
58738682000114
60853612000159
60861736000186
60868427000138
60877627000157
60955139000110
60409616000142
61088022000140
61089270000105
61090578000170
61094024000141
61109999000104
61111362000144
61116516000190
61123887000108
61137487000143
61158254000127
61183424000123
61210412000140
61230972000167
61312875000113
61320779000117
57906065000118
61352839000183
61352954000158
61364228000155
61335281000128
61412266000136
54225300000106
61435253000182
61448484000120
61517349000190
61522286000160
61549349000171
61559955000178
61592717000164
54760844000160
61604071000198
61629045000114
61653326000102
61666150000123
61693148000143
06025158000283
61807957000139
61823187000118
61827491000133
61837925000186
61864713000198
61885688000129
61886910000108
61904907000170
54886815000149
53407171000104
52401831000179
54582479000140
61466894000102
47566322000166
49203386000128
51166603000107
57561510000155
50265348000189
55331246000138
57939967001203
58299855000145
46799207000179
49573477000155
49654740000130
50962339000147
55634651000125
57557366000183
21236000000327
54996504000132
52016969000154
56122368000187
60930786000178
58502784000136
60228687000149
47466923000105
55569646000186
53301900000135
61998140000195
62012311000128
62014233000109
62015160000161
62057204000116
62070940000104
62072423000174
62082352000190
62171295000116
62191024000122
62219196000167
62221996000112
62224152000125
62279509000172
62282477000164
62284848000147
62316853000194
62350841000186
62356922000193
62361398000149
62377454000133
62402448000199
47057775000329
62440170000144
62475251000180
62532244000172
62540608000166
62542200000123
62546991000160
62557725000132
62597008000134
62611588000177
62613745000183
62618675000156
62654774000193
62706342000189
62713119000169
62735247000103
62751549000175
32481041000567
62812810000108
62827432000128
62872556000125
11310320001489
62892751000117
62898456000178
62900842000157
62906249000118
62931592000112
62943262000147
62952763000190
62981040000119
62982382000153
62990904000169
63034911000150
63040905000105
63067133000103
63088372000131
14877364000240
63115746000160
63127932000110
63142271000100
63144755000180
63161059000181
63161114000133
33162573000251
63209668000163
63218301000106
63218471000190
63239888000130
63266601000160
63275936000145
20822247000362
63362416000170
63397324000125
63491946000118
63492758000104
63498490000118
63515805000198
63566860000107
63575298000188
63582868000167
63597381000158
63609590000174
63635311000147
63637919000100
63658299000196
63007969000104
63698399000146
32051846000813
63741214000139
63744117000108
63751703000171
63785576000121
63848962000115
63858082000120
63864612000142
63868065000173
62162189000176
62379352000157
63871410000128
63892588000155
63929414000110
63958725000107
63991641000175
64073215000115
64086815000118
64109260000182
64111748000144
64127600000106
13194435000247
64184259000112
64211282000159
64250245000150
64263758000103
64271689000171
64286144000139
64302804000128
64314813000139
64402198000112
64422149000141
64445881000137
64451452000172
64464188000101
64466601000177
64476426000107
64488362000156
64504375000171
64526851000155
64547966000126
64557162000108
64561544000105
64563691000114
64567905000120
64585558000169
64602274000133
64615285000158
32051846000902
63949178000101
64270878000120
64670173000108
64691729000134
64712397000127
64718591000110
64742874000105
64744633000197
64758186000125
64764486000117
64792482000142
64795381000125
64820409000137
64830518000135
64866439000184
61962271000112
64923128000100
64927739000126
64928066000129
64941342000199
64950837000184
64950870000104
64958835000131
64990499000104
65011491000111
65076210000109
65095865000124
65110808000177
65133581000185
65149446000128
65155760000113
65165739000107
65192548000126
13267504000629
65225693000166
65237651000145
65307394000170
65311026000104
65313409000103
65315268000168
65317888000136
65318484000167
65319110000166
65330317000131
65337736000103
65365265000139
65392641000184
65402931000161
65461199000109
64686443000322
63161818000297
65516165000166
65520096000164
08188573000283
65557524000123
28664288000207
65566825000113
65662842000154
65675045000101
65677982000104
65680937000109
65693309000150
65708843000192
65715745000182
65715843000110
65743732000117
65749154000126
65762777000139
65782186000123
65834911000160
65839972000110
65882382000170
65891371000156
65919570000125
65929470000180
65946242000118
65974279000150
66014544000110
66017714000110
66029092000140
66068824000101
66080548000105
66117314000187
66132527000188
66172054000142
66179715000161
66189021000105
66197940000120
66199820000162
66214175000100
66214612000195
66257758000118
34006534000732
66283454000125
66301838000123
66315629000139
66350377000189
66375244000167
66416218000130
66418057000113
66459451000108
66460518000116
66473275000150
66477362000186
66490555000177
66504880000141
66513551000167
66526643000181
66528690000164
66552313000160
66558017000177
66567440000133
61953771000198
66580608000140
66595506000107
66609974000185
66625839000123
66627830000151
66639357000122
66656496000164
66657492000109
66674539000134
66682748000120
33426479000181
00019739000145
03338552000100
03358335000174
03366899000159
05020574000145
93799658000196
03482630000138
00200725000123
03514311000167
05214616000189
00271187000168
05253242000100
05263466000101
05284288000197
03650712000144
05334617000167
05335366000135
97101638000150
05380793000135
02080179000160
00512030000187
02143965000169
02165865000133
03862352000144
02180736000114
00567211000100
05535628000105
03908637000179
05578049000140
03923998000194
03929753000174
03961908000150
24801201000237
02288953000122
03992299000104
00674561000176
02295837000130
00710520000198
04073883000110
02387527000146
04097529000126
05341148000294
05781713000153
05808826000103
02444304000173
00821904000188
08130288000201
05853600000116
04202810000181
05887517000168
02528829000197
04278083000136
05988983000130
02635721000101
04382335000172
02651125000107
04391102000136
06103122000190
06103997000191
04430871000104
02732813000100
04471676000114
04495606000104
37542651000202
55730964000187
01165580000130
73764383000148
06213050000133
01179056000118
36109080000165
06224405000190
06705328000190
02809977000180
56226566000190
46144622000275
36386977000136
01201678000103
52083326002258
06311082000171
06317638000137
06330421000167
04652560000181
02911344000188
02921996000101
04691011000116
04694744000104
01191654000293
04717952000181
01337747000100
02957321000104
02961503000159
04737752000190
04751337000191
04756739000189
04770712000140
01378750000164
06951656000176
01388716000170
01395353000109
06969815000160
39323902000102
06975987000146
04835798000142
04850035000170
03077149000167
03102003000124
07061571000185
77967230000159
04888417000193
01483477000138
40888356000128
07090573000100
41005786000117
22584213000140
41053497000193
04928185000150
07123229000162
07140241000185
23379977000167
03215469000136
07217741000178
42588400000100
07233174000143
03294002000129
07273260000180
07322864000179
62278544000177
07329703000107
81022832000100
07387878000170
64345614000198
27198480000101
64469588000100
27558576000125
10852945000195
66700188000199
66786518000100
86834769000120
67723890000130
30860381000140
89948020000100
53144077000100
72003841000163
72241110000156
91819771000160
07513116000173
07571682000131
05617827000162
07749263000147
03328191000103
07113184000145
07947748000145
07950135000167
07969125000173
08043009000191
02126879000148
05560605000150
07760204000170
03770992000124
08139822000160
06052127000130
03319095000107
07113481000190
02482104000105
02048427000195
02319738000141
02049998000144
04830083000105
07437428000145
05290618000157
04121895000173
05022362000105
94146289000103
05568294000176
04119036000140
05960054000112
04337565000110
73557191000160
02919476000156
06916778000121
03088911000100
01463826000150
41318593000116
07343655000101
65240947000115
12133997000137
12303798000120
07990743000103
01811198000156
66704701000209
91958256000323
24801201000318
01198600000179
00580577000110
03436724000170
01806684000186
03515902000159
00882058000106
72030794000147
01134702000120
00174348000103
05461451000140
00574648000171
01005002000136
01116498000115
35480227000166
57842718000142
04926054000133
59912261000120
80272248000140
44569952000104
06907719000197
32561144000103
05657559000102
07368253000161
05830010000178
70103098000198
05727121000153
07131520000182
01068753000100
03376906000101
07483128000100
07941730000136
01733983000138
06143288000130
02039748000123
05091325000140
04745098000167
69154649000163
86472172000183
03071109000108
01432670000220
09579673000112
08143527000187
08223490000105
08287259000177
08379287000114
08482758000115
08528517000160
08632524000107
08656441000158
08710897000159
08866714000199
08359189000115
08987511000150
38056131000244
09167730000237
09184699000161
09217517000101
66704701000381
09272417000188
08924875000191
09327036000159
09345964000146
09366734000163
09431046000130
08911693000186
03326348000595
09567047000106
09568961000171
09574270000180
09575782000161
10284349000156
10328629000119
10358197000199
10145918000182
10235545000130
10277906000101
10491541000113
10506404000105
10616840000137
10643547000169
04273074000233
10753339000112
10867993000157
10944738000160
00487571000607
10615236000277
08736102000262
11139689000156
11266158000124
11345574000118
11365620000140
11419527000171
11525802000131
11575477000111
11605568000152
11609519000198
11827203000172
11896322000187
12019353000112
12290473000150
12305398000153
12341404000128
12412416000104
12462000000192
12578120000150
12634514000188
12724330000109
12856013000146
12865546000194
12923624000160
12928276000113
12940620000190
13009122000190
13034482000142
13085938000101
13105099000138
13118333000161
13131035000101
13215444000196
13064701000136
13227572000150
13244425000198
13293943000100
13459264000150
13502675000180
13553502000191
08624944000222
13692077000111
13751486000141
92792530004044
14036395000197
14061085000122
92792530004397
14215948000179
14310914000163
14416914000142
14538107000100
14544095000119
14574951000189
14704071000180
11163692000105
14881217000162
14894686000116
14920958000105
14963872000160
14761008000185
00331788005854
26462804000368
15200160000151
15233487000120
15258800000184
15286062000189
15296146000101
15384751000126
08593417000117
08704339000180
09493509000198
20441516000189
10285106000132
10664133000116
11286380000199
11392456000160
11736039000198
11929501000173
14152093000184
14219650000137
14744917000105
15236005000195
15441233000105
15474334000174
15640491000102
15683407000138
15690002000127
16560293000100
16571514000137
16691190000170
16723015000118
16806264000177
16835758000180
16858012000191
04238951000405
17040683000103
11310387000107
17225927000122
13185781000188
09624688000155
12453857000146
17813291000130
17930162000121
18204483000101
02541327000287
11653236000143
95285037000209
12398795000117
10591076000516
13373515000189
13558306000100
13855170000108
15158161000185
15801092000186
18307800000115
18329608000120
18344449000132
01365181000201
18466569000102
18503577000181
05652247001501
17344907000170
18741862000130
06023259001378
18822406000115
18829545000170
18978859000135
19014014000192
18841796000170
19052809000195
19057026000102
19119942000111
19150349000138
19160942000165
19167355000106
19279385000104
19370081000140
19444612000100
19447624000180
19464225000127
19482072000140
18804378000294
19515708000103
19540823000138
19873831000104
19953573000168
20489872000172
19977389000158
20092296000125
20118185000140
20173135000166
20555187000105
20778162000162
20790728000171
20792700000173
20822247000109
20851413000197
20867770000143
10682855001680
20972891000155
20999671000115
21064576000192
64623291000238
21144538000140
21218168000148
21403138000101
05793888000261
21435234000131
21454993000141
14416914000223
21544931000120
21611195000186
21672574000186
17540713000221
21717893000160
21775171000162
21780619000136
21877786000108
20211099000188
21932796000190
22012328000160
22108182000151
22138343000150
66704701000896
22378994000117
22419844000104
22475508000189
22533634000142
20555187000288
22557868000120
22609562000170
11310320000245
20104619000153
22691449000186
22932588000154
12464591000137
23080170000129
23156737000101
11583567000405
23192327000108
23226363000145
23230587000120
23240861000142
23282039000144
23288378000138
23363968000188
23424651000104
17967374000264
23448629000102
20704280000126
23542645000151
23573068000165
23662121000102
22725695000101
23769332000130
23772533000197
23825266000179
23833586000170
20888366000156
13107077000107
21164368000165
23980713000164
92792530005440
24000379000106
24053341000193
24120379000131
24123823000172
24233490000134
24269877000140
22312705000187
24311511000192
24319656000130
19439162000159
18092716000121
11693507000194
24476226000121
24689376000113
24766199000121
07930229000255
24806495000109
23850401000136
24829303000180
24958577000179
06023259001882
11044620000149
25161576000161
25168302000102
25184553000172
25214471000123
25222283000147
21041138000109
92792530005792
18806615000175
15226104000196
20180710000158
13452744000199
19704256000108
18391448000149
22768258000175
23247825000100
24844785000147
09360714000185
08405156000164
08922892000190
22862753000149
23009866000169
18571176000169
14120593000134
12687787000190
17861577000190
23377403000150
14152093000265
23118047000150
18205134000104
15431344000122
24701813000177
24858776000105
12476316000133
08097238000350
13007849000139
22686569000195
19478794000121
15751924000105
12408616000185
19862642000128
23770379000114
13377888000128
24355680000124
09528194000258
19136609000110
10701394000169
16433836000110
21247805000104
21121948000175
92792530005520
17785680000107
24933119000185
22692694000108
10861447000109
09211364000276
82858903000334
12815490000163
10682855001175
24080133000183
20315190000143
10383190000127
09211364000195
15067686000105
09334838000277
23565560000199
16872910000102
17930516000138
08792337000190
15030309000100
09475368000180
01191654000889
12076526000134
26031597000125
26073594000154
26125939000176
26133961000168
26134846000108
26159284000157
26286132000115
26291043000167
26350302000183
26363676000133
26377139000142
26450564000110
04331316000206
18540206000412
26757770000177
26826095000190
26864126000106
26941350000146
26965612000102
27027129000140
27186623000157
27225137000109
27270472000110
27331766000105
27345725000178
27364042000168
27401688000178
27432546000178
27480684000122
27525681000168
27543572000173
27553220000107
27626387000142
27761878000104
27862886000139
27870709000102
27871876000160
27893469000153
27902909000191
27904458000121
27944250000136
28024478000170
28036138000160
28059595000170
28072355000105
28097355000160
28148319000188
28154799000190
28185820000114
28195271000169
05591842000260
28295829000188
28347297000185
28360080000105
28387682000156
28395843000153
28487058000120
28567573000110
28582506000175
28606343000113
28618119000141
28652180000105
28654727000101
28717689000199
28742272000186
28747803000123
28757799000184
28774278000135
28813674000124
06023259002692
28916111000161
28928204000106
29025155000164
29045736000168
29164439000131
29175309000102
29176532000166
29192029000102
29217297000123
29258223000135
05766144000339
29279146000108
26399210000198
29331821000192
29349585000131
29493373000123
29542337000102
29606061000189
29000151000121
29681348000173
29688020000189
29704594000101
29750745000150
27683430000101
29170110000183
29782329000133
29785787000126
29785935000102
92981752001170
29827278000119
29847226000104
29863209000160
29876443000122
06023259003079
29968177000168
29980881000136
30003988000103
30009496000125
30053077000190
30056313000122
30069452000190
30171092000133
30281123000109
30296576000109
30396621000105
30430751000109
30446412000110
30467448000180
30471311000108
30493897000101
30511980000158
29447219000115
30622267000181
30615681000163
30642050000133
30647403000198
30674993000148
30723617000104
30733980000100
30739997000167
30777342000183
20790728000252
30983368000188
31050870000107
33060302011734
31086629000120
31095845000131
31127998000113
31142939000114
06990996000297
31290279000119
31305975000151
31339371000126
31167577000116
31392565000195
31451911000169
31486352000122
31507500000148
31519219000125
31521737000183
31658128000170
31671108000130
31671256000154
31709294000159
31724754000118
28687033000251
31744721000130
31796902000100
31841904000173
31846217000140
31871599000162
31891202000102
31931776000159
31932009000164
31959501000123
32068930000173
32161509000102
32165228000128
32185471000108
32231180000109
32295201000150
32303986000165
32562422000147
32608187000105
32623558000110
32627132000134
32645514000190
32648501000175
06023259004806
32670251000170
32092407000182
32680783000198
32771506000190
32786243000193
32829528000164
32852348000101
32906410000192
33009956000103
33079061000145
33079647000100
33120902000110
33127729000182
33189690000128
33265209000136
33432480000119
33464431000168
33482631000143
33512449000198
33557716000143
33597912000141
33626576000118
30281123000290
33657616000199
33722467000102
33735522000190
23379893000204
33782570000130
33823301000174
33895800000177
33920186000156
34001006000103
04684027000363
34050764000103
34102100000140
34115117000132
34011846000149
28503370000160
34225217000111
34229200000132
34244107000105
29183138000236
34286495000189
34295449000146
34295707000194
34332115000103
34373905000129
34485424000105
34487229000114
32494349000113
34522724000117
34555370000107
34561208000100
34620175000113
34634309000155
34661461000127
34686638000140
34687627000184
34693461000109
34694987000103
34709129000195
24554067000489
34604347000165
06023259005012
34804142000123
34842052000127
34863127000156
34934920000107
28337598000209
34979454000178
32930255000220
35082186000150
35089191000194
35118952000199
35128764000141
35188265000140
35207859000150
35210378000102
35213549000149
35243408000179
35257760000163
35294000000126
35359563000155
35362572000103
35374441000138
35380661000174
35403621000109
30342087000146
35521341000197
35531919000196
30722579000248
35547615000117
51710358003407
34640186000165
11366801000272
35576418000126
35649093000164
35713542000196
35732408000132
35893449000100
29829745000140
35966158000103
35983518000177
36056815000130
36102585000106
36133982000137
35501441000151
36236232000190
36237438000135
36292754000100
36320388000155
36453990000160
36502062000149
36502548000187
36520135000125
36542115000155
33844005000150
34078366000103
36634606000126
36693672000177
36695023000105
36703086000166
34699024000283
36757736000156
36799695000160
36835812000102
36934105000165
36941555000185
36956327000189
32891198000137
30877589000171
37064895000138
37087684000110
37102132000134
37127038000130
37134613000121
37200079000104
37251180000194
37312606000172
37326849000160
37396642000161
37483289000157
36279293000135
37576911000171
37594599000149
37239573000182
11498673000563
37666995000134
37667900000105
37685293000106
32610105000159
37706118000140
37735976000112
37740318000119
37846304000184
37857724000166
37874663000145
37887220000199
37888593000184
37906776000185
37914290000199
37961324000104
37999792000160
38018725000180
38046311000164
38050188000155
38072714000188
38085243000142
38107030000174
04333806000314
38134660000138
38149378000124
38207496000141
27722655000120
38294485000146
38323152000106
38341650000173
38378506000101
28278754000399
38409206000142
38412836000176
38425015000174
38432590000102
38459281000118
08411636000995
38461119000134
38468454000164
33470424000250
38544975000153
38545223000107
38560248000180
38660697000108
38822100000176
39230541000141
39279720000173
39288214000140
39306142000117
39420170000160
39463529000187
39469884000163
33441755000180
39543782000140
39607770000132
39633810000110
39642752000191
05073321000210
39725267000181
39818282000174
39826983000155
39832364000173
39847327000139
10233519000254
39926542000125
39928359000169
38167368000111
39955207000155
39984610000102
40051381000152
40057717000194
40068191000148
40078920000147
40083056000171
40089093000197
40099237000196
40154313000119
40184675000152
40207275000115
40310217000112
40327945000137
40353303000102
40356915000159
40406394000105
37859554000159
40449157000113
40474212000125
40531181000105
17151435000806
40594730000182
40594782000159
40603518000134
40612125000197
40619865000155
40629733000104
40668628000184
06330400000494
40709210000178
40729687000115
40782528000184
31190686000405
40878933000109
28502942000278
40890398000101
40893582000105
40902575000114
20104619000315
40945063000135
40996577000110
41001339000190
41016661000192
41055478000104
41066881000120
41088973000101
41110272000121
41113112000136
41121066000117
41157465000138
41174381000102
41194907000116
41216378000104
13265321000240
40045242000205
41371563000173
41432359000115
41432641000100
41473464000100
41491504000139
41582400000130
41595774000190
41626042000110
41705171000101
41705274000163
41724701000150
41747383000143
41759086000118
41767604000145
41795183000166
41800621000137
41820637000101
41839745000126
41850630000132
33152983000130
34574796000108
35665718000181
39506106000105
29107658000189
29183138000155
29362468000108
29610724000139
30131497000148
41022233000172
41638336000161
32580328000110
41958555000128
33251868000113
42025823000111
42039095000105
42140795000183
42152988000154
31190686000740
42173988000130
42229899000169
26775055000167
42252531000111
42272200000143
42307649000108
42372688000180
42384761000134
42385652000131
01432670002860
42422662000108
42423661000170
12395142000346
28036643000295
42525820000147
42591821000190
41423486000158
11519472000333
42631331000170
42637957000193
28028676000102
40407681000121
42695242000197
42728382000114
42783477000130
42815546000140
42817397000159
42834108000120
42841861000142
42859490000126
42912646000195
42925832000169
42927346000180
42933734000173
66379413000803
43001055000129
43005468000181
43011630000174
31609303000130
43023023000124
42596996000190
39347074000134
43112164000113
43211311000102
43237022000182
43252112000142
03959575000477
43269746000108
43305268000144
43313226000155
43319368000120
43321475000192
43339119000104
43379972000141
43402249000136
30958161000153
43437088000116
43439668000142
43507002000184
43508798000190
43511941000100
43534319000100
43557605000190
43601125000180
43638699000122
43679278000140
26438892000109
29515783000128
43736532000102
43749345000155
43752477000136
43770523000120
43798613000129
09247597000300
38581656000118
32249376000120
30669316000131
41178240000168
41753991000160
40294876000102
41706568000100
42129055000146
43391710000100
35125919000196
37373152000140
32051846000309
41465459000148
41719768000105
26935819000134
33451256000174
33311825000186
37442271000107
38227031000152
30364729000108
30430311000151
39726402000103
42373900000124
33418523000101
43287575000140
34493054000158
29296618000122
37089571000154
43732317000125
27863446000104
33308690000108
28779990000127
37512954000193
42496148000109
36372107000108
32286673000146
40230276000180
33830088000128
31673757000170
27306243000109
37175953000109
39987990000139
36207574000182
40090171000173
41345769000129
42888989000161
32945114000109
30947525000108
29582702000102
43858441000131
43871998000102
43876182000171
06023259006256
06023259007651
43924801000156
43943980000179
43985551000164
43994812000102
44047373000193
44115102000128
44142962000150
44145873000168
44150927000183
44165872000185
44175469000137
44268493000110
44328068000170
44332362000155
44345902000135
44364728000178
44388905000156
44423841000187
44431630000196
44515165000171
44521906000127
44530375000139
44550198000152
44551779000109
44556141000160
44621446000109
41043713000624
44649111000107
06023259007732
44770991000167
44833550000167
44860060000150
44871209000104
44883100000189
44920526000165
44928566000153
44945035000179
45006191000137
45006839000175
45024488000125
45030524000163
45061509000182
29880940000285
45106868000109
45117615000130
45136924000158
45156412000153
45174147000136
45178121000166
92792530009780
45305368000104
45313730000180
45328253000127
45330566000110
45334099000104
45355905000112
45370437000155
45379454000153
45392668000160
45407043000124
45424530000103
44768391000164
45521345000129
04949905000830
45600164000198
45618598000115
45626213000161
45657868000105
45739357000124
45808501000137
45810895000168
45859920000106
45871160000144
45878852000114
45896167000110
45927441000171
45940911000137
45968178000169
46000720000158
01365181000708
20891220000240
46030757000129
46035012000152
46040353000116
46079409000146
46117850000175
46159876000186
34544814000290
46202394000161
46205676000112
45034705000168
46287547000110
46320316000161
46329774000161
46388622000130
46504477000105
46505571000189
46557320000148
46561646000149
46565995000139
46580715000161
46608115000164
46610491000193
92792530010281
46641458000120
46661824000103
46719093000100
46745822000100
46764142000126
46765352000139
46769195000130
46816707000171
01191654002075
46846221000186
46852540000102
46876364000130
46885267000104
46886195000110
46887463000118
46893040000100
46893419000110
46919523000137
46956729000137
46972046000173
14327411000877
47087433000190
47090373000164
47105587000167
47193046000138
47226835000128
47305449000121
47307398000177
47372098000171
47403256000103
47506168000137
47548559000114
47558720000130
47570440000148
47584456000100
45806440000179
47606218000158
47710428000191
47717498000171
47720509000172
47732924000146
47746066000199
47792433000190
47802394000165
47842084000174
47871380000101
47894054000101
47905777000169
66773862000750
47926326000108
08632524000379
48046990000125
48067744000150
48074343000127
48074370000108
48086448000104
48112410000150
48161148000134
48188180000103
32511899000284
14950553000381
48255471000177
48306453000177
48335170000153
36369701000220
14950553000462
48440567000105
48475295000189
48479335000160
48676853000174
48800318000183
48827017000143
48835205000113
06330400000575
48860542000160
48892555000111
48915958000139
48918979000108
48925881000188
07242736000700
48952564000150
48991535000106
49002084000191
49022423000100
49025456000103
49053638000180
49058923000193
49143454000100
49176895000109
49180859000119
49181010000160
49187960000100
49191146000150
49208849000144
49222831000105
49242731000132
49253786000148
49258066000175
49259985000163
49263982000101
49273163000137
49278663000161
49284463000111
49294292000101
49446932000151
49456939000154
49474022000182
49492091000119
49528971000106
49546797000116
49568367000103
48933944000148
49603422000140
49603513000186
49715486000133
49715986000175
49742008000112
49743094000188
49746451000161
49777490000126
49797829000156
49805883000104
49812714000193
49814970000110
49821925000192
49847329000181
49872265000179
49880850000110
49888802000179
49901842000103
49915270000111
49917692000126
49936524000188
49947386000132
07914775000383
50025863000191
08411636001614
50133937000103
50136262000156
50163081000119
50186405000134
50200613000140
10682855003895
50208664000119
50211758000147
08621999000289
50282199000166
50284220000162
50293492000129
50336164000162
50354050000145
50360527000103
50487758000174
50496327000174
50502607000148
50508157000109
50527596000150
50529686000180
50544049000183
50553950000111
50554545000118
50574256000180
50588237000103
46161885000101
50740358000129
50763296000170
50765009000161
50779147000108
50799203000168
50814942000181
06023259008704
50821657000198
50828612000145
50863528000162
50865839000160
15789367000375
50923641000196
50978172000102
51016611000169
49452515000111
51116179000188
51135250000170
11310320000407
51149369000100
50203471000175
51250582000103
51250697000190
51256119000160
51260556000158
51297475000122
33837342000209
51363499000132
51366118000179
44336053000153
51433446000140
51439042000164
51451390000157
51455484000102
51456126000106
51483119000101
51490203000144
51503808000122
07986164000855
51512769000120
51523340000138
51537598000193
51561356000135
51592007000180
51598646000153
51615321000131
51615555000189
28514262000436
51663170000197
51697716000120
51760089000125
51839113000116
51881429000176
51884881000191
51987960000128
52077835000143
52080338000102
52087581000144
51996875000126
45776027000109
52114248000187
52129888000160
52154029000121
52220926000196
52253987000150
52317065000169
52333512000173
52337118000103
52350096000111
52356389000106
52376577000104
52390915000154
52392572000167
52429650000150
52452483000169
23689774001300
52513190000144
52514652000148
52523854000156
52540195000166
52551688000100
52561038000137
52577784000119
52580525000147
52638736000193
52651028000192
52682542000195
52705646000178
52737711000147
52803398000106
23689774001491
52822951000140
52845968000112
52905363000170
52923898000173
52946926000178
52949931000134
53001396000158
52822218000125
53015492000155
53045124000150
53069725000100
53097599000190
53106904000162
53121277000139
53141480000177
53190535000139
53219512000100
53257716000135
53296223000104
92792530011504
53349545000174
53353217000141
53353990000108
53357342000120
53362784000164
53366528000145
53372951000158
53381657000102
53386396000113
53424237000166
53436532000132
47263971000430
53453351000114
53454545000134
36732077000284
53494473000159
53511246000194
53519400000174
11498673000997
53579604000109
53595655000116
53625351000154
53670244000148
53681150000174
53681837000100
53705419000105
53728761000120
53753410000170
18559688000703
53777136000179
53799977000187
53808764000174
53875750000173
53938418000100
53963738000110
53999234000150
54003584000188
54012792000143
54016016000111
54016312000112
54057954000160
54115310000180
54128560000155
54136930000104
04949905000910
54195687000197
54198123000108
54199561000190
54215696000100
54177234000138
54244393000108
54274716000106
54288026000106
54337541000139
54363005000108
54365369000127
54404836000180
10377194000526
54483199000185
54500684000110
54520633000150
41125573000200
54538925000110
54549620000103
36441185000206
42637957000355
54596134000146
54596872000193
54611963000150
54612756000110
54626959000166
54645541000104
54650380000139
54653602000177
54655397000189
54664555000167
54678318000155
54679991000100
54697873000124
30626919000318
54716431000188
54753554000199
54753890000131
54767911000178
54773294000113
54799855000153
54829065000173
54836525000190
54841777000108
52307726000256
54904258000141
54987538000160
54992616000115
55021584000173
55022672000190
55031244000123
55039702000170
55058387000129
24028556000316
55079888000191
55086882000141
55118416000109
55187095000196
55191867000163
55195815000165
55247255000145
29861256000418
55305342000101
55330497000106
55341953000105
55347715000107
55382686000114
55410598000189
55424902000147
55445040000139
55446341000187
55463167000180
55470768000110
55477419000120
55487633000168
55494557000118
55506487000170
55535327000150
50469282000220
55538965000124
55544169000102
55557379000127
55611098000105
42415966000644
55655840000184
55666524000108
55677988000110
55697143000196
55709741000138
55715648000136
55753287000112
55762636000162
55783829000108
55815562000185
55834153000126
55857845000190
55861160000117
55881253000103
55913942000152
55941765000118
55982294000196
56001495000128
56007331000108
56018557000104
56049040000182
56057558000168
56086467000150
55390846000177
56212433000165
56219370000179
56236512000106
56264459000157
56269027000139
06023259009786
56347416000135
56415616000188
56422720000108
56428138000140
56479741000151
56544092000125
56616210000163
56941279000162
56978127000134
55144029000139
56992371000151
53206581000189
57028836000111
57042149000150
57056250000160
57087407000115
57101196000128
51644269000222
57164883000192
57167241000147
57197654000174
57228110000122
57242134000136
57265294000109
57267137000124
57276705000153
57340224000160
57349084000190
57350672000144
57369665000194
57390039000180
57418617000149
57421392000180
57442304000126
57475011000145
57514322000176
57517440000138
56441288000194
57584549000198
57605389000116
57630839000120
57636163000182
57652738000150
57708890000108
57713150000160
57717913000140
57718032000144
57718912000110
57782790000121
57814375000102
47227428000135
57838514000138
57860610000182
57861119000176
57876058000110
51672432000180
57976069000172
57608118000114
58025311000195
36309591000201
58052112000176
58087962000100
57367493000110
58157379000128
58195163000157
58198960000198
58222156000105
58224400000160
58244718000103
58252422000134
58268420000133
58287183000158
58304143000177
58319578000195
58325769000160
58328259000146
53414782000171
58367684000144
58400063000115
49778812000151
57696956000197
58481068000110
34163476000246
58536237000171
58581072000150
58583698000103
58596021000100
57987094000151
58625381000184
58627643000140
58633047000172
58281928000171
58671821000130
58672621000100
58708004000109
58712942000182
58739480000197
58744064000187
58746631000134
58746698000179
55608728000192
58827730000140
58833532000190
58850482000159
58852298000148
58855785000164
58858266000150
58892115000118
58934929000178
59047337000105
04949905001054
59077415000106
59087026000161
59088741000119
59096955000137
59114376000170
59120979000184
59149028000138
59183295000121
42415966001020
59196433000107
59199385000100
59204283000136
59250295000105
59288981000167
59306146000102
59340146000129
59364677000151
59391014000126
59405463000186
59419313000121
59454467000154
59498771000101
55881939000102
59517923000168
59553075000142
59562493000104
59571637000180
59579958000121
59587491000161
50253494000194
59603224000130
15779566000211
59675072000181
59689580000119
59383504000180
59716719000176
59722811000149
59726606000151
59726807000159
59734514000113
59756427000167
59768540000162
29655726000225
59795786000123
48627291000330
59819446000195
59842305000193
59858149000159
59877760000124
59921683000162
59976453000109
59992839000104
60008613000105
60015213000119
60036033000113
60081011000175
55037264000101
60108534000168
60113195000108
60113899000180
60158266000199
60169589000188
60176980000100
60195700000100
60217770000112
60266166000186
60320035000130
60362419000115
60365009000128
60379927000106
60392389000190
60406362000109
60421564000120
60426781000102
60431279000190
60441517000148
60445329000198
60461279000132
60465391000141
60501462000114
60509481000197
60578183000159
60583320000143
60608558000186
60652403000147
57939967001394
60682253000114
05686692000359
54369540000176
60791427000187
60793206000148
60818386000175
60825945000174
60837518000106
60838186000184
60858869000101
60862565000100
60909332000115
60933764000161
60956223000159
60980284000151
60990331000148
61049002000160
61049591000186
61064865000106
61108698000158
61161867000113
61191420000197
61205064000113
61222868000120
61252413000158
61269134000105
61278328000169
61344119000176
61345050000103
61351317000167
61369082000130
61409746000148
61414514000188
61179292000166
61425776000148
19662855000459
61442945000158
61445394000186
61455921000133
61494314000182
61494552000198
61538127000153
61580054000168
61591878000133
61619440000116
61634710000168
61642992000145
61655474000166
61680283000154
61688378000114
18033179000734
53008032000108
61754809000101
61780746000150
61782163000168
61784552000122
61805117000137
61814286000133
61830000000103
61833767000196
61834204000112
61852585000162
57464289000117
61887460000178
61924821000109
61932947000125
47953324000108
51728839000181
48569817000101
61089913000110
49288685000102
45282739000252
48895154000115
13865565000264
59781705000136
47569088000120
50755813000160
55729042000150
51606931000179
47793944000127
44340952000120
33642495000292
50290658000153
52472445000178
44339204000127
60905475000159
61951027000154
61954510000192
61964645000139
61974120000184
61999142000107
28729133000201
62001915000179
62013973000112
62107018000144
62121360000107
62122386000161
62134624000159
46061736000251
62141749000106
62148502000111
62179699000156
62214298000190
62268200000187
62278945000127
62296838000121
62310627000104
62316384000103
62333571000103
62342601000130
62370041000127
62372283000150
62386355000118
62393311000115
62412310000170
62413386000110
62454484000104
62464746000103
62511147000101
62512440000185
62517457000125
62536178000109
62569998000105
62576605000182
62621980000105
62639193000182
44897227000319
62719532000130
62775466000116
62791151000162
62839344000146
11310320001560
17416997000249
62888620000166
62908902000188
62911793000158
62914735000188
62920701000104
62933483000134
62966915000103
62976830000106
63013209000100
63027738000162
63051131000118
63052349000197
62913935000116
63113090000147
44486831000271
53588462000219
63145708000150
63171104000189
63196082000101
35207114000272
63203663000123
03252125000440
63235854000177
92792530015321
63259599000100
63269258000108
63272989000102
63340755000155
63400268000130
63080320000119
63421370000112
63428349000149
63431635000163
63199981000168
63460220000118
63466367000115
63498759000166
63511230000135
63578232000141
63612403000101
63644230000103
63656713000128
63663639000177
63717685000101
63731486000158
17861577000271
63734044000165
63740501000124
63745421000161
63752168000173
63758428000118
63782186000106
63796133000136
63811073000183
63865180000194
63306413000119
63875202000105
63899000000195
63946264000152
13376202000427
64008896000138
64019164000143
64128528000123
64134795000103
64163028000122
64186388000140
64194156000133
64236455000193
64277701000155
64285817000136
64308485000168
64322913000107
64325450000137
64338606000114
64350269000180
64359866000176
64412731000127
64432498000144
64446176000154
64470265000136
64492489000149
64520193000194
64528006000119
64548847000198
64585597000166
64594387000134
43680527000206
64630570000148
64686036000153
64704150000169
64732935000145
64736522000139
64754702000143
64793802000189
64828149000146
64839771000150
64852959000138
64874610000105
64904481000142
64930112000124
64960282000151
64991247000108
64992386000148
65006841000151
65016929000154
65031995000101
64439244000158
65081889000124
65083674000142
65098483000154
65119223000118
65120558000156
65121570000185
65149977000110
65169491000144
65174216000119
65182532000132
65194696000180
65199840000170
65315896000143
65329042000116
65333156000130
65345239000149
65357066000189
64741681000121
65406772000173
65410928000190
65427596000156
65443531000102
65449306000175
65455019000178
65458558000160
65465292000183
65553412000102
65557880000147
65618284000120
65619514000175
65620671000109
65663877000108
65677570000166
65702362000170
65722858000105
65738805000182
65767315000104
38545223000298
65778587000100
65798178000175
65819412000101
65839638000166
65843854000185
65844155000150
65864264000139
65912340000134
65944040000137
65938855000294
66004025000171
66035802000145
66097465000110
66105553000117
66110681000159
66134161000186
66167253000162
66187954000163
66194737000109
66201915000173
66205946000100
66226266000165
65568961000142
66246772000116
66251861000150
66270082000100
66273365000106
66288021000162
66296660000170
66307227000192
66330836000162
66333636000163
66457133000108
66464528000120
66466734000179
66477455000100
08219326000205
66487221000144
66492754000114
66493424000143
66506545000182
66554259000192
66557053000116
66573714000105
66626498000100
66631192000142
66634633000160
66650783000167
66660000000126
66662352000110
63784365000174
66680982000118
66696401000136
04958488000115
00024597000104
04968332000115
04977760000104
04985431000105
04997796000150
01711298000100
05014793000111
00101187000110
00132294000105
05077576000170
00231315000140
94987914000131
03563142000155
03585507000142
05266553000104
01950175000122
05310394000106
05316114000169
96716691000101
05363060000192
97388144000107
03737124000142
03752901000128
02116932000120
00512929000108
05508697000120
00546020000162
02167127000125
00549117000129
00566693000184
02198161000167
05570887000177
02215653000202
03961480000145
02904115000217
03990656000197
03476585000370
04012743000132
00694431000103
05686692000197
05694326000180
04062029000159
04071290000115
05727321000106
04092012000144
05749667000105
04109784000141
06697204000290
00811594000110
05814928000123
05822509000133
02466433000162
04184432000150
00847719000162
04194164000158
04223407000139
05884167000186
02532020000139
04268415000100
02564707000156
05954306000109
05967079000148
04305866000161
00988354000196
00991122000197
06023259000134
06023729000160
04375784000193
01032891000120
32561144000456
06094249000190
33060302003804
33060302007460
02689246000148
06097502000169
06106539000106
02714614000160
06131736000185
04470161000108
02740755000158
02746173000189
04488575000156
06170571000150
04510003000126
01152456000130
06195723000170
04528792000122
73781114000190
06227600000173
06006482000254
04605180000196
51164143000250
52083326001014
06787388000107
04636972000128
56980303000172
74775164000127
06329241000165
06330387000120
06813163000170
02904115000136
04667510000178
57311821000166
57490302000102
57555880000180
02936308000179
01332092000170
06889353000170
06890909000149
02958152000127
38996211000107
01413603000188
07008201000184
03083963000194
04882399000132
59423426000109
01517638000167
07138387000196
01537933000185
01548834000107
07182820000190
07188623000189
23546054000152
92792530001290
92792530000219
23731391000110
07219723000125
24590515000157
80243769000170
07283126000160
24923161000115
07317654000192
62955471000100
07611056000121
27653674000141
28041895000121
85396182000114
86870201000165
67023663000100
50973791000104
51624765000133
31587223000120
52414737000154
06073953000166
33373671000157
71409858000152
92161496000101
34960716000152
55100762000151
07519936000172
07564261000183
07594387000109
07600996000115
07614766000105
07628073000171
02993016000178
07655613000106
00798757000172
05678448000182
07875550000101
07952967000112
84972728000175
07912772000149
21792668000199
03582219000134
03601356000179
04460741000106
05891671000103
57894297000101
00098641000120
92565134000178
01808205000160
03582862000168
00417334000165
05833976000169
05855351000106
04382298000100
04493501000108
04835467000102
41580911000112
03188598000182
29945755000140
72104649000163
07848520000106
04014512000168
07241124000108
32075665000150
05725696000137
91402016000186
53757746000100
07842879000168
62902598000161
05696494000104
93531200000151
05137703000180
05142442000196
03875025000127
08097238000199
03148778000211
36490472000117
14549513000160
40842791000383
01730851000152
04561690000109
02200072000108
04579804000148
60283967000150
00722538000100
59911719000127
01309101000101
12681292000154
03022138000180
07763098000188
04639791000155
06103122000270
41984543000178
06330400000141
02690938000106
17187105000102
01432670000301
08290287000143
08299771000133
08333126000190
08346962000109
08359414000113
08574821000143
08608789000170
08643170000104
08665413000105
08701830000158
08711275000145
08716046000113
08729229000173
08846157000144
08928136000178
08975531000101
09039565000157
09070569000106
09140803000116
09222244000193
09294238000141
09387335000189
09523376000155
09581658000109
09643435000129
09648187000109
09687704000159
10294223000162
10304692000115
10309647000153
07986164000260
10416082000103
10416151000189
10417666000101
10144940000108
10227960000142
10234650000155
10262826000182
10483213000175
10509679000100
10556455000141
10613904000146
10627857000190
10635148000156
10591076000354
09383723000272
10795402000183
10877712000147
10935589000173
10993153000130
11019508000158
92792530002939
11115202000103
11281237000104
11376478000137
11512307000198
11514154000118
11695072000117
11798074000131
11815244000149
11894619000103
12002124000195
12185353000192
12290401000102
12312074000142
11826982000191
12548833000170
12598770000167
12663664000110
12668191000143
12849461000112
12939550000150
13000723000132
11270294000198
06023259000800
13051264000116
06943861000432
13095264000118
13139556000105
13145704000102
13191277000190
13217495000157
13376202000184
13540252000155
20377543000130
13659927000180
06023259000991
13776550000149
13925056000107
14030261000169
14050435000155
14230780000170
10924607000111
14284345000129
14288100000170
14312985000103
14416847000166
09462900000125
66704701000705
14683249000153
14704541000105
14749431000160
14778497000188
08643170000287
14832954000175
14855897000140
14923235000160
15049276000131
15229902000171
15307141000129
15330809000159
15354963000160
10286679000180
12919686000106
13655724000115
13782795000189
20457881000181
14979502000110
15119614000164
07230328000224
12848219000124
15572096000130
15579737000188
10591076000273
15710682000101
15750070000134
15816041000128
15827740000173
16433456000185
16528679000126
07722554000494
16581039000180
16629078000100
16646542000176
16768365000109
16771409000141
16811538000116
16841746000168
09177591000141
16858400000172
10648722000100
16918259000156
17058396000120
17189068000163
17210663000133
17212298000104
17331396000152
17390596000186
17483764000188
17551710000102
17869342000145
17920568000123
17945738000124
17962095000127
15173603000162
09568723000166
18213121000187
18240055000134
08371210000106
09021214000119
10860932000168
10861928000114
11300920000141
11360891000103
11855394000186
20483581000177
18285731000196
18287030000196
05070976000669
15504240000109
17714691000198
18020021000134
13007781000198
18301725000185
18504125000114
13974867000270
17426608000185
18681558000145
18691255000103
18713317000130
13174348000147
18836424000156
18891178000135
18891286000108
19005659000169
19005809000134
19142514000100
19171954000195
19258069000148
18454581000105
19420137000123
19420404000162
19461418000124
19546568000130
19587615000194
19666370000190
19685301000124
19820637000152
19847043000135
19942567000105
20033848000124
20067652000150
20081852000168
20095887000156
14230849000166
10538949000101
19219345000169
20540645000124
20586994000187
20727338000157
20838052000149
20896471000137
20954184000136
20972679000198
21236916000115
21204651000173
21400018000150
21417804000160
21443731000181
09247597000229
21647645000190
06023259001530
21849538000145
20859696000202
21907435000194
21921257000156
22006048000140
22110808000164
22203326000159
22251749000144
22399912000110
22419997000151
22437884000189
22440672000150
22449261000126
22470992000153
22541222000154
22541853000173
22656915000192
22823282000160
22893965000193
22910610000165
22965971000109
11783888000100
23046446000152
23131450000119
23148415000102
23165647000179
19215509000180
23228227000194
23306981000103
23355823000135
23477242000176
23490473000110
23494672000104
23500826000115
12937776000111
23633678000107
23649198000134
23703400000169
21416819000104
21976521000230
23759726000108
23786966000100
23789470000181
23848064000142
23879682000150
23884660000188
23950201000155
23996970000194
24068602000149
24088009000164
24120819000150
24163555000112
24169920000104
24170213000120
24182409000134
24222768000178
24244860000139
24255766000185
24291215000177
24326523000190
08309727000248
24450412000191
24558101000140
24663343000102
24665541000105
24666259000134
24812990000120
24817481000190
24830511000107
24831520000104
24896316000171
24937960000140
24987302000163
24988513000110
24990425000153
22684227000136
25075278000159
24550559000153
25115856000133
25137133000135
58895681000264
25372494000166
25461932000162
23769726000199
21348215000178
21414794000100
09123804000152
11317829000139
18872001000191
08562572000176
14801315000142
17318102000152
18272108000107
24720497000180
08403555000196
21046730000101
22173882000120
15057175000102
11032184000198
10947897000119
20840177000103
13833549000109
12147888000179
12397789000145
21003964000163
24690020000108
24222816000128
13714869000140
18268670000159
09688619000105
22270091000118
18001496000183
20369349000102
22961584000102
19001217000144
22912865000167
17732468000173
24227610000190
17297915000103
18351769000110
13820432000190
11023311000192
13302644000186
12477785000177
10343701000187
23323621000101
18485178000135
24854940000106
16918392000102
20250836000151
19435482000130
15032685000125
25131619000166
10743837000184
23880806000117
22368340000102
13748730000117
08791780000147
18368823000130
08302311000117
23581864000140
17547723000108
23330484000132
15256231000138
10669046000151
12444446000194
19192339000165
04216059000253
10480546000140
19856056000170
11155291000103
14147004000101
09537904000125
10838469000158
17845988000192
19130885000171
09275466000174
13624179000108
17728649000126
19052902000280
23820358000166
11618583000135
23038220000100
22588028000124
26006552000109
26061866000104
26109202000160
26260894000142
26263650000113
26271576000187
26391476000194
26413941000140
26424380000185
26559475000106
26588490000182
26615721000108
26625685000155
26661100000152
92792530006098
26737385000168
26772223000160
26785728000160
18671013000239
26878834000198
02873047000276
26960346000125
27080781000128
27140498000144
27143192000141
27172289000182
27193430000123
11498673000210
27266292000165
27481103000177
27508169000103
27534241000177
27548024000136
01005728001060
09441460000472
10647227000268
27769854000193
27825001000121
27829649000176
27846000000163
27954802000197
27976518000111
10591076000788
28051588000121
28117373000166
28185303000145
08860262000219
28355483000166
28423605000104
28426998000100
28451701000166
28572622000103
28616700000124
28688319000170
28724989000103
28791676000160
28830518000171
28970823000169
28988929000190
29017648000152
29057011000190
29070050000127
29129148000102
26351986000138
29156226000168
28366538000133
29176143000130
29181589000153
29288355000100
29289191000135
29311997000182
29315703000190
29326969000139
29343319000100
29455305000170
29459031000197
29480326000145
29496018000108
29536239000162
29344107000139
29626870000152
29686259000110
07727017000275
29830975000129
29880427000103
29931673000147
29986514000140
30076005000169
30191086000148
10327947000327
30257616000103
19279385000287
30311150000187
30390566000138
30390592000166
30400728000171
30422658000152
30445859000175
30540676000139
30658450000137
30725403000169
30774469000149
29402867000155
30906964000164
31138759000169
31172918000141
31206021000191
31233100000191
18021408000539
31316303000141
31070450000184
31482528000178
31515561000157
31522697000194
31580366000100
31596635000127
31660942000120
31769069000108
31793286000133
31849908000106
31859910000158
31876052000150
31941403000169
31952355000104
32055332000160
32097038000110
27205694000150
32195039000106
32197762000116
32210921000175
32249884000109
28346800000188
32289992000105
32341532000189
32481041000133
18070123000245
32542437000143
26443055000160
08229012000366
32622191000110
32690593000151
32718599000190
32733217000105
04756739000260
32744552000109
32798368000133
32808700000101
32834952000105
32930255000140
32952123000119
32954510000194
33172902000164
33219665000140
33262876000165
33276212000155
33308276000190
33347593000116
33444452000111
33601101000177
33609150000156
33610061000120
33630679000151
33644066000173
33657026000166
33660621000150
33672107000135
33678519000182
33679800000130
33733018000151
33856854000123
33889215000164
33915053000191
08411636000804
24554067000306
34164771000136
34200390000165
34208163000186
34249878000187
34251699000184
45131497000387
34319187000102
34347984000101
34374513000184
34388457000137
34405580000119
34437276000153
34501482000185
10682855002490
34558294000193
34589419000142
34632229000160
34635753000195
34637738000186
34661035000193
34712444000171
34740592000108
34826360000169
34851680000179
34895145000110
34919174000174
10851899000703
34951077000169
34971658000162
34980074000153
34980869000161
35009175000144
35020118000166
35058058000170
35156398000134
35168669000171
35188517000130
35202731000102
34586233000130
35239004000101
35243361000143
35261322000179
19152728000248
32051846000228
35445240000184
35473398000168
35474590000179
35479460000129
35491761000178
35533494000154
35643412000124
08907346000422
35659098000178
35662277000164
35719088000180
35397052000128
35722344000199
35729815000190
35765699000165
92792530007736
35798117000147
35809306000178
35819632000166
35825291000131
35839600000122
35910345000167
35950004000115
35954207000180
35959598000125
35992579000109
92792530007906
36064364000182
36071715000182
36103991000185
36138888000170
36168107000190
36281771000141
36292974000133
36369701000140
36371578000100
36375330000109
36433169000182
36439783000151
19433067000300
36463309000165
36556945000131
36597633000176
11103187000256
36626624000166
36684662000175
36715619000120
36750848000185
36834674000139
27462153000107
36857683000145
36860562000152
36897832000108
36907227000162
36913014000143
36930941000171
26075145000145
36938290000166
36986483000192
36988544000150
37003819000112
37006683000102
37021733000112
37054076000100
37061242000103
37107333000124
37131470000102
37148784000100
36676552000242
37199289000120
37223348000158
37282833000100
37358310000192
37375305000198
37420333000180
37444336000153
14327411000362
37532010000188
37533146000102
37554700000138
37557983000171
37560264000100
37580897000180
37611406000110
37646586000176
37652175000193
37664198000118
37711731000155
37716324000130
37724662000114
37738195000181
37790018000144
37792775000157
37813239000190
37815296000109
17719905000461
37830297000122
92792530008031
31330024000132
37870829000155
37877258000180
34032819000152
37900754000108
38099580000199
38150267000138
38259674000188
38262006000100
38286199000139
35135306000130
38331249000152
08411636001100
38344553000134
38348250000190
38357188000100
38364973000182
38403460000133
38420924000110
38431382000180
38535089000163
38891401000151
38461938000181
39258923000183
39268965000103
39281432000153
39307843000170
39323545000174
39324803000137
39350788000100
39392016000122
24854940000378
24311511000354
39506638000134
39509382000119
39514863000112
39516258000180
27664758000180
39529388000158
39533148000127
39554157000102
33470424000330
30387596000195
32750702000189
39650057000171
39455564000316
39696408000185
39739452000125
39746855000100
39753709000101
39833369000110
39838733000135
33457952000198
29363326000165
39876558000170
39925538000142
39927398000141
39962083000135
40010007000109
40047180000181
40070335000109
37348607000177
40085149000135
40091322000108
40121484000141
40126085000173
40137330000148
40137805000104
40155127000102
40171005000100
39757425000185
27894568000150
36018138000165
40243279000159
40274933000191
40279862000110
26657363000279
40321047000171
40339753000140
40359435000141
40359594000146
40282109000183
40493336000158
40518889000118
34487738000147
17151435000997
40611533000124
40669950000128
40718368000104
40750568000144
40853421000180
40895758000150
40913769000115
20104619000404
40944026000102
41030712000130
41088616000143
41097311000106
41125175000102
41136048000109
41167216000123
41190228000179
11139689000580
41280840000132
41301145000100
41341675000181
41345131000198
41387734000152
41392999000149
10235545000211
41399789000182
04464088000315
41503151000140
26370861000155
41614899000110
32394845000103
41653099000108
41687149000178
37738939000168
41717857000104
41793638000104
41814858000177
41911829000123
28486366000131
34689895000135
35812529000194
37576693000175
37647788000132
29643078000106
30737323000123
32194085000182
41968865000123
42008784000144
42014301000114
42038727000108
42044629000183
42045498000159
05652247002400
42088798000115
42098526000104
27986353000169
42199249000118
42204942000131
42263139000178
42280850000130
42311409000179
42330540000183
35281033000131
42358703000136
42393468000133
15474903000505
42396889000118
34919174000255
42445972000130
42456680000100
42541981000124
42632417000117
42639315000123
42651582000116
42689339000197
42694041000175
42703438000186
42716626000149
42782975000169
03252125000288
42873229000180
37107761000157
42877717000166
42932243000108
42975411000142
42979509000178
38144448000151
43055932000144
43064167000129
43139840000142
43142879000119
43146143000119
43156103000158
13765974000450
43217958000141
43263661000112
43292067000150
43294684000194
43319746000175
43351757000132
43358926000166
43397659000136
43421160000117
43446345000186
43508485000131
43570602000197
43574366000187
43594432000180
08560837000288
43616652000168
08968874000220
43658240000190
43661590000106
43709140000146
43756842000180
43781906000101
43783903000107
43809737000162
43824657000186
39913699000116
43634696000110
39950568000109
29036237000104
32977994000197
34764367000101
32125851000157
39678459000184
29680149000140
30577830000147
41613009000155
41177919000132
41649887000120
31702455000182
32599475000132
33177203000107
29520225000150
38656354000161
37161207000158
43492747000117
39645053000103
34522023000188
34544944000141
40980920000138
15217026000244
08411636000723
32627967000194
40261681000166
92792530006683
28095604000188
26074317000247
39621664000103
41268873000167
37398049000154
43324716000157
34651972000168
28481631000199
33724995000192
42335560000147
14801315000304
30682416000106
41998668000157
35220507000135
27266490000129
38112351000167
18559688000614
32543166000140
08516853000273
31680753000119
27784705000284
33579803000100
28841183000197
40700228000109
38003552000126
40921557000180
43715719000111
36139144000170
23689774000258
31437095000139
33325436000100
28804402000168
43874461000104
06023259006841
14830466000390
43947980000147
43978852000160
43999832000176
44003783000132
44005214000126
44006034000169
44017644000168
13376202000265
44033577000175
44061352000122
44082413000138
44088150000174
33087884000201
44128271000100
44144221000109
44283557000152
44299269000196
44383682000134
44394957000135
44395650000159
44405027000130
44411750000121
44424694000160
44103092000100
44473956000186
23689774000843
44555490000168
22609562000250
92792530009437
44651970000122
44654456000140
44670708000125
44681343000134
08411636001290
44722165000142
44725346000122
06023259007813
44791496000134
44795132000122
44809021000128
44816607000110
44833924000144
44839913000171
44850403000103
44864827000119
44871514000198
44909821000110
44964668000124
45041576000135
45046558000146
09662836000800
45093491000109
45110584000196
45121422000153
45176103000145
45200226000174
45223381000106
45240956000107
45241466000117
92792530009941
92792530010010
45260557000108
45311178000191
45338523000180
45343781000155
13938862000292
45360788000185
45412601000140
43998339000131
45569283000125
45686331000165
45688993000174
45784664000127
45824506000153
45834242000119
45838934000135
45871701000134
45878969000106
45884124000115
45911432000192
45938091000149
45948497000102
45972115000186
45982338000124
46049697000196
46062214000193
46135225000156
46173643000138
41043713001515
46264343000164
46276428000162
46331300000154
46353259000117
46353342000196
46388580000137
46403335000151
46440787000103
05822509000303
46475343000103
46506027000151
46531613000156
46535797000122
46627970000112
46632990000181
46633494000142
92792530010443
46710029000168
46731015000120
46764848000198
46779451000170
46815912000112
46877110000137
46907188000157
46908037000113
46922821000186
46929370000109
46972241000101
46977553000108
46997943000131
47034121000118
47067620000101
47091297000101
47094421000192
47230299000134
47267268000158
47373744000115
47407664000133
47417946000111
47454279000147
33060302011904
47497263000111
47542429000174
47559268000121
47655976000166
47658456000107
47660146000127
47665950000107
08907346001402
47712340000109
47719419000161
47263971000198
47740616000162
47772281000164
47788184000160
47825043000170
47832509000164
47841164000105
47880615000113
47882231000130
30611244000333
47893667000124
41371563000254
47838471000137
47944813000101
48006493000101
48046955000106
48081410000130
48097237000169
48141412000178
48154642000171
48249824000126
48290920000118
48292224000140
48305350000192
48364302000175
48370424000174
03250803000273
30946841000238
48405511000110
48420824000147
48449553000152
48478308000173
48488310000123
48510155000102
48514512000100
48535398000197
03243168000892
48624245000116
48626566000150
48637509000176
44479709000197
48678019000118
48704220000122
48743411000101
48743770000150
48748760000108
10943494000363
48822364000183
48872205000193
26074317000670
48886445000147
48903593000122
48930790000130
30726498000488
48995275000139
49013700000100
49014645000172
49014655000108
49049960000135
49072476000127
49088082000167
08411636001533
49110040000185
49115396000101
49137644000115
49196941000131
49205105000176
49212861000122
49221246000182
49254676000109
49278947000158
49281923000158
49311726000134
49314381000172
49380353000153
49414376000131
49417489000190
49429075000181
49454777000115
49455342000195
49489280000132
49499921000130
49542121000154
49550719000195
49559497000171
02423369000566
49575263000118
49604985000153
49625298000114
49635713000110
46212185000107
49664517000174
49669828000126
49673870000110
49692556000185
49703464000153
49714925000193
49721068000159
49729192000160
49790857000141
49674729000132
49823432000191
49852840000171
48185858000102
49860756000108
49860890000109
49869778000120
49874283000190
49908786000139
49909251000182
49933983000108
49944117000112
49956417000111
49987752000187
49992642000103
48253668000177
50075512000195
50080229000151
50082519000134
50115465000166
50121874000175
50133624000155
50143167000180
50205138000103
50227163000180
50229144000192
50250788000162
50261400000129
50265619000104
50282266000142
50341814000168
50383927000126
50388979000195
50405532000187
50426216000191
46456095000153
50461994000111
49683706000194
50497413000100
50508864000197
50521619000110
50582145000116
50596216000130
50624249000146
50625392000152
50664843000160
50441190000150
50726754000100
10851899002234
50742265000133
50742430000157
50750205000162
50759457000152
50770038000111
50786704000100
50788822000157
50789378000194
06023259008895
50882615000167
50882979000147
50929213000170
50972888000100
51028858000103
51057825000183
51058788000128
51082473000116
51086061000154
51087267000107
51142467000107
51147962000109
51153803000117
51180858000116
51193113000191
51196841000157
51205562000102
51207829000109
51217382000140
51227438000148
51252726000152
51264457000144
51307186000167
51367552000173
51414220000100
51425111000180
51431242000170
51434602000198
51461785000130
51473300000129
51527348000172
51601552000196
51630567000182
51631584000134
51635086000160
51643904000176
51652943000130
51668668000142
51675156000103
48420824000228
51752007000109
51777595000127
43492747000460
45069277000109
51816550000114
51817739000121
47872424000100
51898763000132
51900436000178
51904535000128
51940932000155
51945078000110
51998924000160
52008030000148
52019567000103
52021505000136
52054795000114
52072556000197
52077595000187
52086738000117
52130633000118
52147573000146
52152489000110
52163807000149
52174892000140
52204277000130
52211228000124
52212083000186
45717284000170
52280114000136
52305536000119
66773862000670
52320404000166
52332800000103
10851899001939
52341631000178
52404264000104
52429741000196
52439051000118
52469209000100
52487314000164
52488377000135
52506179000157
52532243000174
52538381000160
52547260000185
52603277000102
52656827000151
52667746000157
52674042000101
52694109000170
52700020000179
52708465000103
52719794000141
52785934000180
52802151000167
52827019000100
52834935000177
52838587000106
52850371000166
52857895000189
52886834000140
52887748000151
52888614000155
52922913000169
52928551000113
51439518000167
53027481000195
53047574000181
53091863000188
53094477000140
92792530011253
53159433000150
53178994000105
53255473000104
53260617000102
53261833000172
53274565000123
53310468000149
92792530011920
53334549000189
53353838000125
53388570000167
53413192000124
53461496000167
53495423000196
53526595000180
53545651000123
53551687000110
53568210000147
53613516000178
53621600000133
53631653000135
53644873000101
53651934000150
53686767000182
53695865000186
53710736000110
53762544000157
53779230000167
07121870000320
53811754000198
53822804000132
53841075000161
53866795000181
53873944000130
53891655000163
53901702000102
53940410000189
53951960000101
53953198000194
54040064000145
54075566000101
54154226000176
54159913000184
54162972000101
54170933000156
54186001000100
54206158000141
54218634000144
54234750000157
09247597001209
54277555000104
54282528000120
54295570000185
54315881000169
54335862000102
54337847000195
54338505000190
54340332000144
54344892000177
54372920000160
54365369000208
54430735000184
54129296000174
54478552000139
54486084000144
54515175000160
54526708000100
54534075000181
54556817000170
54574318000105
54603783000127
43508613000309
54632516000188
01947328000344
54644087000169
07976101000494
54675890000160
54676775000100
54693567000110
54731067000125
54734329000105
54765077000181
54789307000142
54826054000130
54832602000134
54852920000167
54858889000171
54882392000199
54907081000137
54913170000196
54945404000187
54950105000130
54984206000122
54992932000197
06330400000907
03785610000217
55020780000123
53578999000117
24028556000405
55066563000174
55086501000124
55102691000126
55103031000160
55123396000156
55136554000102
55202206000196
55232693000130
55261826000104
55284647000184
55291104000194
55296703000109
55338940000187
55380788000109
55386883000101
55421208000176
55273055000167
55428107000127
55430101000194
55464870000103
55513024000136
55527391000199
55536182000101
55563974000175
55601052000105
55602176000105
55619389000140
55637837000138
43350086000276
42415966000725
55717600000167
55731490000198
55784718000108
52008556000128
55819863000187
55822193000158
55854971000190
55875643000170
55880000000115
55887090000176
55921859000125
55938528000106
55940585000111
55950159000169
56010867000182
10880815000247
56099867000109
56103362000162
56103505000136
56150085000149
56259763000106
56260569000140
56281773000148
56307423000103
06023259009867
02644861000308
56377992000125
56386960000196
56636562000180
56781871000144
56906691000141
56987067000116
56987517000170
56994599000180
57003771000150
57023824000102
57081109000118
57082597000188
52888614000236
31190686001479
57099601000110
24666259000487
57156070000150
57185361000177
57202093000154
57214443000100
57223847000152
57233558000134
57261531000155
57318304000119
57366386000177
57374602000126
57385944000141
57392910000184
57400378000108
57424468000120
57431310000188
57434841000124
57437247000197
30445859000337
57463968000171
92792530014279
51265724000106
57506817000153
57571755000163
57617566000184
57629980000103
57639803000108
57639961000168
01191654002318
57647258000100
57649087000140
57660393000187
57661768000123
53924030000231
57694422000121
57698668000171
57701127000155
57757292000129
57807572000102
57822265000192
49860910000133
57920103000197
14968759000843
57977416000181
57989302000151
58002665000114
58012037000110
58073534000128
58081759000126
11155291000294
58101136000178
58108984000109
58158796000195
38259712000364
58180484000188
58190941000115
58200689000188
58237452000171
58240580000174
58243672000108
54794773000116
51197404000158
57939967000827
58279558000138
58292864000104
58151793000200
58369626000150
58397870000126
58418731000131
58423296000133
58436046000138
17310264000810
58452527000137
44480123000142
58485936000130
48661189000190
50939442000176
58537231000119
58541784000145
58559909000164
58576657000181
58644875000106
37442271000379
58654851000138
58705425000186
58714547000139
58727823000101
58734052000171
58736991000155
58743647000193
58798127000188
02477648000260
58803956000101
58818153000120
58869491000191
42533087000374
58880537000173
58953489000104
58966653000100
58988475000118
58989520000159
58996981000159
59004923000164
59012274000143
59032226000117
59039190000101
59041031000133
53448399000134
59116088000154
59120363000103
59251051000139
59257467000164
59312940000169
59319755000104
59340300000162
59365129000146
59369986000114
59375507000172
59392307000128
59435416000185
59444954000136
59469574000156
59491722000139
59492278000176
59498281000105
59559148000103
59590548000181
59619393000169
59627416000187
59652674000113
59721556000110
59769317000130
59783038000120
59811809000146
59813173000171
59814843000174
59836362000160
50067004000165
59860860000148
59883498000120
59895058000193
59912765000140
59917508000100
59922289000149
59966290000175
59967425000117
59971985000145
59979655000104
59986915000160
60000321000118
60031800000100
60151173000132
60153240000158
60161184000101
51365544000198
60282968000180
60296669000102
60311250000174
60334556000146
60336478000119
60338129000136
36309591000392
28675336000254
60361693000170
60368224000182
60370660000196
60418250000178
60473943000163
68532076000444
51586330000141
60498161000189
60500316000174
60519753000130
60554420000141
60186284000184
60570208000178
60587835000111
60593391000127
53380503000287
60615823000153
60640583000147
60642213000149
60652615000124
60661647000196
54353173000112
60666717000107
57939967001475
60702970000160
60704803000159
60705632000182
60714773000161
34323124000200
58600807000145
60768755000162
60821173000100
60843080000179
60846999000116
60863795000193
44268493000200
60927080000157
61000349000118
06023259010601
61041155000160
61053029000126
55232396000194
61087077000135
61107051000101
48902081000222
61139807000102
61142517000100
44485343000169
17310264001116
61199921000110
61213545000170
61223965000138
61228101000109
61239209000105
61249601000127
61250073000126
61306313000167
61335986000145
61382238000113
61402738000170
61419290000105
61428541000100
61429406000189
19662855000530
61441225000178
61471669000156
61484623000171
61496225000175
61518786000128
61544140000115
61548641000170
61625910000154
61675172000150
61688454000191
61747183000106
61758071000142
61773985000182
61817133000140
61824673000150
40759865000584
61844616000133
61851181000154
61872184000174
61948450000103
58345433000169
58476295000157
52924480000180
50357902000158
61810235000133
58828167000125
51409069000104
53553695000103
50807341000141
55046229000159
55453284000163
61205578000179
61137977000140
45049421000145
48315114000157
49015254000172
45785735000297
52725089000157
53012439000109
54028871000142
56924088000192
57839056000151
47600851000309
61619018000160
52412808000180
56097982000136
52663303000198
54874638000180
57101254000113
45511751000100
30880958000347
46293894000156
54211417000122
58087400000166
61565174000196
46137166000155
61976227000161
61978886000137
61989002000140
62012989000100
62028358000180
62046467000120
62057579000186
62073636000110
62113638000196
62142681000180
62250941000130
62256679000131
62272388000137
62289568000121
62296548000188
62297094000160
62367311000140
62368913000112
62371971000103
62390556000199
62436735000110
62439808000127
62441705000100
62443769000131
62468471000186
62479981000159
62497313000154
62553226000177
62598047000156
62605439000103
62611186000172
62613521000171
62625248000103
62663085000145
62707483000116
62720101000194
06023259011250
06907719000278
62750842000118
62775988000118
62779928000173
62800133000108
62845685000124
62885510000140
62923329000181
62959365000103
62962109000167
62964380000131
63014579000161
63100449000141
63118802000110
63131739000152
63164723000146
63221532000179
63223319000104
63226956000126
63260282000186
63277258000150
63342501000176
63380025000188
63396940000161
63420917000165
63428960000177
63486441000165
63500802000180
63503805000178
63511772000108
63521839000195
63525618000195
63535419000168
63563168000125
63563398000194
63567491000177
63650544000119
63665206000150
63671646000110
14023780000280
63702808000130
63715341000163
63723817000108
63789913000159
63795054000100
63795192000190
63795228000135
63800678000179
09247597001543
63806680000155
63818135000189
63821990000149
92792530016565
62462868000160
27096319000208
63891041000135
63944492000193
63959101000104
64025258000125
64033287000139
64042789000126
64052536000133
64065812000106
64105201000136
64112639000141
64115968000146
64150848000180
64209958000170
64233293000130
64263282000100
64283987000181
64308575000159
64343083000102
64349872000142
64379298000175
64437019000182
64438643000102
64438910000133
64444221000131
64461708000122
64521664000189
64543423000130
64577494000154
64601963000123
64672308000166
64716027000168
64318110000189
64722817000156
64778001000144
64811253000128
64813139000137
92792530016727
64900291000157
64948568000111
64951519000138
64968262000127
64981655000170
64983577000143
65021991000134
65051943000199
65094209000107
10947897000208
65129230000109
65129601000144
65134814000164
65145032000120
65150000000113
65178158000100
65191981000147
65229638000144
65258772000173
65297652000185
65350920000185
29535183000474
65377093000113
65377752000111
65387397000161
65444213000158
65483038000108
65493332000109
65506351000114
65548255000139
65583143000119
65584396000107
65625943000155
65629742000126
65631412000175
65658653000108
65663835000177
65669569000190
65672205000169
65674515000112
65688986000180
65695623000171
65707955000129
65709574000189
65736030000106
65818509000191
65827468000108
53296223000295
65860763000158
65861558000107
64615831000150
65919803000190
65959935000145
66008143000158
66010846000110
66017865000179
66026820000160
66057023000140
66058906000175
66059133000141
66077999000185
66100625000133
66119609000192
66129887000120
66150360000188
04238951001983
66187721000160
66190100000136
34006534000570
66311023000125
66311103000180
66341018000165
66349205000195
66350236000166
66389692000110
66408292000104
66412773000193
66419236000175
66433523000130
66451025000110
66460750000154
66477983000160
66478841000117
66502673000158
66460469000111
66542232000180
66548780000117
66549707000160
66555910000149
66583853000101
66612014000174
66612967000132
66622692000118
66638468000114
66678453000180
07398531000123
01653006000120
04981944000148
01700845000152
03376825000101
00099936000111
03388930000152
01736132000149
93587947000121
01756291000105
03416494000188
01824254000197
01825356000127
05141701000164
07453725000184
94508546000100
01841056000131
05161538000100
94638251000140
01859678000197
00244486000103
03537417000186
01876723000111
05208298000143
05230436000190
00328287000183
01963553000102
05323733000180
03720978000116
00422370000117
07410920000127
02085109000102
05464427000164
00500765000190
03819807000149
02138957000124
03826788000188
05515128000101
05562945000110
02293041000220
02237244000118
05593869000100
02275853000161
03098866000256
03388930000586
05661288000169
05661969000127
02310508000111
05685065000131
04043808000107
02348318000193
04329674000276
04086643000150
04100591000120
05440541000235
00817219000188
00868119000180
02502518000159
04223431000178
04239192000144
00898047000114
02550287000159
04342873000133
27347657000267
02639440000119
04370745000101
06059837000192
02671734000128
06082328000180
02690248000157
04432477000105
04464088000153
35215011000254
02761624000157
04506043000102
40281776000222
04507250000173
06183585000109
04510210000180
04511365000131
06200958000102
01171612000100
01179000000163
04557263000157
04566325000197
02820673000113
74226234000198
02842194000106
02851619000135
04616228000161
74601261000101
01248073000160
02868351000144
01254338000132
02886342000186
04655836000185
06340267000104
02895933000110
04691433000191
02945113000195
06900279000146
01347421000156
38839866000163
58053885000177
06926297000105
04771666000102
04793887000173
03028684000128
39401682000180
39500277000119
04835754000112
07023699000154
59104257000136
22193627000149
07070391000160
07086675000144
40989857000109
07090809000109
03142020000195
03142218000179
03150748000169
41211160000167
01522598000141
07120917000179
60447240000160
41811340000180
07197848000100
01602298000172
07223797000135
01638588000176
61350138000105
07303796000109
44304632000114
82388240000170
47552799000192
65820367000105
66008517000135
28955193000153
66379413000137
86395308000107
66558883000168
67714345000188
51079887000196
67794891000176
68056423000167
14260145000136
32300436000192
05859831000137
90517004000134
15524630000132
71803340000107
72239452000131
07447260000159
07465929000135
07498618000172
07570126000140
07643247000175
07649495000123
07661151000130
07730076000111
07784367000192
07875094000191
26328401000169
07907020000190
07942849000123
07947329000103
03421479000128
00848410000197
06894007000180
84873868000196
06205475000109
08140149000188
02102799000152
07472865000108
05865124000153
05232734000110
04980925000105
94980687000112
01890093000130
03658904000105
05367937000113
02019359000136
00484104000119
01011156000130
04371129000167
04611484000166
01335211000148
41070194000189
41430661000134
23787500000110
24880825000106
09602434000136
66773862000165
31649270000151
71248496000165
15627698000147
54448501000164
07506784000173
07851743000114
07952085000157
08055343000165
35343136000260
64520091000250
95220844000154
03371140000164
00115299000120
64177256000151
05585453000140
34315655000170
00516131000207
75617498000135
03031741000128
04935709000130
81096042000170
07952024000190
07237276000137
05294470000200
03635377000105
00161715000126
05850675000143
03482033000103
97340723000171
07429552000169
00238664000193
00532166000159
00939795000106
64142516000153
02143789000165
05025489000170
73757387000107
02651189000108
34696526000170
37647559000118
38068391000159
00835436000109
00196018000100
02569909000190
07547618000115
03250803000192
22787345000170
08223053000183
08240428000113
08244927000189
08263056000140
08281742000144
08320272000180
08348382000150
08214757000190
08654277000140
10224417000191
05387144000247
08739756000169
04766877000572
08873707000114
08975717000160
08983514000116
09023212000169
09085296000165
09139818000164
09141186000173
09238605000190
09267945000149
09352259000176
09354166000180
09362292000187
09369169000198
09392529000172
09394038000160
08316166000123
09409692000109
09423660000150
09434628000170
09457697000107
09478890000116
09483933000151
09520399000106
09554127000127
09560971000160
09607601000131
09620909000117
09662836000126
10302010000135
10374464000111
10224332000103
10235181000199
10248817000137
10550533000109
10558750000137
10641935000100
10645057000100
10681396000133
10682855000284
10710225000195
10789616000147
10824074000104
10845140000114
10953194000101
10965147000170
10980931000157
11023514000189
11049413000187
11107445000191
11066574000189
11305105000175
11310320000164
11311775000102
11313346000166
11406214000189
11360891000294
11485476000186
11519472000171
11547557000163
11595900000145
11607276000159
20311713000183
11707285000111
11682261000155
11984323000183
92792530003668
12050827000199
12063522000111
12064037000162
12065061000116
12124943000105
12150872000115
11508831000195
12154519000103
12185885000120
07472865000280
11365745000170
12271082000198
12283132000157
12336794000148
12518517000318
12357540000106
10870752000167
12552177000180
12831919000106
12727596000105
13028413000126
13039313000103
13042891000190
13101814000164
13192370000110
13234560000152
13303952000126
13260729000149
13414656000100
13423592000104
13477962000188
13479334000131
13579607000110
13587830000109
13683350000141
13726317000151
13865565000183
14050883000159
14069045000127
14209676000102
14283650000104
14313055000166
14381043000179
07873278000384
14692418000111
14798499000139
14855113000183
14871988000179
14892504000178
14904608000155
14955947000160
15017297000175
15100150000144
15160659000182
15284687000101
15319381000143
08675874000150
08808814000169
08997879000108
09573563000143
10492937000185
10753279000138
11112874000157
11190358000140
11409897000128
12059576000103
12418255000158
13163717000104
13273210000103
13944402000196
14237169000174
14756825000145
15295574000101
04266641000224
15443227000189
82858903000253
09014378000119
15509868000199
15611678000188
15613416000152
15615856000149
15633272000104
15662527000159
15682794000198
15795389000186
09403895000180
08734986000135
41721051000270
16591903000124
10310519000120
10864717000135
09338126000145
16869027000155
16930058000174
05652247001188
17139893000153
17172127000190
15789367000103
17253855000127
17255334000109
09565533000195
17340203000120
17395130000173
17414722000195
08898818000185
17514532000140
17567378000174
17680322000121
17814190000183
17846324000148
17874578000170
11771717000153
17953856000184
03954913000216
18017621000143
18031505000189
12193575000157
18122443000110
18127900000160
18262269000101
10680376000148
11461096000101
11715003000128
12546015000139
07086264000230
13234837000147
13265321000160
14007393000170
14101288000103
18286549000150
14190675000317
14493383000191
15605000000192
15837533000108
16864077000140
13699173000191
15201613000164
18340723000103
18358687000105
11259923000189
18438423000153
18476380000109
18575435000120
18619392000137
18658840000101
10764144000330
18746225000157
18721543000163
18852563000173
19052902000108
19106468000193
19162065000161
51710358002940
19188369000106
10965288000192
18092198000146
19285092000121
19361489000155
19370802000111
19415382000142
19424059000135
19474371000133
19643581000108
19669941000140
05652247001935
17967675000107
19794808000116
19807318000107
19890585000190
19902324000143
19920527000162
19954392000156
15782513000179
20044279000112
20049595000187
20128105000138
20182613000102
20690535000149
20717620000153
20740019000181
20821960000120
20900265000153
20936686000134
21198174000180
21525792000198
21718115000196
21730806000105
21096280000153
21804038000197
21910439000121
21938106000100
22037888000170
22104638000105
22121088000132
21736563000112
22309204000141
22345232000114
22378246000134
22435156000138
22502347000175
22529685000109
22542737000179
21495315000127
22619485000139
22631875000124
22647599000192
22663105000163
22663854000190
22296257000175
22723809000184
22774242000175
22872069000148
22950663000100
22967067000132
23278515000153
23300220000136
23336253000136
23384177000134
23419585000184
23463148000168
23487782000130
23538662000115
23543210000121
23670114000144
23762538000139
23787044000109
23817538000199
04766877000904
23884722000151
23894318000169
24025636000156
24038785000150
20837720000202
24188818000148
24234154000106
05142442000277
24420475000103
24445627000114
24488841000158
24509212000167
97530849000290
24585593000163
24588111000129
24751212000179
24771459000157
24575002000177
24848572000193
24854393000169
17449023000180
24883573000179
15319206000237
19249600000116
25206439000104
25213934000132
25298528000110
25320183000153
25348029000190
25363699000185
25425245000191
25452043000139
10584715000192
08958916000160
10851899000100
17540713000140
20165974000132
19177426000143
14017666000167
24205260000161
25203009000120
25340882000165
18889930000103
25150189000120
12415155000178
08140845000194
17460086000138
17783205000193
24842922000104
15369777000103
11929446000111
12841460000121
08643795000168
16589779000162
12517948000106
17086217000169
17801083000110
17659324000139
19292128000102
24271996000138
10647227000187
18836913000108
13728918000101
18874630000150
14449124000163
19791788000120
12108615000115
14817136000101
18386997000125
19793303000137
15019993000110
16982185000117
11743776000118
23646070000117
19279824000170
14877364000169
19664068000101
16617384000126
11092435000120
24439889000176
24442624000127
08598778000156
17679674000167
19051128000102
05887517000249
23323133000102
07976101000222
20317146000172
23574165000172
13267504000114
18854698000178
14662612000154
19761835000192
08749272000109
22574351000149
12667651000119
09552132000109
10375283000100
14793256000108
19729043000130
22938684000100
17267155000191
15135709000171
09394355000187
18387882000155
08158687000108
15742177000130
23306606000236
26025287000106
26106035000101
26242679000119
26282735000149
26309975000190
26353236000103
26403416000144
26428085000105
26473784000169
26503444000133
26605015000177
26669620000101
26680170000158
26696190000117
26729948000176
26777263000103
26832223000109
27027801000105
27034863000136
27080157000120
27138922000116
27189467000188
27190027000140
27206864000110
27213676000110
27332338000105
26408139000162
27420123000138
60885779000282
27617860000125
27680034000120
27807588000146
27840236000192
27881541000122
27906220000135
27923006000197
27939326000135
28001223000192
28024241000190
28024650000196
28036652000103
28046610000145
28068174000105
28074019000100
26643212000180
28239449000126
28246153000132
28274159000113
28289448000196
28334851000190
28337598000128
28363484000152
28386831000162
28491680000102
92792530006330
28525575000147
28543612000140
28588047000137
28634052000139
28675861000199
28719733000108
28727004000195
28739956000129
28767561000130
28773684000183
28812995000104
28824200000188
28880812000198
28881868000167
28885845000120
28893787000187
28935411000198
29014748000125
29016851000104
29024417000176
29069856000103
29129829000170
29133158000111
29145683000157
29231469000113
29242050000167
01432670002274
29312182000118
29352901000124
29367159000120
26743007000197
29434950000106
29535126000142
29539296000103
29548572000191
29561681000149
29649875000109
28859592000110
29822050000136
29823405000101
29850315000100
29888656000174
08097238000431
29999444000164
30049726000180
30051271000137
30077542000123
30090785000100
30113280000105
30232222000109
30245053000133
30278834000124
30289675000163
29169007000113
30426838000102
30446910000163
30471418000148
30521147000198
29129851000110
30668298000173
30726498000135
30750854000156
30751125000114
30859636000154
30875642000103
30908262000110
30909663000194
30946841000157
31001731000185
31013591000165
31021088000151
31030079000127
31088346000117
31187866000187
31203935000107
31243831000118
80392566000226
31373083000198
29532834000120
31487447000160
31565378000166
31663035000134
08411636000561
31695928000161
31699983000120
31748226000107
31760900000160
31967038000161
32052956000123
32198761000196
32240650000109
32254141000127
10374464000200
32269485000100
32288858000190
32289680000100
92792530006926
32471108000159
32485387000100
32510175000135
32511899000101
32575450000107
32607256000158
32724941000164
32734572000190
32756707000119
32760331000116
31306619000152
32959324000148
32967420000138
33041414000118
31322906000156
33076393000176
33108284000193
33111235000100
20790728000414
33147582000192
33259291000196
33264996000100
33383974000150
33429241000100
33432621000101
33481836000104
33525586000167
33529619000147
33614257000192
33634314000103
33643525000102
33661280000138
33767506000180
33770535000109
33813246000131
33872012000165
33912863000194
33923928000105
33973670000143
34004493000150
34014765000100
34066877000105
34069189000190
34095064000135
27140401000101
34261566000199
34273842000139
34295678000160
34358303000100
34359383000100
10851899000614
34425489000165
34429270000134
34433636000149
22691736000277
34470809000107
33490650000111
34628744000177
34660525000175
28536082000374
29848782000103
34754885000136
34778099000179
34782273000157
34816000000186
34818258000111
34894223000161
34902805000142
65944753000362
34940342000103
34972830000100
28402705000154
35071862000190
35109879000199
35143645000168
35145435000109
32353560000116
35315123000104
34026037000100
35396545000143
35398885000103
35405184000154
35432408000117
82858903000920
35491267000103
35569701000120
35612223000194
35624929000176
35666219000109
35682396000189
30053077000433
35759738000111
35807422000158
35814498000100
35825500000147
35884264000130
35936027000175
35994152000131
36040023000177
30816345000189
36066521000199
36106071000110
36117926000109
36164105000123
36171133000178
36199869000154
10851899000886
36249226000178
36270077000129
06023259005870
27116195000196
36347041000104
36353505000187
36365973000171
36444871000141
26603504000190
36489919000138
36492065000149
36522255000161
34555404000163
36549973000121
36571449000157
36572746000117
36698784000110
36717281000145
36722946000109
36744114000193
31847113000150
36826095000144
36835894000187
36837686000117
36879354000103
36897657000140
36906594000141
36926125000194
36945844000152
37012183000175
37023135000182
01365181000384
37064315000102
37091283000134
37163164000140
37194740000116
37207234000114
37214622000122
37235908000194
37316503000180
33392870000102
37331778000193
35567629000100
37374349000101
37429971000161
37433741000176
37439293000118
37474141000156
37493580000106
37531629000178
37533498000168
37536637000107
37538978000111
37547419000178
37549350000111
37552307000105
37553665000132
37575429000117
37578669000175
37650759000120
37708654000184
37721998000123
37728274000101
37737619000193
37777491000191
37816069000106
34343493000184
29674032000154
33796363000134
37867680000155
37871486000143
37890318000103
37913339000199
37919187000131
37963277000120
19427051000203
38037320000199
38071847000130
38120245000125
38167790000177
26471360000165
38178338000100
00331788009507
38212710000158
38219769000178
38230244000133
26959740000224
38326333000188
38345043000181
38357940000105
38358627000191
38391446000167
38434637000169
10682855002732
38474640000106
38482705000165
38491760000111
38824110000140
38947483000109
38161065000191
39145277000148
39145647000147
39157350000100
39253215000150
39267819000155
07242736000549
39324690000170
39354621000109
39379966000117
39389470000124
39413305000160
39453465000133
39490015000110
39550364000180
10852888000225
39601593000187
33535282000180
39611205000149
17151435000563
39685510000185
39744591000147
08907346000503
38383979000105
30726498000305
36827003000140
35252254000181
30383885000116
39896084000129
39933722000134
39934920000112
40053940000163
40087188000171
40134328000115
40209829000113
34285421000128
40315329000166
40407484000102
40412370000150
40431707000177
40477691000133
40492253000144
40502796000103
40503176000180
40542726000170
40569611000170
40609055000118
40495309000114
23689774000762
04949905000759
40762422000119
20391591000263
40781956000192
40814895000112
40853910000131
40868169000182
40871950000106
40890875000120
21941563000235
40932771000131
41065950000181
41068237000191
41106806000146
41115923000176
32968934000108
41145405000103
36481280000144
14968759000339
41238498000102
41285452000144
41309920000173
27910707000191
41428903000155
30854900000167
41458876000163
41485812000151
11519472000252
41576360000113
41160911000163
31270631000235
41609388000100
41614244000141
41632536000107
41684280000181
41703122000121
92792530008112
41761126000166
41778007000116
34133640000191
41828958000152
39633622000192
40794156000106
41848197000109
41584810000110
41867237000151
41904044000123
41922629000176
41926806000192
41946756000105
33186011000167
33360078000176
35997140000160
36105367000117
37891131000116
39521291000107
39775652000133
41159194000150
41511271000199
41796225000183
27938961000289
41999086000195
42007896000180
37542651000466
42029916000114
42068906000198
42072149000126
34046190000108
42153580000105
42157525000185
42171503000170
42176233000190
42182700000194
42204407000180
42262421000130
42271313000124
42294796000182
42327316000132
42370902000160
42370926000119
15474903000696
42409256000105
42448463000160
42520836000167
42551312000133
42554707000190
42555962000157
42586165000137
42589081000157
40654350000196
42622866000184
92792530008546
42654054000110
42655322000119
42658789000112
42703721000108
42717089000151
42770898000127
42800625000188
42804624000101
42827671000170
42847683000167
42859422000167
42870958000183
13807774000251
04333806000403
42894589000169
42896219000160
40908521000166
42936642000147
66379413000994
43007993000136
33332682000199
43050340000130
43054978000149
43070698000124
43074519000127
43076442000124
43119780000104
30726617000150
01432670002940
43201062000174
43295115000163
43311143000127
43323919000129
43358792000183
43381917000196
43400033000131
28484148000168
43197048000144
43429393000166
43432006000140
43433801000153
31689800000195
31637511000142
43579732000190
34499495000167
07242736000620
84155829000315
43672990000117
43719757000142
42176682000138
32746401000181
32469869000176
37240970000174
39483529000149
43294832000170
39823491000106
34544814000109
33239067000132
40889804000108
25977997000165
29476976000117
42614961000136
37436506000158
33010188000108
36646058000154
30626919000156
32695863000117
39659084000105
41484104000104
38177247000150
41333764000186
38612796000106
43302788000101
36482945000134
26039597000171
40089067000169
32182576000103
37647921000150
43731274000163
29042308000181
29338442000124
42745676000154
37031326000196
29165419000185
40462946000194
26044732000177
30680880000155
28688809000177
40012116000165
37554765000183
30506728000150
42639629000126
33391667000111
26544443000137
30408292000167
32862994000141
33488751000158
43273257000120
43504149000110
29702279000137
36952759000111
43830123000162
43850026000131
07827085000559
43855244000169
17594575000263
43905182000152
43965510000106
22256035000200
43972624000183
43983941000103
44097415000109
21059832000315
44190386000117
44190697000186
44193285000108
44193622000159
44224289000106
44236462000188
44237509000128
44304560000105
44347502000169
44432165000108
44447260000185
23689774000924
44539173000158
44575699000193
44583124000112
44667288000128
44694240000109
44702359000186
44706063000133
44755781000108
44809940000100
44879131000166
44902022000112
44986762000184
45044593000126
45071124000104
16568997000200
45113449000102
45125060000179
45125071000159
45199076000126
45203145000128
45235451000146
92792530009860
45259524000130
45277401000121
45278580000111
45286783000150
45288102000192
45307968000101
45312963000169
45331226000103
45349795000186
45437255000154
45447234000110
45453577000197
45454598000127
45474040000103
45547824000114
45548871000182
45578449000170
45655566000190
03243168000620
45705501000101
45772251000122
45775098000197
45804913000107
45804990000159
45813025000142
45823616000109
45936268000178
31190686001045
45515930000116
46057663000143
46061796000193
46064378000150
46083364000183
46091543000162
46131444000167
46180408000193
46196284000134
46234047000110
41043713000896
46245900000108
46277535000105
46278229000193
46282635000120
46285070000134
46290993000184
46346468000133
46413317000150
46462422000180
46477996000121
46515699000123
46541288000102
46571653000121
46688952000140
46740980000160
46759242000164
46762770000172
45438636000158
46794385000107
46861247000101
46873991000118
46985796000180
47001130000102
47031476000153
47085930000159
47170412000133
02482104000539
28432396000408
10377194000364
47275967000140
47334405000120
47353262000101
45340777000133
24666259000304
47423463000120
47425118000125
47428655000129
47442292000186
47449379000185
47482086000108
47506507000185
10893738000421
47575788000128
05652247002664
47614305000157
41043713001868
47657797000168
23548662001097
47670985000126
47729831000162
47751285000166
47800857000150
47824665000183
47853723000105
47864298000141
47902789000130
66773862000327
47983133000199
47985807000194
47997636000113
48013385000158
44317987000148
48076060000114
48110857000190
48211617000182
48262572000175
10682855003461
09519467000206
44016663000170
48487942000172
48587495000123
48627291000179
48627314000145
48631817000194
47836709000195
48658310000124
48671815000129
48698095000195
48748825000115
48749217000125
48760622000144
11967115000257
48776316000104
03243168000973
48993680000118
01056551000300
49013460000143
49018421000139
49023642000103
49102201000199
49118650000125
49125470000170
49159756000177
49179891000184
49197565000108
49197934000154
49283313000193
15789367000294
49325409000177
48054645000133
46276005000142
49395491000106
49454604000105
49484601000106
02423369000647
49588800000164
49590619000192
49592384000178
49631814000113
49642922000191
30694091000254
49658905000142
49669962000127
49688318000104
49724505000198
49748771000150
49749055000198
49754830000101
49790191000121
49810532000183
49820548000177
49822915000171
49847094000128
49848462000152
49861071000178
46452271000189
49887324000182
49928275000189
49944664000106
49973899000118
49993795000175
50023129000193
50062597000177
50062794000196
50070472000199
50079221000175
17044239000247
50194094000155
31286638000245
50232666000143
50240708000198
50253685000156
50349855000109
50360737000193
50390264000177
40155127000285
50422117000131
50429472000132
50447263000111
50469282000149
50478906000194
50557762000161
50561077000109
50572675000183
23490765000403
50599167000199
50632534000109
50636410000100
50639432000115
50648343000135
50668582000157
50677618000169
50693828000140
50719278000191
50729894000123
10851899002315
50753410000181
50777023000185
50784042000139
50797477000118
45635781000129
50811469000189
50842333000136
50899725000131
50903631000199
50919516000102
50947026000110
50962672000156
47025434000100
50966405000157
50967078000158
20096197000383
51047621000161
51073860000196
51126474000115
51129696000191
51135525000175
51168486000102
51194459000104
51204353000144
51207290000180
51250204000111
51258282000162
51262386000140
51275163000118
51275882000139
51293533000140
51344775000115
51353432000117
51367111000171
51385153000135
32108727000264
51429620000181
51436125000108
51455898000123
51471906000125
51475553000131
51492179000182
51500912000163
48951767000122
51565063000126
50643853000110
51574617000151
51579510000104
51590782000105
51595032000118
06023259009000
51621777000104
51644048000173
51651045000167
51653812000177
51653823000157
51658552000122
51669321000114
51734282000191
44518790000177
51754492000141
51793242000110
51801122000118
51802659000100
51804542000158
51829449000106
51855446000139
51937733000198
51953892000186
51989573000120
52033796000182
52054017000125
52065527000106
52087332000159
52089777000178
52150755000176
52152025000104
52220186000198
52238178000179
52262878000107
52268676000164
52281054000176
52325199000121
52371160000140
52373215000151
52378466000129
52418235000100
52424246000194
52430293000140
52433388000118
52438301000103
52445718000195
42066684000255
40335413000656
52505571000181
52537531000111
52583637000151
52585051000126
28568521000320
52602758000101
52607100000184
52635102000187
52641591000180
52646944000134
52665531000105
52667917000148
52680983000158
52691350000145
19963866000207
52745736000192
52769446000189
52536186000100
52801689000157
52802376000113
52846012000135
52849453000190
52878457000105
52887788000101
52900367000165
02423369000990
52924227000127
52954156000105
52954869000179
52971986000140
18365875000233
53003730000102
53006693000196
53034749000116
53085697000107
53133234000173
23490765000586
92792530010958
92792530011091
92792530011334
53220946000120
53243908000192
53263930000102
53307957000141
92792530011849
92792530012497
53348788000198
53367747000149
53390677000140
53443998000165
53451674000179
10851899002668
53521372000120
53532376000103
53533509000166
53559422000168
53586227000127
49996924000189
92792530012659
53600158000169
53610308000115
53676686000100
53699996000131
53765348000136
92792530012225
41553380000250
53870337000116
53878554000152
53996858000114
53998304000156
54028475000115
54046872000110
54115207000130
54115347000109
54132393000116
54165807000103
54176445000156
54177732000180
54196038000100
54214373000194
54245435000125
51639998000371
54279060000114
54280024000170
54336206000116
54388971000180
54390507000128
54403551000125
54421404000188
54471855000120
54475528000146
54497692000154
54514748000131
54524592000170
54543675000106
54568658000123
54578673000152
54587276000147
54587541000197
54588662000153
54599662000159
54635659000143
54673060000102
54679164000116
54691008000170
54719969000146
54735405000105
54754745000175
54815217000189
54815707000185
54816588000185
54823682000161
54835932000183
54855847000187
54905966000105
54907834000104
54918986000102
54972531000175
54972748000185
54995933000195
55027108000160
55066102000100
55066213000108
55071346000172
55075604000199
39752741000245
55095450000105
55103609000188
55106370000108
55127913000165
55135783000102
55190503000169
55197422000190
55203013000150
55260909000170
55284789000141
55310558000165
55318039000143
55324220000162
55330365000176
55373412000169
55387382000140
55399022000168
55410863000129
55414040000171
55449385000160
02644861000219
55484790000110
55493443000153
55498551000119
28881868000914
55528001000103
55529602000122
55534600000121
55546422000159
55547276000186
55554009000136
55559626000124
55591231000109
55670205000176
55688571000152
55697886000166
55706518000137
55731981000139
55770134000183
52803002000112
55800047000121
40759865000312
55856970000185
55858844000160
55861187000100
55864644000110
55921961000120
55924990000146
55931500000139
55962546000115
55964729000170
55966408000104
42668067000220
20104619000749
55976659000170
55981279000123
55995424000125
55398860000117
56095521000124
56126284000111
56141841000173
56195363000184
54062751000161
06023259009948
36126265000340
54901141000104
08907346001747
56430384000137
56524795000191
56659400000168
56705843000148
18559688000886
56899377000189
56913269000113
56923853000150
56971219000192
56998445000167
13299221000235
00391108000314
57087904000113
57138899000120
57151096000106
57164205000120
57169969000108
57189109000136
57212402000177
57231483000152
57287335000150
57290369000101
57292967000101
57309575000108
11310320000911
57359583000169
57388713000191
57407390000136
57458693000188
57479105000192
57484921000194
57486844000101
57488846000130
57513767000131
57515135000107
57531390000143
57536635000125
57541563000104
57575302000105
57577680000128
57610608000155
57614862000121
57620750000183
01191654002237
57663602000146
57675570000107
57716455000125
57727337000112
57728888000109
57745483000170
57756475000120
57776515000103
57776677000133
57805444000111
57891670000162
57935899000151
57941997000100
57944117000140
57946009000107
57951263000101
57981689000108
57996367000124
57997145000126
58004970000145
58061141000102
55442468000128
58092485000170
58131424000175
58133821000186
58175595000104
54313422000146
58231123000113
58250318000100
58261500000167
57939967000908
58282006000189
58331329000115
58348604000103
58357314000126
43878365000207
58370556000150
58374767000160
58399153000133
58409473000127
58416495000114
58432734000120
58466975000190
57863121000184
58501041000141
58514396000175
58516982000159
58519530000120
58530829000186
58550767000174
58559876000152
58585277000103
41678387000389
58606109000157
10361914000484
01536321000410
37442271000450
58657673000107
58687689000154
58752125000158
48832896000100
58788123000119
58831288000126
58880091000187
58893244000120
58899425000164
58900449000196
58939610000135
58940950000186
58949118000140
58964405000120
58977256000133
58979210000153
59011642000139
59015232000166
59053005000125
51804785000277
59071284000150
59113078000165
26898547000301
59206468000180
59214345000190
59238043000152
59263144000183
59299288000190
59325335000122
59331887000143
59339733000106
59345714000184
59353989000160
59361676000153
59404928000184
59412389000125
59415858000160
59426360000100
59453731000135
59487387000103
59494486000104
59495873000165
59504257000123
59526113000178
59543729000157
59555494000113
59567079000180
59625114000170
57195728000133
59659410000191
55517423000175
59686895000102
59690585000161
59704456000185
59738364000116
59758996000141
28036643000457
59809452000161
59900949000190
59929902000150
59934594000150
59949407000102
03387590000226
59974326000162
60000127000132
60030967000148
60042290000168
60101224000111
55106040000104
60173173000133
60178671000179
60180416000160
60218470000158
60234835000138
60236456000187
60239971000110
60253448000149
60285866000118
60290957000141
60294567000140
60297415000109
06330400001032
60314613000125
60367558000131
60418013000107
60425461000138
60426284000104
60469671000128
60491153000100
48176797000109
60512778000101
60513643000160
60514564000174
60539332000170
60540056000160
46952758000120
60583685000178
60591015000101
60604849000104
60620061000183
60669291000137
57939967001556
60677644000140
60700734000105
05438137000901
63282537000292
60730511000190
60741449000132
60751363000190
60777569000190
60781388000137
60789645000187
60832836000184
60839662000181
60867052000191
60871593000193
60894413000199
60915760000150
60935311000174
61004407000181
61007403000157
06023259010792
44053287000274
61058847000111
61095614000199
61098913000187
61106693000196
61110214000105
61153319000141
61163235000199
17310264000578
61238435000163
61247093000148
61259658000107
61316421000110
61328383000116
61353522000161
61363124000126
61387962000130
61391604000109
61393387000188
61403889000142
57118532000145
61428057000180
61505155000174
58517972000138
61595623000149
61605925000150
61677695000135
61706119000179
61711235000186
61712135000174
61727070000130
61747501000120
20513786000239
61782465000136
61789546000168
61793454000151
61804912000100
61868961000107
61872903000157
61873478000110
61919752000145
61924606000108
61939045000110
58640600000102
59777743000115
58255138000111
54793274000104
59894564000168
48405134000119
60941100000144
48442837000117
44517542000101
47854337000120
48419646000134
51685226000104
55158929000135
55766523000135
59213262000187
60549757000160
52458090000162
50290862000174
54637138000125
48347213000110
57788740000151
58278546000199
55780898000150
55172243000107
51972833000155
62001256000170
62012292000130
62026739000120
62050576000110
62073225000125
62083323000143
62117124000109
62128623000100
62175964000128
62248749000100
62260129000196
62266682000136
62297688000170
62309007000147
62312730000185
62362917000193
62367810000138
62391202000169
62392114000181
62451516000100
62494346000140
62522287000177
62570352000130
62593262000164
62617608000117
42415966001373
62662124000190
62683961000103
62695867000166
62696702000109
62699692000165
06023259011330
62746819000150
62758573000136
62775296000170
62781797000169
62825273000122
62846426000118
62862460000186
62883270000145
62883829000137
62897751000100
62922866000107
62926938000194
01365181001003
62989657000180
62994971000151
63002790000164
63054281000185
63070911000105
63081420000160
63088756000154
63092880000193
63099886000192
63100857000101
63105156000157
63136395000174
63151858000177
63152356000160
63165806000150
63180075000111
63189223000169
92792530015402
63243813000122
63277324000191
82858903001063
63283773000142
63319906000193
63338451000153
63376720000176
63378532000187
63380860000118
63402587000185
63405983000166
63414209000111
63459160000113
63517520000196
63519475000109
41987585000324
63545356000120
63555468000162
63581681000149
63602295000196
63607598000100
63614353000100
63668585000132
63679417000142
63705036000190
63711690000107
63768497000102
63770761000142
63773358000177
63817325000181
63829572000106
92792530015674
63853068000133
63857818000145
63521357000135
63895131000102
63905016000163
63918738000152
63666197000112
63959014000157
63056420000100
63988410000102
64011076000103
64021719000191
64051408000175
64105212000116
64145591000178
64156885000103
64167392000160
64189027000157
64195541000103
64205477000196
64219451000105
64226769000105
64236661000101
64247508000171
64254992000166
64306192000141
64332238000105
64386120000151
64478020000155
64498230000105
64512499000107
64527896000144
64533908000143
64539138000146
64569498000190
64593418000132
64628747000171
64648106000189
64672889000136
64678770000170
64679131000120
64690154000135
64713767000140
64739164000118
64755402000189
64778978000161
64787327000138
64792486000120
64807887000107
64832067000175
64867130000109
64872368000122
64885545000105
64905883000161
64927345000178
64944332000107
64946935000148
64961929000160
64981845000198
64479591000104
64997189000111
65008657000140
65043873000127
65074250000111
65138525000133
65160925000145
65184999000111
65215251000139
57189109000217
20081852000249
65269010000172
65275864000161
65293261000192
65310512000108
65321243000177
65369840000171
65447746000193
65504800000195
65533217000102
65608246000196
65610416000177
65612568000109
65618083000122
65622324000107
65625582000147
65637546000101
65651266000140
65720338000163
65725181000169
65757513000197
65766906000167
65800348000109
65861818000144
65882794000100
65894753000133
65909248000115
10682855004000
65943822000151
65956858000170
65994610000101
66007200000184
66009576000128
66016176000140
66018836000121
66025113000150
66035490000170
66045809000148
66046663000155
66055264000150
66056114000161
66062903000105
66076651000173
66084499000170
66085477000125
66086078000189
66110568000173
66117827000198
66121694000123
66130670000130
66158664000191
66158983000105
66175727000118
66185882000115
66187699000159
66211668000196
66225438000186
34006534000490
66306230000191
66336817000143
66362635000147
66370841000107
66390059000141
66390370000190
66404460000193
66443007000196
66458679000175
66459464000179
66464029000132
66477790000109
62152405000100
66490527000150
66497985000110
66516830000184
66517759000154
66545733000110
66582331000195
66598935000120
66599496000170
66607285000131
66658421000112
66660638000167
66663578000136
66691562000137
04977839000135
04987367000100
08081201000172
05008521000109
03367004000109
00088709000190
05043050000170
03403388000160
05070976000154
03467976000167
94349396000120
01826315000155
01831125000126
01834879000130
05159978000114
00244021000152
05201182000182
03547749000141
05210567000106
05241673000157
00284217000170
05283814000102
05288954000165
03661563000119
05346907000120
03726743000131
05406332000194
02059195000170
03753602000108
05443852000177
02128816000120
05488496000108
01280030000242
01736132000220
01537933000347
03879648000178
03885987000167
05570578000105
05581873000159
03388930000314
04016688000159
05694890000100
04342873000214
04214086000297
02346987000126
00737695000199
04086333000136
04098905000105
02406401000171
04127348000103
04148894000112
04149372000135
02442287000135
04160425000119
02451130000176
09424912000327
00848997000134
05847453000171
05859033000105
05872918000144
02532266000100
05953287000198
05959841000144
00946244000161
04327673000101
04339160000110
01026231000137
04387397000177
06062911000120
02691653000190
02704678000180
06122015000109
06122475000137
06168370000119
02757167000127
40842791000200
06190145000189
02774510000141
18344424000139
06207185000196
04540204000176
06221116000137
06229378000148
36180305000170
18953570000161
06246716000150
06727515000174
06261577000133
04598923000148
51164143000412
51710358000904
04623621000182
02879587000186
37213683000175
04652828000185
19942267000126
04656008000161
37542651000113
37573425000108
04692338000102
38065744000167
02963854000107
03010086000121
39392055000120
07003260000160
40281776000141
40371510000190
04876443000100
07056101000123
01472271000102
40626491000103
04898925000152
22433296000177
04908995000144
78331766000146
07120824000144
07125570000157
59976993000184
01569171000107
23482706000132
91958256000404
79497418000106
24499337000153
24801201000156
07296745000199
63540504000114
81879587000152
07401301000176
48286728000158
84913177000179
85052702000171
29040888000178
66252719000128
49528656000170
85494409000164
66486333000180
66587759000120
86643939000190
66898289000116
50641307000140
68709690000196
31895493000107
90258393000120
54167150000113
16347759000185
72244304000105
34854752000131
55104244000106
04407407000199
07403932000124
07495517000148
07555426000150
07603991000146
05859647000197
07620276000111
07690315000157
07760998000171
07768585000133
07773942000151
07806720000198
07864116000118
03424571000141
07905617000103
07961470000160
08021858000144
08097154000155
04137171000118
04032318000105
07873278000112
05387016000112
00740011000299
04090383000197
74520917000153
06299532000158
59700724000190
34582015000127
03422723000177
07638788000105
03924435000110
07580167000118
05759269000170
05373418000168
00079584000132
03684848000175
05407493000100
04153435000127
02590703000142
06014194000160
06045461000167
02671346000147
06162913000190
74586900000107
02985701000152
04769114000151
39934005000127
04919464000157
07138430000113
07218080000103
61842357000101
07318695000101
07368014000101
63282537000101
63430250000181
64874464000100
07542365000197
07777213000173
08027731000132
08040188000103
92792530000480
35096940000100
07208436000110
72346216000114
07404743000176
05314749000127
05621276000100
03317061000256
05696303000104
00752292000119
40371510000270
01163202000117
57456436000107
01314984000148
01342389000116
02966871000190
41367111000118
63390041000151
00538886000121
00972634000106
00025509000199
07676487000176
01896795000120
02548437000190
07930229000174
01536135000210
07046532000109
05870888000137
01519452000490
64132434000390
72409113000156
06269227000113
07015617000120
42481804000108
07783386000102
05353561000198
03830369000110
04834908000151
04117296000186
03915690000105
05061232000173
80063639000155
02071802000118
32067589000131
01966463000175
37462629000163
08147463000192
08179958000101
08266190000103
08433761000149
08718813000123
08727731000145
08739998000152
08933815000135
09013998000133
09015706000100
09075153000172
09106003000189
09115087000117
09154548000160
08624944000141
09208598000183
08830542000101
09319592000183
09349405000104
09386902000182
09395475000107
09416708000100
09418556000177
09476588000129
09522371000108
09609011000148
10207273000165
10361914000131
10375899000180
10377367000182
09044886000140
10434861000131
10224372000155
10227018000184
10235972000119
10282375000145
10531907000130
10566686000136
09394038000241
10855398000100
10921850000186
10938556000187
10964918000104
10977724000143
09281923000214
11127700000168
11220192000168
11247792000110
08075907000474
11294826000127
11323860000182
11333116000169
11386354000132
11398878000143
11431216000128
20306708000182
11583001000122
11583389000161
11878434000105
11180317000173
06023259000649
12238985000177
12270447000160
10682855000446
12303386000190
12328198000116
12379781000156
12518517000156
12610603000194
11511020000224
13069727000177
13275095000106
13300755000153
51710358002273
12552075000164
13633305000182
13772324000190
13797271000161
10747196000136
10241846000177
13986042000195
14051164000152
14000071000107
14093027000180
14221761000188
14256520000174
14305199000170
00625186000255
14316920000128
14387354000145
14404121000103
14446581000102
06023259000720
14498010000103
14514265000112
14518527000117
14556274000176
05370250000218
14685660000168
14804690000146
14836960000109
15195003000103
15245201000126
08198611000289
15392938000171
08477967000170
08886966000180
09248939000144
09490378000195
10770079000193
11252389000189
12087167000110
12090275000142
12250616000108
12412138000187
12720218000108
13644313000124
60431715001283
15464262000184
15473913000100
15571435000163
15709434000132
15738704000133
15778315000131
16518157000143
16538256000197
16617419000127
16632070000100
16701227000102
16702401000123
16715535000189
08159129000159
16799334000107
16828476000155
16826043000241
17004560000117
17056079000175
17077594000131
17094882000102
01136657000224
17104990000100
17120535000107
17152640000110
17250037000170
17416997000168
17441827000133
17491786000190
17514617000128
17539346000165
17602477000140
11587204000197
17669401000131
17674597000152
17686327000161
17720941000100
17726408000148
17849187000103
14312309000121
17954604000170
17967374000183
17986336000178
17995265000170
10912294000262
18070123000164
18126001000142
18130715000124
18157726000106
18198070000161
18225415000129
18266896000110
09249109000131
09400118000181
11497440000112
16657313000157
40281776000575
01191654001001
18537080000184
18582557000143
18615246000133
18633625000156
18685054000101
18791322000161
18821153000165
18826658000112
18841187000111
18848372000138
18900160000152
18960216000164
19026964000137
19124991000142
19208088000160
19250978000130
17417922000100
19332698000170
19349248000190
19443238000110
19510951000139
19622374000177
19647219000105
19657974000170
18719572000271
19747261000106
19760071000110
19786372000113
19790998000101
01191654001184
19806463000173
19924891000109
14801315000223
20063121000190
20133972000161
20207194000108
20514073000109
20659584000119
20701940000115
20778514000180
20787194000124
20936283000195
20946319000111
21013395000137
21047693000148
21052106000109
21059832000153
21063564000143
00302007000249
21163487000101
21170406000192
21410947000140
21411587000100
21466641000106
21470688000143
21472284000199
21484016000197
21484082000167
21504058000142
21558065000127
21569497000133
21802360000187
21852170000174
21876788000174
21932666000158
21957418000161
21869009000103
22044108000119
22100662000176
22104969000145
22127374000105
06023259001610
22260000000163
18841796000251
22387537000199
22407374000169
22475254000107
22520144000101
22533807000122
22585878000179
22591600000104
22623157000106
22729760000177
08785984000256
22836156000140
22712215000178
22647497000177
22927635000171
23072583000161
23160814000199
23171642000159
23212328000177
23256132000184
07242736000204
12655905000340
23580695000123
23643895000188
23519347000140
23747826000114
23793066000181
23822070000120
23889532000127
15007576000158
24039688000181
24091881000161
24100045000104
24258288000167
24282671000150
24301357000178
24311124000156
24312968000111
19166855000115
21146161000168
24445071000166
24556198000152
24706861000158
24734412000113
24742851000178
24758151000171
24819809000108
24821759000101
11511754000122
25199140000161
21976521000310
25220907000197
25253850000122
25281810000194
25311500000175
25340384000112
25350530000190
25354899000171
25362705000180
12336009000408
25342968000127
10769075000195
11972623000223
17412613000139
13032502000146
21985467000108
12940758000199
19894213000132
22812503000102
19363314000187
12606629000169
16895004000115
24041933000195
24969817000130
02474820000302
22770306000160
14673663000181
19254518000180
23662691000194
15008657000172
16925218000197
11521445000133
12895347000129
17589708000122
22477888000190
17086217000240
25258267000104
10873023000164
09104646000193
10327947000165
12996392000170
10377864000180
22909242000135
20481413000142
13674263000128
14232061000199
25305191000120
15135655000144
02512300000347
19147463000109
17475981000126
17626577000106
25237640000140
10945562000161
11309264000148
11598443000142
19782212000104
08895766000193
16677743000130
16877544000176
11078016000133
24399656000197
22691736000196
20363229000106
23150585000121
09036735000140
24974666000109
23065260000140
20513786000158
14248930000173
25298255000103
24898213000140
14848135000116
11983378000179
11916102000178
04021332000294
11415316000160
16530023000148
09310524000153
15059308000180
15008282000140
08758584000251
23855681000175
09134634000101
13933550000105
24578564000174
25683337000171
24754481000199
26072552000107
26073800000126
26118029000166
26129028000117
26150808000149
26246836000164
06023259002005
26319705000160
02843268000382
26585789000183
26662066000130
26745317000140
26798475000169
26910980000153
26984448000180
27034237000140
27104938000108
27132458000150
26614272000175
27208778000147
27255993000107
27275988000158
27369049000172
27376332000121
27431988000108
27513177000148
27521842000145
27525546000112
27570841000190
27614812000183
27751905000150
27756317000109
27796766000180
27823407000175
27830519000153
27854370000142
92792530006250
27908028000188
27912847000107
27953136000172
28019670000179
28032918000131
28069455000182
28072982000146
28117640000103
28118306000166
28126961000166
28296211000132
28352197000147
28369822000163
28376985000173
28419676000133
28465147000176
28471141000101
28516293000183
28279358000114
92792530006411
28682113000133
28687033000170
28710695000114
18791322000242
28734466000130
28836494000168
28915871000154
28918114000134
29012299000186
27449999000107
29067478000110
29068043000190
29189758000100
29221291000120
29225217000181
29301469000142
29338997000176
29374153000180
29376651000162
29434019000128
29438481000101
29474250000145
29497843000127
29509975000121
29593337000131
29682734000180
29734702000180
26476494000179
27775252000149
29129727000155
29809833000180
29867586000178
29906329000106
29948960000160
29950798000114
30034705000190
30034956000175
30056510000141
30077340000181
30087461000104
30116787000112
30150357000117
30159887000126
30199496000135
30202765000175
30245092000130
30266593000101
30352997000100
30424176000131
30437607000102
30473199000136
30494440000103
30538174000173
30621606000105
30691923000106
30803492000114
30804277000138
30890344000184
30958957000106
31019301000190
31035317000197
31041364000143
31058913000192
06023259003400
31084301000174
31084777000105
31157116000162
31229020000162
31031703000100
31250835000123
31264361000179
31294003000109
31054667000109
31340447000133
31363787000180
31365834000124
31374417000148
29429034000188
31475576000139
31476320000146
31531928000126
31586203000135
31614632000179
31736394000174
31738643000160
31742967000172
31748215000119
31821584000190
31839888000184
31942343000107
31983191000182
32016383000182
32047032000139
32054999000148
30791094000125
32144039000179
32190922000103
32216181000184
32230051000104
06023259004636
32309862000197
32331876000107
32334183000178
32395475000110
32421504000171
32451568000115
32473090000124
32337489000188
32568748000181
28445010000150
32594098000149
29942072000130
32659264000148
32669494000198
32697365000103
32727475000170
32737186000152
32744673000142
32784028000153
25055322000240
92792530007060
29915085000110
33060373000107
33087995000129
33123528000107
33176661000121
33362498000191
33396341000187
33404750000188
12453857000227
33462689000125
33489735000180
33500484000197
33505779000156
33549194000138
33551309000129
33588972000106
33591250000100
27348438000111
33624433000177
33692128000112
33692857000179
33693506000182
33776994000191
33791137000160
07941730000217
33867188000129
33867242000136
33878053000169
33894760000149
33924863000104
33980281000145
34010034000189
34026968000109
33808422000147
34043838000184
34078904000151
34129638000149
34178199000164
34189326000120
34204777000190
34232163000111
34237376000136
34243841000141
29655726000144
34291151000168
21271213000209
34329120000159
34339225000199
34391401000131
34408660000128
34426118000106
34527488000121
34604418000120
34620261000126
34699219000142
34738478000135
34781731000133
22451933000219
32781896000180
34846130000161
08799345000240
34950348000161
34964989000175
34981937000107
35017470000142
35022372000101
35040387000194
35088443000160
35129306000127
35198535000101
35209883000129
35310393000114
35321569000133
35341121000181
35431356000164
35437908000141
35526426000168
35546960000136
35590154000165
35602228000136
34001006000286
35774293000149
92792530007655
35795249000115
30850529000165
35802138000199
35839024000113
35840219000183
35861122000157
35866182000162
35928508000139
35942588000187
35964892000125
34871105000138
36110270000100
36121620000126
36126265000188
36134394000118
08139822000321
35425829000110
32772735000120
36184555000188
36242701000184
31031047000146
36310868000135
36320514000171
36324104000107
08143237000214
36385935000180
36401781000173
36433044000152
36456289000103
36479284000198
36550254000120
36574711000117
36576531000174
36590226000137
15069036000360
36724062000193
36732077000101
36748767000140
36762059000164
36938221000152
36939988000104
36967328000129
27994666000169
37030258000140
37092501000155
37119155000151
37125798000108
37174971000168
37199657000130
37291790000111
37300125000147
37300275000150
37382537000173
37413551000197
37444870000160
37493461000153
34849278000150
37528457000183
37652776000104
37677920000159
37682142000196
37712642000123
37760825000114
37784552000148
11049413000268
32293719000154
28894873000104
37930012000125
37947658000115
37967140000143
27029310000276
38051746000105
38072458000129
38077409000189
38084683000185
38124926000161
38170867000168
38235851000196
38242816000102
38260343000168
38299926000100
38401029000158
38481585000181
32782200000130
37604398000185
38822267000137
31202354000142
38387363000102
39145091000199
39148474000110
39152719000183
39263276000106
39313676000170
39328633000169
39331874000167
39348175000120
39350612000140
07472865000361
39364713000170
39381858000189
39392789000109
39422419000177
39475213000105
39535295000136
39557370000160
39581619000172
39619303000122
39632584000153
39711425000144
39714272000199
39760925000176
08907346000937
19420137000204
39832691000125
33932061000227
39882475000194
08907346001232
39902052000199
39917052000162
39960143000180
40026972000170
01365181000465
40076319000115
40089014000148
40103544000101
40133277000107
40136709000133
40142607000120
40149233000175
40187738000124
24690020000523
40254692000119
40255035000196
40257092000104
40285771000197
40300016000134
40300515000121
40311207000100
40363086000131
40363796000161
40343961000113
40464202000109
40495630000107
40501381000107
40512732000185
40591172000100
40604265000113
40642299000100
40649036000115
40673433000122
40724065000102
40724813000149
05822509000214
40955633000178
41042198000153
66379413000480
41055640000186
01432670002789
41125573000129
41129738000130
41180253000171
11461096000373
41224141000175
41235612000140
41284029000120
41284518000181
41314272000143
41316328000107
41321052000147
27966703000125
41455339000160
41468675000147
41514049000140
41587272000117
41597705000115
32907431000122
41724716000119
41726018000152
41727402000170
41627935000180
41808115000194
41815115000111
41852152000108
41949881000179
37598704000118
34603174000160
35237780000172
36256567000170
28164026000194
37087463000142
37592998000170
37716790000116
37938973000186
28701960000106
38251240000131
39801580000151
31409723000172
32325702000131
41994775000107
42051500000100
32441457000128
29349697000192
42112863000109
42154194000120
19810072000637
42175930000126
42191107000104
32496172000194
42238508000172
40104849000200
42258003000170
42264696000103
42296880000135
42297371000127
42301206000100
07121870000249
42335525000128
42370161000117
35354309000164
27742216000260
42470320000155
42480146000121
42544828000150
42590426000192
42601615000113
42613861000195
42616371000142
42628924000187
92792530008384
92792530008465
42643223000117
42661882000186
42670843000145
42677758000109
42684516000142
42743704000102
42746281000176
42772818000172
42799540000127
42812283000116
42818323000137
42819204000107
42864936000100
42877719000155
04333806000586
42888194000153
42903505000106
42930249000146
42933189000115
33202460000151
43037096000175
43049229000123
66379413001109
43086159000183
43101172000164
43120687000101
43122574000145
43128126000159
43135792000114
43142814000173
34699024000364
43157893000196
43252891000186
43262169000122
11984323000345
43355823000142
43386907000143
43446451000160
43467138000108
43491550000163
35374441000219
43501686000107
43523276000167
43570715000192
43580686000140
43582486000126
92792530008899
43619082000160
43626450000105
08907346001313
41598117000104
43680105000141
43690972000168
43692208000121
43711864000124
43725659000118
32013637000109
30018145000180
43768846000189
43772947000123
43773022000105
43783894000146
43800490000113
43806107000134
34967425000196
41524504000198
34543117000133
40885560000195
27452942000167
40489158000191
42932263000189
37576333000173
34997917000124
41457365000127
30924954000151
41139454000125
27768911000110
41970168000107
31868819000107
32189117000151
42289188000180
35676179000186
37170811000140
33405148000165
32778164000130
40325936000107
41533231000148
15067686000296
26062382000171
31871492000114
35708839000163
42095445000142
29222693000149
40265744000152
28036675000100
40546452000198
40896933000123
29668105000103
38358724000184
37008697000157
39956111000101
36802309000142
38440548000125
43680527000117
36811030000125
38300504000108
36613003000148
42680968000156
29977698000181
37360050000190
43455703000117
37141336000184
38351186000104
43496510000104
38448318000102
37397682000128
29520019000140
26725535000113
37843188000140
38411947000168
39755211000170
43575947000133
42032115000108
32316493000160
26919757000177
04814850000508
34020486000141
43693682000178
31347059000184
38318916000167
38102768000149
43467064000100
43836385000134
43842360000143
43893059000169
43897069000172
35884264000210
06023259005950
06023259007066
43931381000135
14830466000471
43962576000142
44005453000186
44078894000108
44107136000170
44113162000101
44143837000165
44183160000199
44184362000155
44212239000109
44230921000116
44279394000134
44340282000141
44349375000137
44374292000106
44379976000192
44392435000102
03243168000469
44423409000196
43937581000103
44531413000178
44538959000150
44547782000159
44565228000102
44574097000111
44623413000106
44626151000125
44649071000195
44692385000170
44694864000126
44703469000162
06023259008038
44735791000173
44779389000190
44812095000113
44916135000177
44965038000174
44982640000110
44987871000116
44990789000140
44992517000180
45022018000122
45034596000189
44888045000110
45052488000139
45083197000108
44049511000254
45112707000128
45120294000123
45182586000190
45209569000108
45339577000160
45404538000108
45425488000137
45452019000107
45456497000195
45469356000107
45483345000181
45532973000100
45600869000105
45613123000136
45617130000106
45655626000174
45688984000183
13765974000612
45884126000104
45901780000189
45921599000134
45935865000188
45971255000130
45984314000104
46002679000159
46004798000140
46149254000177
46165923000102
46173564000127
46209632000160
46212405000194
46214000000195
46237761000162
41043713001604
46264739000101
46297397000126
46380696000120
46381882000183
46398391000145
46443682000108
46500855000182
22733249000220
46517232000112
46531373000190
46554548000184
34616019000260
46698524000107
46732514000132
46733034000196
46740807000161
46790745000100
46791850000156
46827039000188
46847301000156
46882393000105
46942097000152
46957376000190
46959225000170
29702936000227
47051395000115
47091118000136
47126911000123
47146728000190
47162170000136
47186383000106
47220212000148
47256260000196
47314068000109
43400888000243
47417435000108
47421188000105
04603104000737
47448856000198
47453085000127
47458887000120
47506857000141
47507120000143
01191654002156
47537814000123
47563144000110
47597699000182
47627225000136
47647024000109
47715353000131
47764475000118
47778235000172
47783798000159
47795238000114
47801437000198
47802813000169
47806016000150
47817522000144
47823377000104
47863994000133
47886037000122
47886348000191
47887457000123
47909101000143
48009687000152
48059444000129
48080110000137
48096095000115
48097819000145
48098397000122
66773862001056
48138376000193
48167582000121
48267268000110
48288016000178
27269002000307
48341955000139
48345950000184
48347410000130
48354606000151
48387866000123
48399209000104
44033036000228
48435293000166
48441868000153
48513876000168
48590254000133
48591350000104
48587495000204
48688482000140
48707789000141
42415966000563
48717935000110
48718166000174
48821069000102
48821634000131
48831732000150
48858512000110
48890316000122
48903016000130
48903114000178
48931032000137
48948063000109
45796543000103
48970726000183
48981186000133
20067572000448
48995841000102
45010136000200
49044195000160
49047513000147
49073718000105
49086835000103
49091685000118
49123998000100
49176458000195
49186613000154
49205914000188
49228924000139
49364497000116
49406196000108
49465664000115
49491197000106
49499120000174
44529729000206
44049511000173
49535017000132
49549598000161
19435482000211
49567448000180
49583319000186
49596270000104
49614585000129
49664579000186
49688308000160
49716383000198
49717076000121
21736563000201
49785756000182
49786653000137
49803735000142
49812987000138
49841149000192
49853642000122
49902119000149
47306036000161
49412233000190
49950680000101
49984924000169
49998556000108
50012982000100
50055676000150
50060431000111
50085540000193
50090843000102
26434440000221
50126467000150
50151769000189
50162875000168
50176620000154
50192834000114
50242258000172
50280100000197
48718166000255
50324114000165
50336179000120
50348782000122
50539152000135
50548523000145
50555592000186
50579827000170
50588021000148
10682855003976
50659025000170
50671175000107
50677992000164
50704092000169
50705103000125
50708764000104
50754861000133
50765628000156
50776107000102
50788759000159
50849591000144
50886380000181
50894513000161
50898512000195
50922557000158
50933292000193
43492747000206
51001013000116
51006095000191
51019004000152
51019985000138
51058756000122
51121596000119
44747028000162
51179517000120
51199772000135
51217906000101
51230979000125
51238430000187
51247745000190
51280912000103
28619207000249
51319975000118
51327116000170
51331563000101
51343832000141
51347733000138
22451933000308
51360053000154
51370900000161
51412879000110
51428625000190
51430481000106
49547617000110
37328367000220
51458561000170
51463034000153
51463921000121
39997477000200
51505079000143
51537906000180
04238951001800
51572357000185
51585519000110
51599746000102
51602095000154
51614555000164
51647217000129
51648568000154
51652573000130
51689275000115
51373278000145
51714179000180
51744946000101
51780988000190
51814536000181
51818258000130
51836772000107
51851100000162
51859139000126
51859914000143
51867223000191
51869539000112
51877216000170
51893896000116
51908882000129
51915902000199
51943698000110
51985394000115
49268426000110
52072067000135
52086811000150
52103613000158
52104170000110
03720978000205
52145713000147
52153625000197
52156245000106
41043713002163
52246848000107
52272617000160
52288218000197
52318035000177
52324336000103
52335184000144
52374334000129
52375207000144
52381876000129
15474903000858
52447301000161
52463561000120
52475846000181
52486043000122
52486953000105
52496919000111
52516637000139
52523097000110
52539322000107
52594097000101
52604975000122
52608968000107
52620990000164
52679456000123
52702985000109
47364188000110
52728506000115
52732135000145
52751451000164
52767420000100
52772176000165
52784400000139
52797582000182
52800996000113
52809442000187
48974574000197
52862436000193
52936489000101
52991798000184
24028556000235
53028963000160
53029230000140
53059625000195
53061549000152
43307953000290
53068332000174
53084106000187
53090242000180
53112218000102
53125614000166
53146260000136
53174529000198
53186495000151
53202125000160
53217636000156
47263971000279
53271985000156
53304647000173
92792530012063
92792530012306
53329243000134
09247597001110
53385320000173
53428422000129
53437325000100
53500318000106
53532561000106
53561640000137
53601867000169
53627103000142
53651208000137
53660085000109
53663797000173
53696078000159
53699300000177
53703925000165
53736961000125
53737114000185
18033179000300
18033179000491
53838832000148
53841832000105
53845438000137
53848141000125
53894766000123
53902114000193
53913482000137
53963813000143
54039703000152
54050397000155
54054170000188
54079663000172
54100251000177
51639998000290
54125630000111
31675086000267
54184259000169
54208625000172
54233883000109
54245080000174
54250983000143
54263856000189
54286746000132
54339412000180
54348358000139
54368076000101
54368415000141
53741908000112
54485542000120
54493595000193
54501690000191
54551352000164
54555725000175
54571638000101
38015591000305
54599167000140
43508613000490
54625992000171
54640837000124
54741888000142
54756528000114
54792132000122
54803534000185
54824835000195
54825664000119
54833154000193
54838270000103
54840003000162
54878725000106
54928905000155
54929731000145
54935850000100
54951841000103
53390119000184
55029325000199
55052706000199
55063133000107
55131276000109
55154401000198
55163338000156
55193614000129
55197228000105
55208039000190
55227875000112
55238523000162
55264719000121
10852888000306
55335980000175
53375609000101
55396884000137
55418059000196
55500157000178
55530499000130
55536658000104
55564928000190
55579394000176
55615808000175
55645680000192
55647931000178
55679991000172
55710122000163
55728342000114
55739008000166
55740939000184
55794403000141
55827028000199
12146410000396
55883038000141
55892645000178
55906435000191
55919677000110
55931055000107
55955767000166
29905551000348
55979667000170
56011732000131
56015663000134
56049677000179
56053012000139
56059556000108
56062898000187
56080176000155
56109391000131
56140121000193
56391769000132
56394098000163
56425916000148
24854940000459
56480543000108
56503859000178
56634513000109
56658688000156
56684974000196
56878172000117
56881099000132
56931774000190
56941068000120
56952980000187
51074459000170
56964074000100
57015163000165
53317704000159
57060131000181
57100486000157
57102018000111
57113548000165
57184231000110
57184380000189
57185669000112
28514262000517
57192516000100
57215620000165
57221710000169
57259316000110
28346800000269
57311330000115
57320671000157
45184727000104
57353918000131
57406930000167
57413955000198
57414514000100
57417158000189
57427968000116
57451737000148
56907577000136
46159876000267
57469792000165
57477868000102
57510632000112
57510983000123
57514638000168
57518404000199
57541221000194
57048687000152
50723007000100
57592813000135
48737500000137
57637999000100
57653151000166
57654744000147
57659305000127
57668785000192
57702452000132
32677058000241
56879528000137
57799069000144
57834398000189
57843739000182
57892041000157
57962118000118
57982012000186
57993007000179
58012902000128
58019840000186
58021933000145
58022147000162
58064498000136
58071765000100
58073237000182
58085434000111
58089406000172
58146510000151
56992371000232
58155966000188
58174645000120
58174816000111
58184286000192
58196872000157
58213722000104
58223984000150
55876042000182
58243438000180
58263570000154
57939967001041
55676369000100
58351862000149
58356126000183
58377533000177
58458389000101
58471677000198
58472407000100
58512158000120
58518462000185
58238321000109
07970287000202
58547518000120
58575342000110
58660954000100
58661506000121
58689323000114
50258313000112
58714339000130
58737894000187
58799063000130
58858280000153
58904048000104
58906228000125
58930575000193
58947869000128
58987675000156
58998789000100
59001681000155
59003936000119
59004420000199
48564823000176
59038258000120
59097792000107
59125406000143
59148356000110
59153285000143
59161102000131
59162302000109
59183318000106
59210077000139
59219466000125
59243023000170
59275083000174
59297173000166
59338263000158
59354802000142
59361833000120
59384865000141
59387252000168
59398546000195
59425773000162
59432028000140
59433079000197
59456520000156
59479439000191
59506827000114
59537749000115
58789537000162
59595063000180
59625266000172
59643863000120
59675317000170
59694143000193
59700297000140
59702590000147
62382395000353
59709757000100
59267243000214
59748261000137
59770563000101
59776924000127
59788525000186
59792089000119
59795488000133
59798071000124
59872785000135
59876666000150
59898477000189
59901469000144
59927990000150
59963152000132
60048160000132
60064751000101
60065549000196
60068219000154
60092464000105
60105722000132
06023259010440
60131121000102
56304053000150
60182957000128
60183733000130
60199042000125
60218960000154
06330400001113
60317361000198
60322340000160
60346856000145
60365460000145
60417071000116
60419257000104
60424357000129
60428114000169
60431002000167
60433196000130
60438054000165
60443018000190
60488520000117
60498645000128
29535183000202
60581464000160
60588685000160
60614213000135
45958407000164
60656943000107
60660601000152
57266758000193
53919005000260
60768677000104
60776376000114
60779701000100
60831858000120
60858430000170
60874545000159
60898679000100
60902286000122
60907548000141
60918347000140
60925448000148
60939442000120
60946933000106
60984107000143
60995695000110
60999859000188
61009719000188
61047166000158
43089248000264
61064278000117
61076785000170
61095186000102
61108214000170
61134910000151
61145097000115
61159592000183
61169440000161
61175151000175
61186735000146
61190774000117
61210427000109
61221815000195
45821621000174
61238189000140
61251007000170
61261451000177
61268137000116
61332236000110
61352552000153
61366112000155
61374750000118
61381699000171
61385901000133
61410001000107
61419948000170
10957159000233
61465911000189
52574523000145
61497266000186
61501463000121
61526056000179
61579003000116
53901520000131
61596681000197
61608927000101
61624026000103
61634217000148
61652261000180
61681026000137
61714136000158
61719032000136
61719841000148
61776060000195
61776081000100
61798643000117
61820030000139
61824431000167
61844649000183
61857907000166
61866168000179
60256698000132
61883624000199
61884089000190
61886300000104
61908332000163
61933900000186
60449614000187
44838135000104
61678130000172
60444319000138
60779671000124
45867879000101
55747955000107
50437860000165
59065401000172
59932610000176
44956397000165
45267769000109
46062043000100
48497704000229
51624614000185
53957340000171
54443997000183
60111078000105
60620652000150
53249706000158
57377365000157
57800036000177
54413577000154
51420012000106
52269744000100
50150868000146
61776545000189
61956476000195
61978843000151
61986171000126
62005265000130
08411636002181
62041974000170
62068914000141
62126864000101
62135543000173
62147480000175
62170021000102
62170178000138
62171493000180
62185341000136
62218687000193
62250122000193
62251981000105
62302738000160
62305803000101
62337033000189
62366055000177
92792530015160
62459178000152
62470242000104
62484297000165
62534960000199
62535399000162
62537587000120
62542264000124
62548882000181
62558752000120
62593037000128
62600244000162
62621036000140
62639452000175
62662529000128
62436066000267
62698258000160
62742868000114
28543612000220
62779305000109
62789440000127
62807209000119
62839440000194
62848140000171
21198174000504
62881754000155
62886129000104
62897843000190
62930637000134
62945725000100
62978347000160
63078736000100
55751997000294
63136431000108
63142771000133
63165126000136
63190044000141
63214913000120
63243996000186
63266077000128
63278361000114
63281512000193
63296522000100
63313869000106
63320341000164
63380618000144
63395394000144
63410259000120
63433709000109
63526063000104
63528722000133
63529725000191
63545246000169
63573248000161
63591447000100
63607887000109
63637957000163
63658316000195
63660106000131
63697105000161
29535183000393
63725716000176
63779667000154
63782869000155
48394573000254
63787817000171
63809394000143
63830452000110
92792530016131
62556482000118
63869827000156
63905104000165
63916772000198
63919550000129
63942252000150
63962064000193
63963653000196
64009443000126
64025184000127
64027971000108
64041861000109
04384071000609
12452585000321
64175841000112
64179284000108
64210791000167
64379102000142
64380334000110
64407090000112
64426536000156
64431837000178
64454882000148
64456500000115
64526795000159
64572716000146
64581091000189
64595844000105
64602499000190
64632976000160
64635194000184
64656306000183
64659958000171
64701004000180
64742957000196
64756537000169
64780284000169
64889480000176
64896494000117
64953702000172
64955138000127
64974075000156
38730361000247
65031331000134
65032167000180
65039311000100
65055565000111
65089517000144
65108521000102
65117042000152
65134433000185
65199896000125
65205121000115
65270899000108
65278407000120
65280951000107
65284046000125
27653674000222
65298633000173
65346747000141
65372838000151
65374243000135
65389417000133
65398762000133
65401300000128
65438054000189
65443609000180
65445941000184
65451917000158
65503582000174
65513967000112
65530089000143
65534119000190
65535503000107
65551981000100
65574431000107
65582499000138
65573378000120
65593406000170
65633688000192
65640392000107
65684529000117
65715058000167
65420957000132
65759911000142
65770001000160
65779297000180
65787405000167
65787908000132
65798501000100
65832648000170
65847716000174
65851741000121
65858132000102
65861290000103
65883917000127
65663269000101
65899909000179
65905436000175
65918497000177
15319206000318
65951339000119
65960960000149
65973106000117
65995696000189
66035609000104
66041737000160
66070692000152
66079066000127
66081066000161
66086324000100
66091561000151
66132310000178
66134509000135
66134573000116
66152575000138
66175773000117
66181032000149
66203417000160
66208436000189
66211227000194
66249438000116
66261530000100
66267174000123
66275037000130
66304293000109
66310791000164
66355284000147
66378856000103
66389043000119
66401998000144
66361497000181
66417723000107
34006534000813
66466578000146
66472601000105
66512008000145
66527753000168
66560201000151
66577208000186
66595391000142
66613129000183
66614095000141
63603903000187
66631880000102
66633537000105
66642839000131
66653393000140
66659685000190
00018460000147
00062351000127
03347694000126
03375249000170
05028198000135
03384231000134
05035988000148
00110183000106
01746219000105
03411318000153
05073678000118
05082970000105
01802394000164
00191172000190
01828480000146
94423266000190
03490436000102
05159829000155
00228671000104
05214591000113
03553667000100
03564856000188
95198495000111
03589901000159
00319501000135
03620651000172
05300345000184
05323901000138
01979997000136
05353176000140
05353381000106
00411444000110
02043767000123
07520010000105
05416294000150
02079934000196
05457982000169
00487571000283
05475957000108
02114152000140
05487841000199
01365420000304
03874352000164
00566545000160
02221672000152
03913284000103
05591842000189
02904115000306
03965770000167
05638976000108
02281029000114
03553667000290
02312097000101
04159088000140
09602434000217
04195238000170
05868200000184
02504122000140
04998893000167
02512300000185
04251563000103
02541038000105
00929903000151
02561721000104
00935428000126
04282035000111
02566043000164
04285602000193
04333806000152
04365818000169
02638432000158
01030334000170
06074626000129
33060302004959
02727672000129
02731780000175
04471190000186
06203737000198
01168676000151
06697204000100
06238495000178
74033473000121
01211149000182
56465966000159
06295243000180
04624592000173
04632272000165
06339686000126
06340090000146
01282672000108
02908688000138
57449993000109
01306573000100
02934253000168
76264076000196
06911266000172
38789038000168
04748911000152
01365420000134
02990304000179
06941438000150
58329913000136
39318498000170
06971318000104
03034313000159
21637038000140
21803499000145
04867140000112
40519472000170
01472766000131
03127971000195
04922184000106
59886242000177
01536321000178
07150226000118
60308376000190
60396058000128
01569403000119
61134011000159
07255944000159
43590355000190
62002050000165
25000738000180
07323202000113
07381611000176
81470734000136
63884720000187
82416132000163
82478140000134
82858903000172
47397203000127
09442708000177
65326597000104
66013749000181
86574647000142
29807583000149
07590049000190
67279307000144
67304147000146
50742915000140
67546192000107
51164143000170
68095702000130
13301098000169
68372101000127
88975438000136
68731975000123
32148967000101
33071549000126
33498171000141
71434237000129
33601147000196
16044331000163
54112354000157
34035220000172
71882914000171
02684044000103
17166059000157
07479068000144
07503828000101
07516554000195
02716326000145
07567950000141
07596542000118
07616390000178
07624442000158
06006482000173
03626871000103
07764770000150
35397546000102
07783827000168
02308248000140
07917433000155
03312570000296
03544373000111
06039701000110
03004540000131
02589638000135
04266641000143
04688726000110
04946357000118
00454683000157
03889336000145
62708375000168
07789819000129
00529533000165
03128001000104
03972535000112
06304884000154
01022320000105
06867692000156
07525726000197
05387144000166
03746143000135
05491125000185
03922258000133
00660727000103
00939476000192
04329674000195
06317581000176
01266457000105
06353219000150
57780470000132
04727992000104
04746094000101
07032969000193
04938459000191
23742778000171
63222921000119
83307223000123
65735797000110
07502819000104
07916549000170
81181380000290
69413334000193
00677780000109
00406818000109
03891609000196
00626861000180
00815242000133
02615129000130
04639451000124
64660608000125
13209895000110
02843268000110
93760775000146
64631716000170
00147724000162
00243554000110
05379415000131
02080665000188
03908112000133
03916998000167
05620447000187
37446358000152
04804499000140
03076309000153
07039603000146
07121870000168
91958256000242
07400959000163
65845125000168
63542484000110
24801201000407
07787566000154
07539171000132
02340583000125
03151499000126
05142169000108
01888803000197
90917964000191
06313109000165
61893905000122
07240217000118
00067475000103
07947705000160
01043791000108
07568184000130
05002538000159
07816410000154
04069090000128
18516153000151
04751075000165
22521629000110
07582735000110
04112864000156
05082341000177
03481418000156
02855665000102
08035976000101
05038634000157
70182845000201
08154520000160
08160117000144
08173145000104
08205712000159
08219132000110
08229012000102
08346147000140
08363189000199
08378970000137
08382729000181
08388504000132
08409214000128
08411636000138
08632625000188
08658564000128
08673827000178
08718594000182
07483422000295
08788000000100
08738168000100
08918143000199
08965123000179
08967420000153
08980607000197
08998357000112
09018290000175
09120181000164
09186615000129
09237308000120
20239073000148
09398006000133
09399836000185
09416262000106
02512300000266
09426252000151
02512300000428
09451300000161
09498002000127
09615044000109
09635812000188
09636976000120
10298376000188
10346497000158
10411485000160
20267288000172
10193105000168
10223579000105
10229645000154
10281928000145
10450928000121
10615236000196
03922258000214
10702644000185
10714181000171
10722845000144
10440040000299
20284509000110
10814656000100
10714338000169
10893333000140
10898059000100
10912294000181
10919764000139
04766877000491
11101183000158
11134025000102
11182290000158
92792530003153
11452274000138
11457715000194
11469388000190
11471787000196
11472154000100
11517172000153
01191654000455
11643306000182
11575477000200
11763746000173
11831244000132
11867211000142
11914704000196
12088539000123
12392349000103
12395142000184
12514715000141
12655741000190
12655905000189
12754994000110
12755916000130
12817983000132
12940611000107
13108787000151
13152612000141
20368834000161
13416566000140
13466857000143
13477934000160
13489642000148
13533610000100
13544149000183
13604943000175
13621639000136
13630797000152
13714634000158
09235819000102
13850216000198
13993088000131
14008183000104
14070187000104
14315407000112
14364799000100
14365495000167
92792530004559
14507839000125
14522799000190
14631211000137
11290265000198
14782305000107
14811638000117
14906533000141
14963596000130
15027257000104
15038027000140
15068151000159
15072183000128
06023259001025
14929864000105
15318299000102
08513463000169
08529988000192
08692553000164
08863966000164
09605850000198
10347377000175
10943513000190
11713699000153
20449725000179
12652745000114
12875397000144
12985766000151
12989743000115
13592641000124
14247550000114
15013892000132
15439645000100
00331788004700
10591076000435
04766877000734
15489302000142
15564565000179
15674699000142
15760257000119
08378970000218
16371322000187
16443812000141
16528179000194
16756150000160
08837210000140
12419910000192
14070112000123
11580486000109
09341616000109
16972040000135
17097302000122
17107963000191
17145209000146
17248896000125
17279000000175
17321494000109
06023259001106
17439003000129
17511638000190
01432670001200
17584410000120
17669130000114
17672299000123
17696660000151
17762081000160
17763018000148
17809349000171
17814089000122
17823567000160
17917651000143
18105279000133
18107684000190
05865124000315
05457982000320
18168100000197
18235859000145
18249463000157
09228091000191
10401166000173
10801805000198
11463776000164
12714491000111
13508807000181
14327697000114
14800372000107
15219319000180
15689752000189
16649559000187
16904637000142
16918917000100
17325981000140
17151435000210
24801201000903
18255108000190
18365875000152
20508218000169
18389194000124
18417374000172
18541362000155
18750375000134
18790551000161
18820897000165
18888745000102
15474903000181
18946395000185
92792530004478
11728884000111
19235667000100
19264286000140
19294243000108
09244935000198
19417350000186
19451620000175
19533663000108
19609193000100
19704909000159
19852529000161
01432670001545
18822575000155
20021339000181
20096976000117
20106444000113
20174162000153
11753752000220
01432670001626
20498787000170
20626756000158
20908486000178
20915721000139
20949805000193
20980168000118
21050124000151
21148389000197
21169862000112
21172026000197
07156004000293
21210701000125
21236816000199
19074620000284
21316357000153
21484200000137
21527377000173
21669948000104
21675521000119
10556455000494
21783060000106
21916702000190
21941563000154
21955847000108
22001060000161
10591076000605
22155541000121
22184115000116
22210643000100
22300512000106
22307849000145
01191654001265
66704701000977
22506847000185
22541955000199
22606405000100
22730419000131
22730478000100
22794927000183
21437194000167
22845088000185
22884178000185
22986382000107
23000305000107
23011829000195
23024072000174
23081802000179
23099789000185
23189355000176
20599594000297
22827653000262
23379984000169
23410081000101
23422570000175
17967374000345
23476441000160
23480405000170
23493590000137
23520735000141
23538750000117
23588362000140
23627819000189
23661439000160
16598782000142
23997632000177
24008841000103
24118053000170
24140422000120
24180517000178
24186723000195
24188976000106
24201326000145
24266412000136
21245502000152
24295836000129
24321997000140
24350492000103
24509922000197
24617048000101
24688518000128
24733408000130
24735304000165
24744390000172
24765647000172
24848659000160
24995610000130
25007556000130
25043832000116
25071863000180
25097057000181
25138674000188
02800122000279
25212701000115
25282586000155
25360904000159
06023259001963
14646879000158
10327947000246
19692710000158
13301553000126
10356799000107
23249891000110
11142599000114
17226527000131
18715140000101
22264876000188
24931613000100
13957417000199
22318918000116
25168590000197
00331788008101
15600666000158
22756310000173
19810243000113
24349964000108
13863636000109
22565072000119
20370910000173
22226460000175
18559688000100
18741329000179
15594032000130
23938511000154
23336356000104
23633903000105
08936066000108
06340928000363
19188783000107
16702357000151
25184320000170
16454809000123
23619318000150
13789626000170
18372945000108
66704701000543
19385315000122
91958256001052
24436181000161
16784234000107
10654943000191
10287278000226
15916435000158
19074620000101
23829037000122
24914312000179
25116284000107
15706049000131
18648084000130
08075907000393
22824772000180
17666643000171
10343758000186
25175871000177
12344019000134
17954022000193
17167246000155
17024769000142
14557263000100
18931552000189
15092599000108
15460648000118
25105124000162
11042369000183
22183441000109
09507840000110
22057240000165
24814195000171
14796090000183
18021408000105
11024788000192
11360841000126
17415173000173
19792714000108
20956230000136
14403980000188
19125407000173
25987148000192
25989163000170
26083555000138
26211388000163
26269587000122
26320574000130
26402656000124
26407744000119
26419946000180
26424982000132
26449555000109
26556438000144
26569968000127
26571875000137
26589896000180
26602073000147
26342270000174
26629252000178
26643388000132
26644087000123
26656408000100
09254808000250
22266315000207
26751460000145
26814309000109
26873660000170
26909343000167
26918281000150
26947534000113
26966780000112
27058303000111
27121245000123
27135451000192
13933550000296
27257010000163
24554067000217
27313025000100
27366667000169
27408440000139
27460051000152
27475939000169
27554827000101
27661957000135
27669882000139
27690112000178
27702553000142
27631283000126
28030756000100
28036220000194
28037552000193
28052490000199
06023259002340
28180906000154
28216928000127
28230069000120
28238141000166
28298576000104
28313789000150
28432396000165
28471121000130
28505463000124
06023259002501
28761004000101
28770096000196
28809350000112
28848277000198
28889309000101
28978095000131
29045278000167
29088724000110
29128486000120
29142842000160
29178366000137
29234501000114
29243130000137
29326083000195
29349337000190
29386835000103
29400953000129
29445172000150
29555611000188
29641549000147
29652277000180
29675294000133
29681849000150
29713655000199
29758838000120
26135620000121
29862177000189
29874451000130
29878000000170
29879199000151
29890439000119
29895719000110
30094255000121
30124652000107
30153341000168
30186360000190
30187564000146
30213998000173
29312366000188
30217688000127
30284735000155
30439445000133
30535545000163
30592114000139
30592291000115
30812117000130
30827791000199
06881729000281
05631557000810
30919300000130
30951711000102
30976726000125
30988822000193
31016916000163
14392524000260
31029868000148
31040457000153
31053421000104
31055722000177
31069151000120
31098101000170
31106960000164
31190504000145
31229213000113
31272650000110
31305979000130
31316530000177
31399714000148
31452615000182
31494780000105
31531199000108
06023259003907
31622439000180
31634014000190
31634214000143
31684757000175
31721738000171
31722683000114
31741180000196
31750207000107
31797511000100
31822657000168
31849358000117
31892851000110
31893186000189
09247597000490
31959325000120
32001219000100
32032642000169
32127667000146
32149499000190
32169726000149
32186295000129
32271687000196
32292087000104
32328132000133
32345896000137
92792530006500
32395355000113
29880427000294
32450537000140
32529887000104
32536656000110
32654464000108
32667987000199
32705673000133
32740008000180
32785104000145
32801503000152
32825393000169
32845507000132
32921889000136
32938054000199
33011921000109
33032692000109
33034965000154
32890540000184
33050185000106
33060624000153
33064366000183
33137476000128
33196594000107
33295351000126
33301215000100
26783827000102
33314231000129
33314791000183
33324355000195
33366891000153
33374381000128
33410724000162
33434482000147
33448607000198
33529988000130
33584542000108
33584668000182
33589057000127
33669985000100
33703534000133
33722409000170
31525407000166
33736807000146
33742700000100
33744769000173
33788040000107
33839295000143
33850276000118
33863029000156
10361914000212
30012254000190
34086528000147
34101721000100
34181720000112
34191121000180
34227911000178
33679800000210
34265783000157
34269598000130
34273053000106
34273735000100
21271213000390
34317989000183
34333528000102
34352628000178
34429919000117
34497741000141
31477950000135
34533041000165
34553896000158
34559915000153
34602875000185
34685960000154
34709404000170
34727184000108
34754561000106
34032402000190
34783587000174
34832612000162
09247597000571
34865168000181
34865988000173
34923278000152
34942512000199
34955150000170
34980230000186
35034427000195
35035530000150
35088984000199
59193805000737
35275208000106
13361110000201
35280926000162
35301301000130
35481254000153
33273394000100
35498441000140
35564199000165
35571764000111
35611845000106
35659856000158
35661932000160
35737619000168
35741472000180
35780860000170
35821011000117
35825005000138
35829629000123
35844163000135
35858453000138
35862238000100
35870537000197
35871785000152
35914552000190
36007026000109
36016933000114
36078196000184
36085905000159
36133776000127
36161208000130
36228334000164
12350339000440
36279763000160
36319405000134
36342757000100
36348297000128
36394387000155
22440672000231
36508308000190
36645917000190
36685255000182
36722142000100
29485525000146
36744200000104
36801428000180
36816097000152
36888355000106
36921321000176
36953328000170
36955465000143
29697168000180
36980602000108
37003594000102
37043991000108
37056065000169
37068092000151
37069880000162
37127641000111
37136830000150
37154741000137
26685239000136
37159885000186
37212899000116
36789707000176
37222595000130
37237103000180
37270852000109
37305039000127
37306242000118
37309633000196
37267949000162
37315024000140
37327849000184
37368469000198
37384998000185
37404518000109
37409602000107
37436616000110
12512199000205
37497801000114
37597171000150
37598444000180
37605977000142
37637186000102
37654505000180
37714212000140
37729096000133
37730312000160
37759261000108
37769047000124
37805705000196
37835924000118
37840888000180
37899500000117
13458525000389
37878182000108
38032883000194
38055846000100
38109090000126
36268317000150
29198723000129
38156680000100
32127710000173
32235833000128
38198427000119
36434759000120
38206588000107
38212666000186
38313908000128
38328957000134
38331220000170
38345495000163
38421332000112
38492683000114
07202941000238
38660611000139
38733185000116
38824220000102
38828371000139
39034040000190
05793888000423
39267143000108
39268191000102
36441185000117
39379354000124
39456300000115
32842426000260
39548163000149
39556488000173
39576572000159
39586773000137
39628669000168
34718151000100
39695834000102
39739480000142
39752901000175
39761719000180
51710358003598
39800801000177
39811620000146
10851899001009
37962512000149
39852943000188
30208746000156
39908473000127
39916637000168
39932136000175
28068174000296
39993687000149
40029658000140
40044905000188
40045989000174
40058343000121
40107574000188
02423369000302
40206342000187
40212117000153
40236059000106
35061540000160
40334157000178
40339950000160
40373309000141
40416012000116
40425249000163
40431465000111
27270515000168
38403724000159
17151435001101
40666801000105
40682331000173
40737459000197
40759659000140
39861909000170
10682855003038
40913492000120
14968759000258
35381312000177
40266185000103
41089000000197
41105340000164
41105940000122
41180717000140
41215767000115
32034154000271
41250446000151
41263284000196
41323101000180
17719905000380
41371460000103
40171095000120
13311631000254
41483287000135
41519973000119
41542566000122
41613309000134
41643350000153
41653986000186
41676506000100
41685125000180
41743012000193
41749674000170
41779724000162
40540764000194
41882082000122
41883962000113
41944608000151
33286041000145
38443787000139
33717005000199
34546247000120
27942647000199
36737748000119
37015459000179
37216931000131
40048041000172
40417863000183
41015477000128
41220352000130
32469554000129
32725987000106
41959483000133
41989839000181
33669985000282
42089005000182
92792530008201
42105232000154
42105695000116
42114915000178
42134209000198
42142818000199
42146442000190
29181994000171
42170430000100
42171079000163
42172101000190
42178482000114
42179106000144
42203986000147
42205001000112
42214531000127
09552132000281
42300494000170
42305056000102
42306412000102
39258692000108
25135985000436
42477512000193
42497105000148
42579238000163
42668067000149
28536082000455
42692562000193
42702352000139
42770381000138
42837170000175
42858822000158
42859141000104
36447750000153
04333806000667
42891081000107
42907017000177
42908670000150
42945258000100
10335095000239
43033561000108
43035214000106
30001785000188
43059463000131
43059686000107
43059806000168
43106668000120
43126313000101
43163208000134
43188893000153
43199276000153
43215149000109
43238123000178
43264443000100
37318913000160
43298415000104
43299002000136
43336203000166
43349670000120
43350086000195
43357864000178
26049751000196
43414546000100
43442410000103
43452178000186
43492466000164
43505694000121
43523491000168
43535520000101
05905525000351
43664446000123
43716437000139
43787312000108
43797263000186
40052237000130
30071123000184
43456614000195
36441181000139
42878404000122
40789206000167
32617140000108
41130513000102
41272032000123
37738768000177
40920204000165
41598998000155
31445696000193
35802492000113
40090456000104
40146339000115
35505446000152
37457979000131
35601701000160
40889892000148
37641997000179
33814265000182
36146913000168
33936872000115
40851467000160
40399213000152
39752741000164
02993016000259
34114158000104
10682855002147
43723906000147
41503697000109
43531986000139
36067868000156
41642979000189
32385025000147
32559029000102
32881239000104
36669492000150
42239017000146
38253572000155
06023259004474
37494973000134
40716337000114
34859920000181
38309732000130
42308053000114
33735949000199
33378081000117
26909111000109
27456940000146
37502439000122
30062935000163
30633996000133
25881856000144
30141989000114
35156409000186
36387113000139
39903544000107
39267440000145
33679877000100
33872213000162
33433415000108
42245697000100
43851635000105
43878365000126
43897189000170
06023259007147
43931549000102
43977193000148
44018070000142
09247597000814
44070139000187
44073548000137
44160258000120
44171110000191
44205401000153
44208200000100
44211069000130
44215400000190
44240164000161
44256363000168
44279303000160
44308263000138
44371172000147
44380023000144
44391105000194
44394452000170
03243168000205
44501545000157
44317334000169
44544848000157
44551347000106
44592139000147
92792530009356
44666971000140
44667128000189
44673355000117
44688188000188
44691826000110
44721895000129
44770842000106
44822019000199
07706517000220
44847342000117
44888398000110
44894027000140
44899281000131
44958613000101
44962914000109
44970204000120
44974221000136
45032537000171
45046313000119
45051036000132
45070264000150
45132211000116
45132803000138
04636972000209
45149571000120
04238951001398
45216099000100
45217066000176
42668235000287
45224463000175
08411636001371
28738688000392
45340381000196
45342558000193
45369465000152
11310320000598
45492411000180
45523817000182
45527791000140
45621478000177
45751503000137
45780240000194
45808403000108
45810370000122
45811063000166
45838925000144
45868318000127
43347668000546
45924662000196
45939005000112
45947054000105
45949990000147
45996242000115
46021552000187
46038674000186
46043876000116
42984261000214
46057781000151
00331788010696
46133441000162
46138698000107
46139221000146
46156280000122
46176326000175
41043713001000
46258360000199
46298029000100
46345347000177
46390841000153
46407043000197
46411297000189
46416786000123
46503336000178
46509960000182
46521721000148
46542053000135
46542758000152
46604162000130
46682205000103
46719268000189
46736952000179
46744799000121
46808935000108
46839078000103
46846607000198
46853559000165
46924779000132
46925907000162
46985854000175
46986072000150
47009917000110
47017625000120
47097059000103
47143074000140
47164523000137
47213687000107
47218099000166
47232859000190
47238851000130
47266711000176
47323596000124
44694520000117
47334262000156
47380996000171
47389394000185
47406961000164
47424133000159
47567563000120
47583204000166
47604480000163
47605775000154
47645344000111
47743798000125
47763543000124
47810954000123
47820131000189
47913567000112
47918757000122
47960582000111
26074317000590
47978584000138
48047018000175
48078552000149
48084819000100
48119400000147
48188708000144
48247939000181
48285067000146
48298241000195
48097795000124
06023259006760
48413965000132
48436008000121
48484868000130
48533219000182
48543156000145
48547957000189
48552317000167
48557389000105
48559767000181
48578914000160
48670965000118
00291784001630
10851899001505
48704767000128
48722550000140
48746070000110
48748921000163
48752306000120
48821567000155
48826571000106
11206099000794
48835471000146
06023259008542
48848961000187
48865755000185
48867112000170
37031326000277
48650692000140
48889314000113
48925657000196
49006195000176
49059257000108
49123925000119
49150415000130
49201546000108
49227038000190
49261525000170
49286373000160
49286857000109
45533188000171
10851899001696
49326285000144
49332071000180
49334607000105
49348631000195
47708087000110
49399797000130
49417054000146
49421080000148
49433588000166
49460746000177
49475207000101
49516825000152
49558070000159
22733249000300
49691131000151
49691749000111
49757512000196
49768762000121
49784624000136
49812821000111
49818931000190
49831904000158
49863575000127
49869658000123
49870803000196
49880295000127
49891629000168
49940929000190
49966820000121
49978551000113
50016129000166
50044378000165
50115038000188
50134156000133
50139148000180
50149405000164
50160823000152
50187548000160
50210881000143
50226106000186
50242686000103
50250616000199
50264606000102
50269102000185
50278782000101
39581619000253
50314977000151
50319061000194
50329478000138
50353587000190
50381616000128
50394104000104
50401485000101
50406508000162
50436940000104
50436996000150
50457192000138
50467025000178
50522607000100
47310556000148
50549968000140
50563241000117
50596066000164
50617826000172
50633792000100
50763852000109
50804071000115
50824302000152
50828289000100
50829010000102
50861635000151
50889293000188
50909482000175
50932814000132
50936687000140
50939736000106
50989754000194
50992010000129
51014915000197
51049137000171
51069316000170
51103694000123
51105524000188
51121650000126
51127326000115
51133844000141
14051164000403
08223462000260
51182164000118
51183781000138
51191392000154
51203436000119
51205033000109
08411636001703
51246058000150
51268872000176
51338197000104
51344693000170
47820787000100
51401009000145
51460165000187
51491842000124
51516247000104
51539817000173
51583379000140
05387144000409
51654522000148
11366801000434
51679137000155
28841183000278
51817789000109
51850004000108
51752007000281
51899747000164
50099474000291
51909840000102
51932783000182
51955804000185
51964469000181
51999245000105
52006155000139
52009465000107
52017015000166
52052079000106
52097901000147
52142518000163
52176746000154
52184081000120
52235417000137
52306141000130
52319958000143
52364757000168
52371230000160
52387484000177
15474903000939
52460834000183
52472922000103
52483627000144
52526125000153
08907346001585
52557975000119
51967993000106
52592368000190
52603507000133
05652247002745
52682270000123
52715799000104
52735514000199
52745703000142
52774336000105
52774426000104
52790332000110
52844428000114
52850040000126
52891556000119
06023259008623
45687972000134
52916522000131
52973017000129
52981813000103
52984668000114
08411636001886
53001641000127
53041014000110
53096203000190
53130132000102
53155557000168
53165735000131
53170867000151
53259323000160
53290051000161
92792530012578
53345012000114
53367273000135
53391005000159
53398963000151
53408226000192
53431148000147
53435427000189
53437202000161
53440138000178
53448430000137
53504727000172
53573100000173
53584031000101
53600954000100
53612706000170
53623314000107
53629294000181
53639645000135
53674363000179
53680085000162
53705189000184
53738363000195
53742402000128
53744574000130
53776652000189
53782585000105
53797526000100
53799777000124
53830979000191
53847867000143
53883876000190
53911924000106
53917723000116
53975245000109
53993819000163
54003567000140
54008049000110
54015798000174
54030458000112
54070157000112
08411636002009
54117029000187
54149750000159
54168096000120
54170296000118
54188885000123
54204872000109
54209042000166
54218400000105
54237220000162
54254793000102
54290917000105
54329963000162
54331866000104
40489158000272
54357722000127
54384142000129
54416857000116
54472959000159
53402040000126
54512625000161
54517971000132
54533171000105
54621004000116
54630150000108
54633253000121
54687198000152
54704001000146
50203045000131
54719688000193
54738944000190
54759701000138
54780658000192
54785320000123
05775405000204
47884257000206
54833739000103
28036643000376
54865028000110
54865479000158
06023259009514
54699651000140
54905327000131
54919577000120
54948594000196
54955351000185
55003304000102
55033292000150
53836058000136
55066691000118
55097126000118
55115658000130
55137716000127
55143054000106
55158677000144
55164010000154
53591473000177
55188480000158
55200954000130
55201954000154
55208531000166
55240499000104
55241940000164
55243249000110
55260117000104
55276929000130
10852888000497
55289059000133
10378106000268
55329472000184
55369141000178
55372665000118
55373483000161
55387889000101
55437430000167
55452398000199
55465486000125
55543809000151
55558403000142
55576014000140
55580573000123
55610461000178
55610720000160
55616275000146
55643137000156
55647106000173
55670017000148
55342206000191
55690023000167
55732985000131
55752734000119
55753474000104
55766256000104
55774195000119
55776890000110
55779769000141
55829991000101
55834581000159
55855618000125
55896192000158
55913112000125
55930369000195
55940996000107
55962150000178
55973504000180
55981366000180
56000812000191
39324803000218
56020608000132
52152166000127
56093009000149
56140552000150
56193700000102
56212464000116
56224183000183
56226413000143
56228887000124
56240102000139
56268559000151
56284737000138
56343816000172
56378006000151
56427765000167
56438590000193
56633864000103
56687927000104
56928177000107
56971657000150
56984410000179
56992034000164
57015747000130
57028281000108
21236000000408
57041283000137
57043004000174
45060780000101
57106005000110
57107501000199
57119537000192
57141611000177
57145953000165
57148103000110
57152973000163
57153916000107
57218428000122
57233775000124
57234330000169
57256090000101
06023259010105
57277933000148
39379966000206
57291849000189
57326702000187
36732077000365
57344973000165
57363757000167
57372892000179
30726498000640
57379692000148
57230511000117
52112686000106
57461346000104
57465220000108
57468461000100
92792530013701
92792530013892
57494315000150
51880257000116
57501971000132
57521566000186
57524862000130
57565204000197
53756046000100
57591709000126
57595482000197
46888602000128
57603546000154
57624543000105
57673438000158
57677710000178
57685566000111
57686101000185
57687446000153
57687802000139
57697291000136
57722199000189
57729761000104
57767619000143
57770475000184
07912772000300
57850494000110
57854789000165
57892510000138
52272422000110
57946595000190
06023259010288
57978760000195
57978837000127
57989339000180
52412808000260
27269002000480
58035362000106
58036290000103
58056438000171
58059054000102
17594575000344
58091450000117
58124950000108
27830435000543
58142389000190
58131424000256
58250530000178
58257660000132
57939967000231
57939967001122
58293625000179
58307443000100
58320198000170
58405142000119
58423937000150
58431086000197
58451982000118
58467685000160
38404244000293
47600851000210
58524204000101
58529467000103
58535449000134
58547322000135
58583067000186
58594934000189
58597789000190
58614431000128
58663140000120
58685559000182
58693865000160
58719743000104
58721113000166
58811854000138
58823619000186
58852917000102
58866363000194
58867820000165
58686946000133
58878444000104
58878929000106
58881585000186
58925753000198
58947824000153
58954514000166
58962597000135
58976979000118
58979325000148
58982401000174
59010845000100
59021283000109
59046258000171
59102600000103
59110008000153
59056882000150
59149408000172
59151261000155
59175460000101
59189386000174
59196382000113
43149753000338
59204066000146
59204789000145
59205745000130
59215183000105
59218084000187
59219621000103
59257783000136
59261498000199
59267243000133
59287639000142
59317134000183
59318422000152
59358167000171
59367634000120
59377688000176
59387093000100
57713887000182
59411537000197
59420437000127
59441111000186
59451124000136
59469737000109
59495435000105
92792530014511
59506237000191
59525613000195
59595305000136
59605596000104
59641090000142
59643014000176
59673240000108
59674628000115
59674650000165
59687188000130
59699067000109
59801673000193
59839136000132
59851687000111
59886153000120
59890008000113
59952021000150
59952908000148
59962655000193
59979455000143
59980427000146
59990993000139
60000910000104
60044313000173
06023259010520
33251868000202
60211717000104
41987585000243
59305492000176
60244814000101
48361112000102
60270944000100
60283897000130
60290992000160
49581252000221
60333097000186
35942619000361
60387085000134
60392749000153
60394579000146
60400248000171
17310264001035
60425083000192
60429496000145
60515288000169
60547489000148
60553173000169
60574921000190
60599469000110
32533503000208
60651497000130
57939967001637
60681545000132
60687309000123
60710945000129
60724472000119
60785733000100
60798155000147
60824573000161
60848443000169
60885865000104
60930842000174
60955284000100
60985002000109
60992299000130
61003586000132
06023259010873
61018893000197
61022177000183
61068446000142
61086405000189
61118975000103
61152127000110
58384822000101
61223998000188
61235942000143
61247541000103
61250740000170
61259316000197
61276768000187
61281659000158
61332224000195
61332321000188
61335241000186
61355339000103
61360372000113
61380673000109
61393539000142
61396118000175
61429716000101
61435234000156
61467618000150
61511831000112
61518235000164
61550375000110
61551070000122
61565886000105
61599294000104
61525480000280
61625862000102
61655235000106
28514262000606
61700984000108
61718207000190
61742018000153
61776156000153
61777584000109
61794333000124
61810621000125
61820337000130
61829769000101
61840587000131
51851100000324
61843433000101
61848915000146
61855871000181
61883586000174
61899029000141
61902648000148
61908355000178
61934457000168
59808068000144
56999492000125
57915458000198
54167442000156
55213231000175
44404917000208
49435798000193
54714161000176
55632777000160
56081725000106
59326486000103
61103893000195
46180230000180
61711341000160
58749401000129
44304957000105
51954917000166
54387653000102
60524707000129
55012779000157
52667424000108
61957732000169
61970719000140
39857887000255
62034615000196
62048857000139
62052812000138
62066508000140
92792530014864
62151757000133
51595032000207
62219978000104
62233530000137
62295501000108
62298544000139
62301469000118
62358732000105
62363732000101
62381498000137
62391615000143
62401764000146
62422349000179
62426208000124
62432871000131
62447122000188
62467748000156
62488476000170
62506412000155
62511534000130
62512804000127
62536054000123
62541181000110
62573450000120
62594897000186
62617702000176
62618102000122
62632493000130
62658848000160
13544710000205
62688181000148
62693707000188
06023259011411
62745004000156
62819619000180
62842774000117
62844558000100
62857654000193
62870093000162
11310320001136
62308277000133
62898877000107
92792530015240
62952669000130
62974770000192
62989344000122
62998329000140
17896433000250
63022682000153
63027652000130
63064625000137
63089340000150
63092136000199
63172754000149
63188826000146
63211178000100
63217243000104
63234013000145
63252020000170
63273470000149
63286581000190
63295015000144
63343273000159
63376779000164
63392828000152
63401856000199
63414344000167
63419133000117
63423811000115
63453426000110
63512478000110
63516648000135
63517454000154
63414181000112
63545915000100
63549165000137
63578886000175
63592997000136
63598714000163
63620073000104
92792530015593
63642081000143
63674372000113
63681847000107
63704448000106
63719647000198
63761041000110
63763637000150
63764033000128
63814939000100
63820478000188
92792530015836
92792530015917
92792530016050
63856927000148
63861492000120
62195282000187
63612744000187
63890992000190
63895222000130
63899842000147
63927292000122
63931864000147
63956203000176
63957447000173
63961738000135
63964302000108
64015998000180
64018109000139
64050459000182
64093247000182
64108718000189
64113514000136
64104329000185
64165225000180
64209464000195
92792530015089
64237541000110
64245972000129
64283937000102
63089889000145
64308525000171
64397416000178
64397585000108
64415471000143
64422648000139
64424838000195
64433086000129
64464994000180
64489512000146
64490537000160
64529319000191
64530743000156
64540527000191
64557810000126
64560324000167
59592077000221
64617766000100
64623478000150
64700850000185
64705473000177
64751916000166
64756189000120
64767490000139
64782845000169
64783028000125
64810168000145
64826533000100
64853743000197
64854357000110
64930140000141
64987051000131
65004649000126
65053128000169
65062757000155
65070487000124
65084663000187
65118323000120
65118443000127
65125756000102
65156447000108
65179018000148
65226846000190
65258841000149
65276236000109
65296400000131
65337332000101
65337542000108
65395116000112
65404953000160
65406253000105
65421084000182
65443070000160
65459147000190
65472511000151
65503694000125
65530863000116
65552872000108
65567980000154
65580700000148
65594515000102
65599783000117
65651154000199
65657548000154
65693379000108
65698435000105
65710581000109
42927778000271
65718539000126
65759924000111
65783850000159
65801422000101
65833911000145
65838935000197
65843900000146
65844898000120
65863107000109
65871863000180
65890841000167
65892477000174
65901162000146
65913459000121
65929100000142
65929243000154
65932557000106
65936923000103
65938855000103
65963913000159
65968328000141
65981653000144
66007651000111
66015548000113
66017000000102
66101095000148
66121026000104
66126669000132
66183547000188
66196581000197
65045840000116
66210934000166
66240575000190
59520236000282
66273220000105
34006534000228
66288991000168
66291146000141
63247096000107
66300545000121
66319910000140
66348259000136
66348280000131
66357647000183
66360724000154
66364949000189
66365340000124
66371529000120
66411056000147
66413655000108
17310264001388
66428982000125
66454862000100
66500931000167
66523698000138
66534424000144
66545405000113
66550220000105
66578845000177
66594777000130
66594819000132
66604410000150
03300259000146
00002348000118
92560952000188
92598929000182
03312570000105
00013427000124
00299185000268
00077808000177
03359483000103
03372256000118
03388742000124
05062371000111
00130857000126
00206790000166
03497925000188
05192783000176
05211566000186
00292931000100
05294470000129
05331917000192
96789839000120
03677145000110
05349406000106
00401918000142
02019712000188
00409170000124
02027029000192
03710731000119
97461149000100
00420424000105
03743449000138
02076166000117
03780390000158
02109953000118
00498252000192
00516910000121
03846742000120
05523877000180
02272685000150
03988163000112
05672490000196
05692341000199
05744676000103
05777656000139
02420450000169
05797653000167
00853078000159
04211791000150
02539897000151
05931210000117
05939733000100
05952867000160
02595545000113
05993056000108
00992657000182
00992947000126
06019610000113
04383891000163
04406233000140
06100354000194
01067873000184
33482241007003
02715655000171
73014706000186
06138985000100
04478844000101
07835414000180
34946905000251
06173250000100
06174385000190
06200982000141
35893577000154
36415750000171
01208017000100
04588300000194
74264102000150
04603104000141
04609333000173
04624210000101
02871629000132
57202418000107
01294500000146
37583846000101
01299275000130
01302787000109
02923166000105
06375938000172
06895210000171
76359637000130
06927266000160
01366593000177
06933962000180
01376031000104
02998958000149
76675859000162
63675615000219
04786375000180
39272844000127
06990039000180
04824121000109
06576044000140
40457277000162
22192652000108
07054200000176
03098826000123
59500983000178
04904335000195
04911474000146
07102828000108
41279076000185
07127508000102
07127775000171
07151739000143
23429368000175
41875683000108
03233236000166
03252125000105
23888027000168
42871988000104
07251430000125
43508613000147
07339783000181
07346530000135
25738964000162
25984352000150
07669070000186
08130288000120
26462804000104
27347657000186
01537933000428
65651028000134
66085853000181
66807330000100
29857026000132
86968344000104
30743504000162
67810911000155
68193572000178
68304211000151
13434626000158
31841034000132
13956578000168
70942396000171
71030639000168
34414839000198
54511514000130
91981589000101
55106306000119
07537220000106
07578215000133
07609677000170
07273260000260
07630202000166
07674109000153
04847696000147
07806493000109
07920072000104
05627770000344
08108757000105
04141995000242
04986433000119
45131497000115
06311735000112
02322533000115
07964788000103
07874112000110
04049857000157
03490615000131
94613213000132
05369686000106
05489321000115
03891852000104
05629644000167
06109264000164
04434976000123
02802001000185
58017609000153
21388541000109
21507116000191
03079709000112
01497393000153
07212214000170
63390330000150
08228017000102
29916004000104
50710904000189
00730538000313
03424571000222
04595957000260
33060302000295
01846925000110
02021080000197
05832184000170
06165224000130
04663245000150
84444470000134
53427738000104
07986035000190
05344358000155
03984399000180
03035237000104
05041026000100
01790903000186
05147264000196
02293041000149
00746604000181
01224895000100
56588791000177
06345779000163
59193805000494
07156004000102
91751263000198
07658769000140
08062958000119
01494983000122
66976408000101
01070964000179
07674317000152
07853255000146
06262144000100
07062586000168
03487883000102
08007959000160
04139010000163
67251868000135
22796304000140
64520091000179
07640054000160
06114172000172
07082510000102
08164786000194
08178942000176
08201611000100
08218902000100
08236201000102
08264289000168
08299923000106
08300775000194
08309727000167
08320043000166
08352733000105
40842791000545
00285057000346
08531234000177
08672781000172
00331788004378
08672781000253
08734877000118
08735874000107
08749192000145
08311934000237
08758584000170
08791447000138
08820157000175
08842555000192
08286677000140
02385819000220
09094633000180
09129140000139
09219845000147
09302814000155
09316617000195
09125225000149
09399485000102
09410717000186
20242496000117
09539266000181
09566575000140
09597102000100
09688211000133
20258952000117
10414890000131
10247684000184
10437047000170
10562392000136
10631867000107
10633945000102
10649522000172
10693848000105
20283140000121
10733192000107
04766877000300
10877341000101
11038566000129
11044703000138
92792530003072
11176464000170
11278898000180
11364405000125
11484984000140
11498673000130
11505894000198
11512231000109
11530504000130
11552584000124
11614428000140
11660615000160
11795758000180
11397503000169
09302814000236
11901748000181
11935291000126
11950371000150
01432670000816
11977828000110
12029154000195
09662836000630
12246862000188
11155651000258
12586187000136
12722402000189
12868460000115
13086040000140
13150978000181
13181386000127
12877925000102
13211624000108
92792530003900
13234085000114
13244619000193
13317875000163
13325214000180
13400976000101
13415133000170
13435897000128
13440815000133
13502366000100
13503335000174
13507149000103
13737602000178
13859215000104
13974867000190
13979822000108
14057348000120
14102000000107
14114307000128
14228095000100
11714252000107
14407083000142
14550938000190
14636642000196
20413564000163
14688643000184
14815350000110
14830466000129
14831681000144
04643175000259
14908882000100
14997771000100
15028694000142
15042652000166
15120536000118
24801201000741
15134931000150
15298158000167
15336641000199
08532019000190
10668364000106
11340967000139
11992409000158
13198204000120
13632616000127
14726529000100
14819720000198
01432670000573
51710358002001
00933484000202
15489870000143
15530152000173
15600742000125
15668907000109
15768125000133
91958256001133
15825950000122
16383224000160
16403195000150
16506549000192
16633511000180
16651297000195
13239364000170
12265133000179
12512199000116
11174045000107
08968847000176
13974931000132
14020401000118
08313921000116
16899541000133
17065100000107
17067347000154
17230776000109
17238455000142
17333511000128
17358617000186
03822048000254
06023259000304
17480594000188
17545717000111
17603189000100
17607800000178
17743599000156
17768126000103
17801155000120
17811855000103
17976413000109
17996924000192
18028912000137
18043171000163
18143067000140
18216686000118
18246094000149
18249454000166
18258829000154
08568856000170
05070976000316
08741165000126
09070427000130
09597159000100
12395615000143
68193572000259
13120999000154
13159939000145
13510137000138
13919101000102
14123981000179
17524409000100
18407473000173
18504072000131
18540206000170
18593925000159
18618458000174
18659012000198
18673253000191
18890375000130
60883741000947
18018241000123
18983172000198
19019746000175
19088660000102
19138236000117
19234507000138
19381337000114
19384269000147
48286728000310
19448864000107
19538851000110
19578220000125
10682855001507
19607380000155
03662136000236
19677092000177
19679086000159
19731243000128
19784904000183
19810398000150
19812073000106
19827756000137
19901718000187
19947325000104
19963866000126
20023478000144
20101023000108
20104574000117
92792530005369
20132454000123
20207944000141
20586692000109
20836613000170
07401301000257
20937723000129
20970955000189
21038558000136
21052461000188
21116242000115
21118975000199
21240880000143
21318524000103
21333878000119
21334268000130
21364962000108
21399658000198
82858903000504
21456517000160
21558302000150
21579664000127
21652811000147
21670851000111
21998037000120
22004080000196
22016132000144
22034757000139
22055113000127
22080863000159
22232267000147
22396530000133
22420606000119
22520714000163
22522280000130
22561154000195
22566121000138
22637876000186
19544259000202
22733693000164
22923208000115
22970582000171
23102947000109
12305387000416
03874352000245
23192405000174
23322010000149
17019551000108
23342886000157
23396204000199
23413951000198
23447184000138
23552309000190
23689774000177
18600475000184
23827699000163
22527854000163
23846321000107
24024310000104
24028556000154
24056407000107
24127678000106
23976303000140
24186748000199
24307245000124
24438515000136
24454378000123
24508545000171
24554067000136
24648697000170
24714721000121
24716894000189
24753670000147
24799700000156
24810153000162
24828286000166
24841563000170
24853714000100
23791664000111
25014872000130
25087137000156
25110698000129
25133715000143
25248498000137
25285344000115
25313435000117
25320121000141
25365759000107
24755362000150
24374392000117
08944466000157
15822747000100
13786331000140
22611383000177
13039677000185
22451933000138
09330395000165
09485458000152
20523397000103
20889344000100
23236787000190
20451478000145
12132393000257
20889925000142
15490539000143
23365314000193
15016313000105
14838280000116
22345503000131
25200178000107
25012205000118
09943420000186
19386202000141
15811869000193
23911807000181
23762673000184
11753752000140
18093199000105
17114078000130
18243738000145
51710358002435
14703077000132
19676829000137
22018620000190
92792530002696
11604593000111
22794654000177
13922849000164
11248591000137
21857478000102
13829822000121
25006771000117
14043642000182
12516438000106
17209261000119
18892883000157
19277025000165
10279329000197
23478794000107
23861063000138
20044803000155
12146410000124
20141661000144
25226996000189
20657173000194
22478011000114
13603095000180
08884833000174
23358353000163
10970877000169
23505427000147
20717253000198
25999697000187
26025550000159
26133845000149
26227789000101
26245053000166
82858903000768
26353773000145
26375286000183
26592545000128
26613667000153
26628268000166
26700289000145
26750928000187
19810072000556
26933256000145
27035927000113
27059945000135
27223870000186
27247619000151
27254088000124
27267166000125
27319777000170
27356434000185
27365290000123
27491112000149
27552640000160
27558243000104
27436912000167
27672967000176
27679456000186
27715577000136
27742216000189
27864711000160
27866810000181
27899733000166
27916316000184
27967035000150
27999525000139
28053964000117
00331788008608
28099476000140
28124405000150
28129608000130
28151803000166
28449578000149
28492713000139
28519252000140
28537171000173
28568890000151
28615168000120
28771704000187
28790482000140
28791011000156
28950460000108
29065753000167
29069988000127
29073555000145
29109252000135
29120428000150
29198813000110
29242107000128
05793888000342
29248461000160
29121952000145
29275707000192
26450032000182
29389747000165
29434330000177
29447506000125
29453916000189
29466717000105
29547573000111
29591316000187
29595987000116
29611467000150
29739136000108
29806057000164
29827960000101
06023259002935
29877023000160
29879911000112
29929342000172
29997219000199
30079135000155
28687610000124
30213965000123
30229970000124
30359586000146
30479837000126
30499772000180
30517808000101
06023259003230
30654550000195
30666993000104
30888068000110
30894573000177
30915394000179
30934237000100
24311511000273
28476768000155
31095693000177
31158844000199
31312475000147
31327889000140
31334066000141
31346484000159
01432670002436
31418562000183
06023259003826
31485038000125
31538857000193
31586750000110
31721458000163
31786956000194
31793949000110
31798698000166
31817572000191
11583567000669
31892202000119
31942433000190
31956391000146
31969822000109
31989824000160
28159674000152
04766877001110
32136036000193
32162712000101
32225342000104
32280104000193
32287564000143
32301932000160
32332313000133
32382858000154
32472022000140
29209836000182
32533503000119
26135620000202
27945574000199
32600435000163
32677058000160
27957611000189
32754542000146
32769548000197
32841019000157
32850203000163
32874603000109
32894252000106
32113306000140
32641986000175
32921368000189
32952662000158
32989697000161
33088228000134
11972623000495
33100259000163
33128235000112
33139586000129
33160115000100
33250484000186
23689774000339
33298543000196
33341201000101
33358892000156
33412408000120
33450658000154
33473390000176
33512527000154
33592385000182
33598454000165
33660795000113
33680159000153
33687771000158
33671311000131
33762615000104
33769931000108
33781026000173
33838634000177
33856879000127
33887459000108
33904191000175
33954482000178
34003935000143
34015778000196
34019887000181
34061000000113
34084554000136
34163476000165
32928430000164
34237702000105
34258646000195
30909663000275
30584194000180
34322569000195
34389864000169
34424454000101
30621576000137
34476110000146
34494384000168
19433067000229
34503115000110
34506664000149
34511455000193
34525862000150
34534541000111
34540715000159
34584566000120
34660195000118
34670057000110
34674815000178
28114713000103
34726682000136
34789838000128
34795513000158
34812138000107
34842649000171
34864600000110
31896399000164
34904362000129
34913026000142
34925671000185
34931415000109
34938733000193
35022678000150
35033858000137
35100193000137
35118469000104
35168594000129
35249662000184
35266392000110
23689774000509
35326421000191
35332542000146
35353658000161
35379613000166
35393415000157
06023259005446
35477869000106
91958256001486
35518649000183
35548415000189
35549521000187
11366801000353
35577474000185
35604273000120
35504410000154
35640728000162
35666269000196
35672139000166
35690305000157
35710160000109
35787369000170
35802558000175
35828720000124
35845541000103
35859431000192
35930807000108
35961509000185
35991860000119
36008077000236
36144485000134
36217759000178
36251914000172
36281506000163
36282446000101
05334617000248
04814850000427
28738688000201
36500309000198
36524467000188
36553736000134
36579770000188
36580732000145
30506728000231
36625229000169
36627486000130
36629362000193
36698159000179
36702593000185
36472374000157
36738304000106
26342494000186
36747144000153
36752569000150
36831309000170
36976725000167
36998533000151
37002900000188
37012202000163
37040323000119
37237958000100
37240147000169
37251859000183
37321849000177
37328367000149
34016577000103
37341839000101
37351761000106
37420630000125
37468244000103
37473025000112
28930349000141
37251180000275
37592580000163
37594720000132
37595811000192
31760900000241
25964973000171
37709067000100
37712321000129
37780141000184
37850141000103
33224897000196
36994634000154
37872613000129
37908883000142
37942573000144
27387097000193
37980411000109
37987965000120
36455893000107
11313346000247
38169418000108
38178822000130
38212713000191
38229438000119
38279308000190
38308238000151
38318807000140
29450918000114
38343663000181
38404244000102
34833671000155
38439129000173
30289765000154
38496701000136
38543659000167
14307984000243
38925850000173
38755867000120
39152836000147
39280574000104
39291269000100
39292276000126
39347708000159
39348547000118
39350849000120
39380869000144
39461685000109
29880940000102
39490315000108
39497305000196
39500927000126
39528250000134
39543248000134
39561068000185
06346422000280
39574778000140
39584799000146
39612995000187
39642803000185
39644980000109
39677507000110
33205350000143
39744889000157
27066279000162
08907346000694
08907346001070
39819334000127
39824675000190
32582212000110
26869565000101
39873543000159
39917469000125
39990121000163
39992746000164
39995720000170
20822247000281
40044622000136
40082520000105
40119675000179
40140985000175
40152820000113
40155542000158
40179089000110
40189413000180
40255206000187
23026369000330
40323772000189
40337934000138
40357969000139
40374366000145
40278539000121
40517857000106
37215813000109
40592210000130
40609484000195
40618088000124
40651969000147
40652382000152
40730412000100
40737474000135
40771797000145
40851736000198
40732462000118
40876603000176
40877577000109
40899747000148
40900100000199
40917830000100
40923734000167
40971107000100
40971279000175
40985553000165
41012976000161
41144760000150
41193480000131
41244452000104
41259783000100
41298151000155
41327849000151
41350776000119
41356142000173
41369747000107
07669070000348
41424321000109
41434750000159
41446955000154
41467122000170
29636418000171
32281712000112
41532436000109
41550702000126
41556406000132
41576506000120
41579329000136
41586321000105
41618879000117
38252928000136
41682587000143
41690238000173
41730695000144
41749851000119
41788869000120
41827249000152
41858456000174
41861202000105
41929280000102
41931960000152
33667623000171
34670369000123
37779042000182
37573435000135
26941648000156
13361110000392
30114653000162
41309176000107
41506656000168
41716353000170
31688570000140
32146330000186
41970254000110
41987451000141
42062866000177
42084073000159
42108515000150
42112639000109
31190686000669
41821677000178
42260725000169
42264740000185
42274807000162
42312343000131
42331648000190
42337455000147
30043311000107
42376430000152
42380084000186
42386140000190
42386188000106
42387377000195
32818302000168
42394438000141
42403773000169
42439514000198
42443971000156
42453334000160
31616109000181
42460945000136
42502611000188
42580102000173
42607445000184
42615698000108
42666403000114
31452917000150
31646502000118
01191654001850
42187164000110
42818078000168
42866172000192
37134432000103
42885895000139
42907924000116
42909350000115
37288400000154
42954803000125
42956836000104
66379413001028
43001614000109
43006841000119
32051846000570
43032934000118
43037370000106
43052876000194
30627519000165
43073180000144
43103770000172
40480131000138
43133449000130
43165420000130
43166663000193
31253620000166
43172976000154
43205252000160
43235370000110
43249980000173
43250713000116
43259032000119
43261534000184
43326687000162
38034956000187
43348953000158
43349842000166
43353854000164
43367494000150
43412669000101
43418453000145
43426010000104
43429231000128
43510530000192
43525123000159
43551510000160
11308834000266
43653885000130
27949822000170
43664552000107
43699504000154
43732450000181
28881868000329
43808777000190
43817760000107
43818997000102
37891242000122
31505913000193
30394361000120
51710358003245
40411122000195
37284567000147
39709576000168
00802002000285
41023396000170
32895311000152
33224050000101
40010372000113
40993133000120
32477883000111
28734781000167
32034154000190
40651591000181
31873314000122
32732242000247
33855527000157
33860655000199
33237423000189
11666105000281
26942958000195
27456042000198
11340967000210
32244430000145
41132258000129
32262130000199
35725516000188
35107323000163
04766877001200
38890474000129
32525609000170
42764361000154
32118651000177
38141296000133
37132429000142
34690539000131
41265944000178
27022582000163
26470753000154
32022330000174
42166399000125
36115213000106
43578824000156
30644700000180
35884213000108
43847287000100
06023259006094
06023259007228
43927344000153
43930682000144
17785680000280
43962799000100
44021845000139
44081229000173
44106398000110
44214116000107
44236159000185
44267345000181
01365181000627
44341084000100
44345263000108
44347208000157
34405580000380
64623291000319
44397718000139
44404586000125
44404608000157
44422429000142
44438135000109
44567142000100
44574683000166
44615410000112
44631509000108
26074317000409
44659989000115
06023259008208
44762358000127
44770094000153
44793781000194
44798731000108
44835798000167
44924947000164
44955484000106
44958741000155
24590515000238
45098684000144
45112675000160
45183307000103
45202701000141
45227426000110
45257947000110
45278174000159
45339008000115
45345580000197
45424883000103
45425320000121
45431023000199
45444095000170
44806903000130
45531215000177
45548703000197
45598947000184
45618010000123
45622124000147
45622207000136
45622897000123
45667985000141
38345043000262
45674742000130
45686574000101
45713379000115
45717526000125
45728603000142
13765974000531
45775484000189
45800987000167
45876801000153
45898009000108
93706950000389
27742216000340
13281401000290
46005257000137
46021632000132
46033101000160
46050437000130
46063342000151
46075872000110
46084176000170
46137427000137
46150221000147
46161590000135
46185491000193
46200803000190
46216599000104
46221170000105
46228926000130
46326319000102
84155829000404
46376475000188
46448110000111
46456411000197
46461223000157
46473182000119
46477123000119
46482921000139
46508201000103
46545550000197
46594548000108
46640717000107
46700580000120
46704223000130
46814258000122
46833824000143
46849902000106
46861379000125
45537698000117
46919423000100
47009140000194
47018141000103
47029119000150
47031467000162
47078823000101
47120269000175
47155991000145
47160081000150
47218100000152
47240919000116
47251832000144
47281386000110
47300864000192
47312116000120
47335331000146
47351207000174
47362905000175
47389969000160
10893738000260
47614194000189
47616267000171
47688503000165
36728379000289
47761492000100
47799057000166
47803456000153
47812928000134
26263243000297
47835198000197
47835456000135
47877302000106
47890385000173
21466641000297
47902412000180
47906663000133
66773862000912
47920790000197
47930028000191
47935098000132
47974141000179
48027570000100
48041722000110
48042614000162
48050864000144
48069378000178
48076562000145
48087713000160
48097377000137
48123182000114
48172980000136
48176757000167
48181149000140
48241219000109
48264966000162
41457365000208
48272756000116
48279055000109
48281423000153
48293901000145
48326319000138
06023259008380
48370394000104
06023259008461
48422900000153
48448139000129
48454753000101
48463668000100
47067658000184
48597558000122
47741831000188
48644549000145
48674044000123
48677919000140
45400522000119
48689355000166
46282484000100
48736713000144
48749019000161
46813875000103
48779713000121
48816036000174
48872088000168
48880380000122
48899267000199
48913264000162
48985407000141
49079756000167
49122916000103
49125395000148
49140677000114
49169718000103
01536321000330
49182962000106
49186683000102
49206525000177
49227258000114
49228051000164
45157092000156
49241456000132
49294542000103
49314737000178
49336947000167
49345578000179
32784028000234
49360285000160
49374794000142
49381576000135
49402276000195
49439282000117
49513223000141
49519414000110
49522116000180
49527262000106
49527431000108
49560977000152
49591422000178
49657293000173
49710671000135
46184160000139
49756894000133
49769840000102
49771349000116
49808274000109
01898250000234
49868465000158
49871108000149
49889735000107
49910239000198
49930105000139
49942484000187
49955143000146
49969643000137
49991423000100
50009135000196
50017444000108
50038646000136
50057422000171
50066738000120
50099474000100
50170911000135
50180650000134
06023259006337
50186718000192
34956612000255
50233260000185
50236455000189
50320984000166
50332507000110
50341884000116
50360268000102
50371935000152
50396503000104
50396612000113
50397245000172
50415920000149
50437162000160
50073740000126
50479649000105
50521342000125
50529175000169
50566478000151
50573820000140
50604035000108
50612363000156
20124365000216
50682859000104
50703077000104
50705181000120
50722477000159
50752091000190
46522293000178
50783068000162
10377194000445
50805917000131
50806419000103
50835596000118
50839465000109
50855772000183
50876411000113
50883523000100
40391533000247
50892651000101
50901072000188
50918756000192
50945867000198
50967700000128
50973521000101
51010226000104
51017948000190
45846569000100
51058353000183
51112740000150
51168795000182
51190020000103
51197998000105
51212745000155
51213263000110
51223482000180
51224471000114
51232857000178
51251829000106
51266037000105
51283917000181
51303606000137
51305880000145
07283126000402
51323591000179
51328113000151
51340170000156
51365913000142
51374464000107
51379646000162
51396176000145
51434002000120
51529357000100
51529510000191
51568289000180
51569186000135
51612509000126
51617042000107
51644269000141
51644931000163
51700815000114
51707631000186
51744256000144
51746749000113
51851403000185
51853490000100
51869254000181
51884299000125
51915736000120
51930966000169
51932096000167
51944125000100
51948901000140
49275734000172
51974484000100
51979224000128
51981396000136
52018128000186
52025306000104
52026538000179
52043707000189
52054789000167
52072011000180
52075760000161
52082925000122
52096144000197
52109429000115
52110581000118
01365181000970
52131293000140
52140625000152
52194267000160
52199467000106
52224858000133
52242876000148
52252456000142
52300692000197
52315554000181
52326651000170
07062586000249
52366865000170
52460957000114
52476445000146
52499701000110
35504410000235
52518763000122
52529604000123
52576512000102
52603597000162
52605213000140
52607378000151
52609142000154
52632377000167
52642941000122
52647776000100
52649284000145
52699522000127
52704000000176
52734668000166
48547463000102
52766419000152
52779781000168
52874681000110
52879942000195
52894908000190
52896598000142
52903464000101
52909091000186
52940600000133
52975250000140
52995530000110
53033068000133
53078550000190
53080223000172
53083266000101
49373524000117
53110000000100
53124736000138
53129424000117
53136730000180
53137491000183
53146562000104
53159103000165
53178998000185
21198174000342
92792530011415
53253143000171
53266228000194
53308387000104
53315733000181
53331467000180
53346370000141
53350619000192
50306911000209
53401875000161
53429190000123
53432354000171
53436942000183
53443459000126
53443589000169
53524999000134
53552464000177
53617765000131
53630731000187
53674946000108
53706014000191
53709826000190
53714976000192
53799289000117
53813557000108
03067129000377
92792530013035
53843166000136
53849729000101
53870475000103
53870635000106
53912594000173
53919051000188
53945970000126
27830435000462
53964287000136
53973636000186
53976368000156
53977805000156
53979556000138
53981027000179
53994390000129
54026438000178
54035413000130
08907346001666
54066359000190
54078658000145
54104275000102
54107135000180
54132737000197
54156366000183
54168969000103
54179620000169
54226723000132
54255272000161
54287739000155
54303779000143
54307190000113
54332799000142
54353471000102
54363268000117
54402127000166
54417140000199
54432344000107
06023259009271
54437490000117
54474250000192
54511168000190
51165735000106
54559684000195
45010136000382
54595121000152
54635540000170
54691157000130
54701381000165
54754967000198
54756406000128
38259712000283
54783616000105
54809633000174
54862849000101
54866316000190
46236405000205
54893824000167
54971781000190
54977649000196
09247597001381
36970530000290
55034717000146
55051094000110
55061705000100
55109358000149
55140324000117
55167777000137
55170653000100
55195699000184
55221578000160
27302701000212
55231596000122
55018347000153
55292372000120
55293345000172
55352051000174
55356575000133
55358026000106
55366946000168
55398249000199
55481663000167
55487528000129
55488408000146
55501525000100
28881868000400
55539897000118
54104673000110
55555158000110
92792530011172
55601010000174
55604436000181
55608617000186
27986353000240
55680498000172
22256035000390
55702594000174
55705036000162
55713046000140
55802784000163
55811131000140
55814173000135
55817885000108
40759865000665
55839283000151
55859553000196
55861818000190
55894500000106
55905279000144
55927342000143
55937447000183
05033726000225
55969941000120
52100151000115
55975289000156
55975311000168
55997739000101
56049587000188
56080358000126
56146501000135
56165466000100
56304719000170
56366673000114
56391296000173
55180641000167
56426672000118
56608152000126
56612480000104
56770148000160
56441414000291
56804920000117
56895838000145
56901015000185
56906853000141
56907654000158
56913881000196
56974838000130
57009893000153
57103024000193
57196829000129
55281450000191
31396050000244
57253610000114
29591316000268
57285920000110
57288362000147
57317326000164
57396698000123
49221536000126
57421176000134
57449607000170
57459589000108
57466685000183
02542562000273
92792530013620
92792530014430
57539525000117
57552112000172
57555413000150
10591076000940
57587428000108
57608144000142
57626208000138
57637743000194
57639689000116
57656147000151
57662209000138
57663886000170
57683513000161
57686899000165
57719132000195
57760919000109
57766541000142
57778919000128
57795410000193
57799164000148
57817787000104
57824744000148
57825122000134
57850374000113
57860299000171
55742153000104
57879776000140
36732077000446
57894970000103
57940471000105
57965565000120
52412808000341
58006239000159
58024172000185
58024219000100
58031910000111
58080007000140
58138096000139
58157939000144
58214201000171
58214846000104
58218179000138
58244384000178
57939967000312
57238627000100
57496363000187
58316975000103
58384030000129
58391622000178
58420801000196
58460917000159
58473197000166
31190686001550
58493490000195
58509289000159
66704701001272
58544137000197
58562242000159
58577910000111
58578886000135
58589726000191
58608073000140
58631761000121
58635504000168
58644252000133
58646885000180
58213481000101
58703183000191
58718987000164
58725222000151
58726599000125
58730522000129
58772953000158
58778746000100
58791461000100
58797331000184
58835905000161
58854163000111
20235799000455
58860531000134
58903330000177
58911331000163
58938353000117
58949948000178
58971731000164
58979316000157
58988480000120
59001939000113
59015235000108
59017987000108
59088183000191
59095515000165
59119042000199
59185436000145
59240238000137
59261929000117
59277154000178
59287416000185
59322540000134
59339990000130
59342379000160
59398454000105
59412050000129
01432670003084
59443908000112
59446316000154
59466634000187
59478428000197
59483033000182
59494284000162
59498614000198
53299331000130
59530700000130
59578177000112
59592077000140
59607071000108
59659848000170
59661194000119
59663673000174
59666235000160
59683273000120
59690546000164
59697129000143
59744145000140
59763066000186
59764565000198
59773752000138
48627291000250
59812355000128
59879201000153
59909839000190
50268467000195
60013904000183
60029945000168
60064062000199
60239378000174
60266544000121
60269732000103
60279675000143
60302723000177
59416517000109
60380489000104
60382792000138
60388430000154
60392416000124
60429497000190
60444458000161
60452896000171
60515564000199
60528847000175
60533434000189
00133418000509
60554477000140
60577815000160
09272750000359
60606293000187
49982863000109
60627235000130
60654773000113
57939967001718
45243061000118
60685214000170
60714731000120
60739012000164
60744012000152
60748206000126
60773894000184
60778482000137
55225894000100
60784697000160
60789957000190
60842774000191
60864393000103
60867800000136
60890200000199
60981109000189
60981383000158
06023259010954
61013236000157
61057080000106
61135531000186
21894006000200
61191923000162
04447291000200
61218515000157
61218627000108
54961783000107
61230791000130
61234447000110
61238875000110
60423528000103
61257627000117
61274727000151
61278186000130
61290757000151
61294613000173
61318099000169
61373385000127
61393691000125
50245854000106
61425615000154
61450256000195
61454649000177
61461707000190
61465240000156
61475625000102
31716332000281
61541865000150
04365818000320
61576612000111
50002202000140
61603778000180
61621472000156
46669145000180
60254413000124
61659142000150
61682474000155
61690524000146
18033179000653
61725852000130
61762855000144
61788943000115
61801661000100
61820835000182
61822488000127
61823438000164
61829383000108
61834898000198
61835771000193
61854753000159
61859397000166
61877236000103
45109236000107
61899011000140
61900012000167
61904507000164
61906193000139
61926852000107
61946907000132
60027114000157
44217568000134
53263347000193
47856421000182
60514888000102
60995273000145
44927520000110
59852386000102
44292467000128
46552958000196
47760290000135
49768119000106
55079258000117
59798974000105
59920913000179
60774011000150
61089400000100
56251851000161
58895033000127
45351313000122
50524454000130
58657336000101
55169314000104
57134154000193
61957674000173
61962606000100
17916987000272
33850276000207
62002400000193
62021611000173
62050789000142
62072789000143
62112353000130
92792530014600
92792530014945
62136581000140
62148360000192
62159675000135
62182252000136
62182545000113
62215300000145
62235523000174
62245127000128
62301814000113
62310079000104
62311374000185
62346693000126
62348731000180
62369457000125
62377362000153
62379076000127
62413957000117
62420437000131
62466105000198
51981396000217
62474474000122
62478530000105
62503381000189
62521467000134
62628254000106
62666455000106
62678722000157
62682858000130
62691319000168
62698922000171
62717241000103
62729919000178
62730127000113
61965401000170
62812919000137
62818969000121
62870082000182
11310320001217
62883702000118
62892671000161
62903812000102
62952683000134
62956311000186
62965633000191
62977528000172
63015766000160
63024385000147
63046491000121
63052465000106
63070755000182
63072295000121
63098101000167
63111883000127
63114256000140
63118480000100
63128418000107
63161746000105
63161818000106
63216108000136
63216214000110
63227095000109
01031579001941
63293081000185
63306594000183
63307952000172
63322789000117
63373011000137
63394703000161
63430275000185
52246573000284
63472814000149
63473758000167
63491227000105
52295931000249
63506532000115
63530512000180
63553080000122
63553795000185
63555548000118
63585963000114
63630124000170
63630455000100
63644135000100
63652370000123
63673023000187
63685322000131
63738086000174
63745786000196
63754127000116
63768034000140
63798582000113
63807082000109
63817684000139
63833724000136
63849077000150
63850725000199
62118714000156
63872395000132
63874844000181
63876780000158
63879439000156
63900459000161
63926361000183
18174969000225
63946629000149
63952374000127
63967083000102
63975719000168
63991172000194
64038860000105
64045278000168
64093831000138
64094184000189
64147131000189
64156436000157
64163091000169
64169398000177
64197835000166
64221287000162
64222678000100
64283851000171
64310067000105
64350785000105
64357629000176
64368765000161
64376597000156
64380668000194
64413433000151
64419165000185
64424929000120
64459520000140
64472999000154
64482044000188
64496057000106
64548024000162
64568219000174
64569891000184
64592829000103
64637516000124
64652343000113
64661760000122
64674536000175
64680623000135
64686443000160
64706113000190
64712643000140
64726667000159
64735557000153
64737946000118
64747770000185
64755918000123
64756647000120
64773657000174
64778890000140
64819164000128
64820575000133
64829515000181
64838392000145
64838726000180
64864098000108
64864923000174
64881701000160
06045163000258
64903326000101
64904228000199
64913800000186
46381882000264
64918065000101
64942566000115
65001920000170
65031376000109
65032537000189
39997477000390
65037739000113
65162317000170
65167001000170
23855681000256
65217592000143
65243687000131
65256983000177
65257955000174
65274480000124
65314404000103
65315667000129
65328524000151
65391024000164
65395128000147
65410944000182
65414482000171
65415105000157
65418079000110
65447784000146
65461547000130
65462747000107
65471490000150
65509059000155
65530199000105
61528229000279
65581437000101
65602951000186
65628032000181
65669965000117
65690474000158
11398878000305
65752866000102
65180409000182
65824808000139
65840063000100
62261734000181
65867256000146
65869431000134
65881303000106
65908322000189
65910244000157
65915961000171
65927479000151
65936158000113
65961694000179
65962252000147
66012109000157
66022616000171
66025400000160
66030400000158
66075933000156
64290717000106
35884264000300
66118503000174
66122594000111
66135550000126
66188013000144
66194231000191
66207972000160
66213486000154
66217952000170
66242335000124
66368026000103
66370855000112
66381326000114
66402860000160
66414326000173
66423982000132
66434033000158
66440791000189
66447549000137
66469896000160
66474058000185
08378970000560
66486990000128
66495547000113
66498826000130
66504789000126
66508291000131
66535582000119
66600829000133
66602750000141
66632384000173
66636692000177
66660900000173
00060349000119
00064780000133
01734283000168
05077659000160
05078006000103
00157664000169
05141060000148
94507092000144
01844009000141
00237528000189
05197530000195
00270077000181
01476334000603
96206222000134
05277662000127
00119514000322
01947328000182
03628479000101
03629469000182
96456520000182
03639821000160
05355597000100
02019675000108
05385991000191
03747779000100
05440541000154
00487571000100
00516131000126
02145494000128
02172698000158
02232449000100
05621474000174
05631557000144
03984626000178
03990200000127
02301930000100
04013726000110
05701596000170
04050673000107
02360051000150
04073648000149
02373487000183
05728238000151
04130919000150
02430013000126
02430035000196
05793888000180
05810988000178
05817280000149
02477648000189
05859284000190
04213977000148
05876102000199
04222318000178
05891600000100
04244405000126
00915558000105
05924893000185
05941278000187
05943745000108
21781612000309
04326753000142
06010806000147
01067887000106
01070707000137
06138015000105
04488679000160
74060401000173
06242083000101
19094689000199
06250936000157
04581069000107
74301177000164
02848982000100
74679960000166
02902173000120
04678808000183
57551830000124
20443941000107
06882083000176
06894645000100
01377303000190
01397749000187
03025858000107
58760851000112
03045828000154
58913450000155
40195034000101
01445962000117
07028532000186
04880492000108
01479186000176
82196379000200
59842435000126
03180801000174
79075735000134
01587257000154
60812716000115
07213504000139
42380634000167
03296441000170
07364596000158
26184309000172
45930625000190
46127155000194
82958786000119
28225878000144
85338689000111
66596149000193
68889831000108
15450232000119
16003758000113
91629808000198
91838813000100
34659920000138
72731128000136
07457551000128
02423369000132
07543301000100
07556759000102
07594032000101
07601953000154
07610618000112
07635819000174
07646405000140
07672151000135
04766877000220
07893986000115
07930075000110
07940311000180
05520682000187
05118766000199
02168959000166
02471805000220
08014554000150
08100583000134
07153037000107
07816178000154
07876345000152
32561144000375
04102578000100
07442070000149
00147565000104
05202568000109
03545397000195
00266806000126
01919878000198
97398853000165
00736601000167
01040913000102
04420108000194
06168152000184
01259067000108
04643175000178
06926404000197
06983544000105
22914170000114
62428461000117
44705127000181
63597322000180
52810124000136
07681278000110
07723789000158
07796330000184
07863824000134
07986164000189
01537933000509
03684848000256
07532067000116
07287579000164
04207034000102
04356159000102
05054492000111
01894626000151
05250849000137
05691890000149
02049024000160
05862002000103
07172204000159
03305288000109
05465429000178
00623433000101
00715215000199
06172627000106
41006644000174
66766858000170
54084314000149
07607739000105
20837720000113
07446318000140
07453904000111
07486627000143
01906285000197
90517004000487
51710358001382
06104080000101
06964996000131
05701862000165
03024305000121
07537018000176
04232276000156
04540890000185
01314126000101
02405004000185
05015709000184
04384071000196
01542313000134
43517333000103
33060302000961
05295404000173
05620468000100
05020528000146
05960198000179
00574662000175
01365181000112
03076181000128
08194057000180
08210054000193
08219326000116
08283622000186
08291169000150
08360295000119
08402706000191
08443021000193
08470339000163
08580180000130
08642942000185
08653723000100
08669189000111
08722173000125
08769619000177
08785984000175
08799345000169
08803401000191
08842993000150
08876270000172
08879415000199
08830392000128
08919188000188
08981223000199
09050149000150
09115207000186
09173336000120
09201927000164
09236411000155
09383723000191
09400372000180
09411953000117
09427259000198
09537711000174
08371369000112
09576320000169
09587522000106
09590409000180
09592588000194
09619027000131
17166059000742
07323202000385
10378106000187
10173470000100
10241662000107
10639100000116
10672843000198
10735188000170
20285673000142
10817557000173
10833520000139
10846381000188
10852888000144
10867832000163
11060079000162
11099425000116
11155651000177
11300493000100
08399692000102
11366801000191
11415364000159
11430165000110
11089732000205
11487989000126
07640054000241
11527347000103
11565360000157
11719484000140
45784493000217
11918241000130
11929378000190
12146121000125
12320598000185
12352005000162
12384554000119
12416477000131
12459607000113
12519301000105
12598820000106
12670508000186
12732296000114
12772911000116
12785219000122
12823128000134
12942002000189
13009466000108
13188745000178
13201906000116
13240613000148
11139689000237
13323799000107
13348193000118
13384794000186
13489004000127
13500995000100
13568873000147
13631693000162
13702034000170
13719862000110
14129129000109
12518517000237
14492673000110
14571089000150
14646745000137
14684774000193
14783662000190
15138782000105
15179426000121
15223497000184
08384812000190
08648187000146
08988089000158
09022925000108
09359871000170
09591275000111
10385721000110
10584602000197
11486725000158
12634300000101
14513518000133
14828394000185
07986164000340
15460387000136
15460429000139
15540960000111
10260151000132
15739562000129
15871491000113
16455372000142
16479055000166
16493535000181
16625912000199
16647993000128
16701292000120
13970100000192
10567549000116
09456866000186
16812693000157
16881402000182
16921529000188
16977070000134
17007271000171
64874464000290
14693777000193
17216762000122
17315215000102
17401293000111
17421549000152
08223462000180
17471055000182
17540433000132
17568222000108
92792530004800
13255992000140
17752048000159
17811090000101
17896433000170
17968817000150
17987799000154
17996821000122
18075889000131
16838503000170
18153020000168
18174969000144
92792530004982
09286687000148
10365432000150
11071844000140
11969531000103
12967180000164
13197379000113
13447554000183
13967626000113
20485915000141
64874464000371
18399166000198
18425131000186
18436126000179
18501586000133
18517007000140
08516853000192
18558644000165
18222428000144
18736890000160
18749172000128
18794203000162
18809826000161
18873776000181
18887300000108
18908664000119
18946246000116
18800431000106
19006565000104
19065453000124
01432670001111
18487789000112
19137837000105
19146896000140
19162906000130
65555740000210
19848316000247
14966017000102
19477208000124
19565473000164
19568646000106
19611852000143
19662968000101
19697159000135
19753146000136
19775564000124
19881773000152
15431344000203
20182392000164
20543107000193
20671892000160
20710256000108
20745977000145
20756364000103
20766270000115
20859696000113
20938778000153
20942156000107
03822048000335
20964241000168
21013009000107
21029500000126
06969815000240
03012973000210
21217657000185
65939142000598
10682855001760
21516385000114
21602124000117
21671230000152
21838314000138
21894006000120
21901840000103
21901948000198
21990743000126
22007302000124
22059394000196
22090521000110
22176793000137
22279272000105
22557106000123
22657988000107
22770195000191
21604386000110
21299392000101
22912625000162
22971570000161
14964760000123
23220300000181
23283424000106
23342516000110
23343357000178
23362926000122
23381149000163
23457580000146
23487728000195
23615756000140
23703740000190
23713109000171
15729875000104
23981337000122
24009791000189
24038250000189
24044164000189
24171677000150
24255966000138
24318363000138
24355536000198
24385349000157
24443222000147
24533282000150
24556964000189
24645279000129
24724465000153
24748144000199
00331788008527
24995512000101
92792530005601
25081675000133
25088179000101
25107893000108
25149404000172
25175127000172
25199560000148
25216372000180
25263376000110
20586626000139
25323477000139
25360732000113
25372101000114
25055657000187
18192660000187
22295845000194
10331771000115
21955092000133
19640067000119
12871425000155
23049533000163
17032113000171
12132393000176
11102053000130
14918354000124
17771069000111
19190455000145
22569226000140
15533161000118
17279556000161
08769639000148
11360600000187
20294130000191
21659816000100
24756401000134
23896076000142
15217026000163
13097405000131
13783559000187
24562293000169
11984645000122
12946183000111
23280057000197
14793908000104
23443459000165
16999919000170
24595202000191
18582000000102
16845253000104
12692982000109
16990564000159
13259572000212
09582179000107
21053534000156
22354010000168
08907346000180
20181005000175
17044239000166
08847123000174
13765974000108
24763192000156
10948006000149
21402142000155
97543502000109
12247588000161
11283781000195
10404338000162
19753983000165
16568997000110
21269507000115
08948706000191
09204127000105
09662836000398
11416093000156
18232290000164
19823155000156
20510083000176
20542621000104
22154168000194
24114780000169
18585214000132
13163231000168
25982996000109
26110699000136
26111219000151
26124656000100
26145972000168
26231192000130
26267417000109
26269212000162
26296284000107
26298204000144
26310921000144
26335926000121
26344057000100
26350607000195
26436435000177
01191654001346
26687344000104
26726663000181
26732889000195
26896160000154
26979367000192
27048166000134
01432670001979
27094790000178
27124102000175
27250654000120
66581935000389
27320080000119
27372866000180
27393698000109
27477400000149
27608928000100
27723429000163
27740223000141
27849401000177
27908558000126
27948627000125
05209279000212
28004120000186
27920157000191
28053489000189
28163579000122
28322214000101
26061425000102
04238951000820
28374103000130
27876287000174
13921822000238
28503119000104
28555884000160
28557029000198
28568521000169
28612955000119
28647283000187
28649063000192
28709562000128
28749803000162
51710358003164
28774221000136
28915115000125
08075907000636
06023259002773
28933022000123
28937174000102
28954282000185
27784705000101
29084765000139
29217546000180
29293938000129
29297237000168
29298324000130
29331466000151
29469321000111
29500336000103
29535183000121
29616012000127
29671469000134
29771843000173
29810856000104
29863848000126
29892152000128
29972705000152
29980758000115
30008183000152
30023571000102
30039493000134
30053873000123
30114212000160
30130698000120
30183035000174
30226348000162
30229895000100
30270913000199
30285102000161
30300857000198
30439316000145
30442209000176
30511881000176
30554145000103
30606783000112
30694091000173
30703637000105
30720099000167
30736778000124
30763506000113
30799745000123
30804038000188
30938619000102
30951299000120
31017877000119
31042207000152
31042288000190
31102543000143
31119409000155
07986164000693
31191773000126
31205663000176
31206925000117
31222446000194
31273879000179
11310320000326
31399716000137
31491967000147
31539764000183
31621146000188
24854940000297
31666669000140
08411636000308
08411636000642
31728796000127
31405468000190
31769887000100
31798109000140
31826778000188
31883124000196
31913268000148
31936483000164
31954640000164
31970515000148
32110969000101
06023259004555
32205228000104
00331788008799
32283250000172
32294959000173
32543073000116
32552451000128
32569110000165
32586079000170
32613132000185
32732242000166
32836237000101
32895094000109
32908073000172
32915391000160
32915416000126
32927498000129
27767709000416
33015202000166
33125597000150
33157210000147
33177883000169
33202122000110
33227443000179
33251328000130
33256060000129
33286328000175
33364700000114
26909670000119
33400632000100
33432152000112
33434000000159
33469814000129
33625622000164
33716326000179
33726141000145
33780799000135
33820402000191
33823393000192
32103818000126
33843241000151
33857654000195
33869571000116
33642495000101
33944108000191
34020178000116
34056519000103
34071818000117
34088565000194
34175758000182
33571879000180
34243628000130
06340090000227
34290531000188
34328077000107
34362032000159
01191654001508
05287391000271
34410942000160
34428632000172
34571707000170
34615365000142
34640179000163
34643855000152
34649724000182
34651887000108
34756840000109
34775507000139
34776851000142
34849451000110
34878855000131
30802001000110
34923628000180
35031826000100
35035681000108
31310271000177
35046813000105
35068627000169
35072521000139
35098604000105
34185581000103
35203445000153
35269846000106
35295954000153
82858903000849
06023259005284
28214397000133
35526142000171
35539221000117
35559414000130
35559704000183
11139689000318
35604306000131
35611764000106
35660179000198
35715305000164
35758212000117
35768810000177
35779280000162
24180517000259
26714495000104
35910217000113
35929790000179
35942619000108
35956137000107
35978573000179
36116778000108
35961857000152
36155066000106
36164122000160
36205899000126
36217348000182
36301369000181
36312322000113
01505499000232
36358921000178
36368647000118
36373600000142
36375367000137
36438492000149
31581920000174
36520378000163
36548231000181
36574511000164
36596040000195
36667933000184
36681285000110
36730178000135
36733151000104
36639405000111
36775121000152
36870994000144
36883994000189
31366455000159
36930112000199
36962789000109
36972599000172
37098443000177
28963675000155
37180839000169
37188804000176
37190853000143
37200480000144
37208252000110
37229562000111
37262479000144
37314858000130
34335773000140
37352322000100
37352953000129
33677704000152
37367584000148
37403679000170
37411498000195
28990075000852
37432957000117
37449387000178
37456140000189
37487671000139
37553051000150
37557526000187
37581767000161
37615730000107
37638778000130
37665844000161
07930075000200
37681471000112
37693028000161
37722310000120
37725098000154
37744256000113
37754887000113
37760028000137
37803470000101
37823019000148
37184278000176
30615526000147
35756072000148
37938154000139
38041895000185
38058709000110
38065676000136
03035237000287
38109055000107
38113131000158
38141015000142
38170127000121
38187490000150
38191280000135
34346001000104
38281444000115
36953328000250
38340387000106
38360912000147
38383886000172
38389400000103
31597459000229
35785818000141
38449292000117
38531029000172
38574213000108
38625303000172
38650710000130
38730361000166
38903788000119
38927044000134
39247219000125
39274103000185
39286320000195
39306566000181
39326243000150
39381873000127
39402560000108
39446718000141
39465066000192
39501508000109
11498673000806
39523277000134
39545565000190
39571318000168
39572155000138
39588150000101
39606263000184
39624270000109
39662274000181
39720405000130
39726686000138
39751543000186
39760159000140
28502942000197
29958463000142
39800181000176
39809503000148
08907346001151
39832673000143
39893135000169
32162496000196
39976108000150
40015746000193
40045242000116
40081899000139
23689774000681
37753844000113
40193060000192
40199741000168
40209617000136
30918012000160
40245833000137
40259645000168
23026369000250
01432670002606
40302624000188
30941312000160
40308392000175
84155829000234
39999444000118
40393163000104
40214206000139
40431442000107
12940620000270
40613134000100
40675560000160
40734640000140
11498673000725
40765867000152
40770800000106
40774964000101
31190686000588
40805801000149
00331788009841
40859841000173
03406864000368
12877925000285
31694545000179
41003406000105
41006608000100
41017057000180
41037963000147
41157490000111
41194199000113
41199195000128
41215026000134
41232335000112
41249085000123
30909663000356
41271337000110
31957525000496
41294172000100
14968759000410
41444321000162
37648734000191
41565047000180
28780363000106
41450268000102
41599451000174
41633540000190
29073179000199
41642013000141
41660603000105
41682575000119
41694442000162
41694923000178
41757754000178
41799654000104
32293719000235
41857768000163
14968759000509
41884782000156
37977947000167
33581881000130
06023259005799
07242736000468
28607066000163
92792530006845
31164040000100
32522069000171
42057891000162
42076669000107
42082659000184
42112484000100
42192189000101
27007803000124
30277212000181
42283116000125
42310388000177
42325551000175
42345869000118
42351910000169
42353182000124
42380925000155
34584390000106
42411689000197
42414376000192
42415270000103
42479561000165
37931356000159
42498973000142
42518223000195
42520724000106
31172619000107
42534759000102
42562189000156
42594375000177
42622606000109
42624165000184
42647323000111
42654750000127
42662542000170
42668235000104
42672298000126
42677244000153
28536082000102
42692033000190
42714195000181
42736370000131
42758253000179
42770103000180
92792530008627
42811296000170
41724701000231
26304688000278
42839012000154
42842448000100
42864341000155
42882359000180
42977279000108
42982536000108
42984790000137
31963167000181
43076759000160
37318589000180
43177828000122
27332735000179
43187975000183
43191441000120
43227169000191
27384496000109
43280076000120
43287272000127
43347668000112
43397509000122
43403863000112
28293073000138
43504110000101
43510259000195
43514948000178
43521397000170
43560519000137
43567358000103
43603261000109
43648333000134
43659065000156
43675122000190
43681589000143
43689316000145
43700828000165
35233847000109
43756271000184
43785751000173
43806099000126
35211065000160
39815441000187
36027848000151
03943181000420
35236089000174
34119562000170
27358131000100
31286451000160
39842411000160
29588966000173
40340022000115
03252125000369
28552205000107
42006511000160
37072103000177
27374777000172
33727203000133
36909408000128
32386697000177
37477532000124
33039394000140
39857887000174
42268174000180
28151925000152
40104849000120
31019054000122
36510031000130
30251606000160
37241933000180
33794626000176
36122607000191
36158691000101
37732470000150
41987585000162
38207119000102
31597334000118
43712232000185
42470231000109
27133378000110
30366790000194
42435656000187
31401382000199
40088590000170
42934017000166
33511614000197
19408008000209
31297535000108
28871791000144
29730291000155
37450298000141
39282917000161
37357874000100
32120987000174
31144307000190
28540911000120
43831741000127
06023259006418
06023259007309
43931457000122
43935003000120
17785680000360
43952064000103
43953577000120
43989291000103
44012135000142
44035428000145
44072745000131
44112655000127
44117907000100
44162175000170
44170919000107
44171209000193
08516853000354
31885349000262
03243168000540
44410465000196
44430648000173
44433481000102
44443381000159
44452885000135
44452909000156
36953328000501
44478371000159
39379354000205
44618982000155
92792530009607
32481041000303
41043713000209
44668645000172
44669708000105
22183441000290
44687935000163
44688437000135
44689921000189
44720468000126
44764792000146
44774089000119
44802298000129
44835945000107
44860357000115
44861179000147
44900721000123
44976372000123
45052087000189
45181359000140
45205058000100
45212247000100
45230845000101
27830435000381
45321167000192
45366968000174
45376146000174
45382486000108
45404029000177
45423426000196
45445783000155
45466495000187
45600071000163
45607352000148
45744555000186
45745238000184
45751076000197
45785605000173
45792311000179
45834274000114
45891282000100
45906551000157
45935929000140
45937959000196
45969174000103
45979199000180
45996769000140
46014089000146
45647350000263
46130186000102
46156202000128
46198067000183
46223592000101
46282337000130
46294254000160
46371507000152
46379445000125
23490765000314
46398532000120
46399271000162
46400904000105
46428473000195
46466824000152
46516055000150
46516546000109
46520004000100
46539890000105
46570936000159
46594331000106
46606916000190
46636818000104
92792530010524
46669415000153
45015929000122
46711221000179
46767738000180
17310264000306
17310264000497
46806156000165
46831978000104
46841058000169
42637957000274
03072999000253
46987761000180
47006621000146
47085244000188
47086180000130
47086522000111
45137233000250
47125405000110
47131372000110
46549476000187
47153022000155
47154267000105
47163409000192
92792530010605
47205975000110
47246025000133
47302331000140
47320875000134
24666259000215
47389704000161
47394810000133
47420737000127
13728918000284
91958256001648
47522211000158
27384496000281
10861744000235
47600851000139
47644940000187
47652617000155
41043713002082
47669233000145
08411636001452
47730871000124
47739705000199
47746468000193
47747254000131
47792852000122
47807084000133
47831148000131
47839819000100
47851947000170
47878957000107
47884600000123
47985147000141
48001707000149
48009446000103
48038136000117
48049146000158
48057800000175
48117344000101
48139072000140
48178162000140
34024955000362
48290789000199
48315541000135
48352668000124
47712340000290
48430166000174
48433259000152
48440386000189
48531436000133
48531890000194
48560662000142
48564920000169
46098876000113
48620657000188
48664789000101
48762067000190
48806416000128
48864587000103
46833250000103
48932680000108
47699563000183
45946965000100
47269734000134
49002770000162
49019814000167
49078016000106
49144093000117
49156936000103
49192739000131
49200601000137
49212377000101
49238440000170
49239016000140
49253955000140
49258492000109
49263409000190
49281399000115
49288554000125
49292277000124
49309783000189
49317517000106
49339483000142
49348432000187
49355325000186
49358999000134
49376419000131
49380666000101
49397070000114
49427045000136
49440227000147
49460436000152
49473331000138
49496846000153
49508672000100
49523948000110
49524873000192
49530792000103
49536731000145
49540828000121
49588983000118
40991281000378
49600082000102
49604775000165
49622176000174
49755600000159
49759463000120
49760886000160
49423420000170
49777682000132
49793941000119
49830323000100
49832495000104
49839248000130
49897692000101
49922227000183
49938264000180
49973149000146
49996818000103
50023653000164
50091755000117
50104382000171
50110334000196
50152672000190
50153871000113
50155189000160
50159211000140
50165819000187
50170652000142
50239346000115
50245123000160
50256479000108
50259747000137
50268112000104
50294857000130
50304582000178
50306911000110
11977828000382
60431715001445
50330829000120
50337977000177
04238951001711
50381437000190
50509816000113
50536096000185
50541634000120
50546317000104
50562225000100
50572776000154
50575793000145
50595999000137
50615333000101
50615454000145
50689745000188
50695373000100
28514262000355
50707837000143
50716693000191
50747030000134
50765958000141
50767857000100
06023259008976
50859276000106
50875220000137
50886767000138
50917002000118
47766174000123
50939234000177
50950991000141
50961201000123
50961933000113
50977893000106
50999848000144
51005495000182
51019063000120
51029570000145
51030287000133
51045161000132
50871646000112
51095905000123
51097433000148
51123260000195
10851899002404
51142493000135
51153292000133
51175340000194
51278643000132
51291377000188
51342761000162
50217344000125
51379904000100
51412026000188
25161576000242
51470809000118
51503353000145
51519986000141
51595690000100
51598528000145
51601468000172
51611055000179
51639998000100
51664187000169
51664375000197
51667694000156
51710483000159
51720981000182
31190686001398
51768121000119
35756061000249
51788668000186
51799051000166
51835238000178
51853618000135
51859409000107
51894479000198
51914246000100
51920123000181
51936770000181
51948443000140
51950205000179
50987464000101
51974193000112
51985963000122
51992833000117
52001571000144
52003545000155
52029830000145
35394466000284
52079404000116
52079959000168
52084305000122
52099497000140
49577621000121
52121161000137
52123201000180
52139830000106
52218576000123
52222937000105
52231055000106
52260235000116
52277366000106
52281591000116
45949871000194
52326609000159
50728082000163
52406772000121
52414862000164
52420693000175
52441104000135
52451535000182
52454697000174
52471898000180
52482303000191
44074618000171
47935098000213
52506413000146
52511824000120
52546142000152
52560313000106
52565449000109
52574808000186
52582741000121
52584101000150
52591629000157
52597062000126
52619100000102
52629076000184
52630344000188
52631416000101
50178358000187
52676438000198
52677000000124
52705017000148
52715874000129
52722748000100
41464476000322
52768224000141
52773022000198
52782077000164
52799931000103
52832571000196
11310320000750
52882185000109
52893360000163
52898271000100
52900120000149
52907134000194
52933408000110
49821897000103
52940414000102
52940869000110
17690423000264
52997678000194
53011514000109
53054432000141
49894516000116
53071836000143
53130916000122
15816041000209
53142095000144
53143235000107
53156856000117
08172474000394
53176430000125
53197498000190
53207638000164
53210413000167
53211948000152
32051846000651
92792530011768
53332277000188
53338834000178
53411265000149
53413089000184
53417315000103
53451105000123
53456878000100
53496373000161
53565714000103
92792530012730
92792530012810
53690338000189
53710179000137
53722068000140
53734970000187
53747617000131
53783027000164
53787018000141
53798373000116
92792530012900
53819226000185
53830175000192
53845535000120
53883130000186
53900128000178
53952650000101
53954320000147
28738688000554
53970170000165
53987249000107
54026769000108
54037209000159
54041957000105
54044571000157
54054760000100
54087816000123
54123570000106
54123581000188
54127732000176
54161139000146
54224525000130
54238557000194
54279662000171
54332891000102
18033179000572
54370540000196
54375090000124
54381895000180
54397820000198
54398551000184
06023259009352
54442822000151
54455885000142
54480260000130
54481800000109
54500783000100
54502144000175
11310320000830
54517950000117
53924030000150
54566299000175
53988965000109
54690145000190
54705414000145
54716553000174
54721812000155
54726968000129
54785501000150
54803456000119
54814864000176
75014167000453
54874473000147
42043318000280
54910306000104
54953423000155
54966871000193
54985480000116
54991871000143
55003414000166
55046971000164
55051781000135
45637607000115
55086527000172
55101302000148
55114931000102
55127867000102
55165143000145
21198174000423
55204450000198
55256751000165
55259655000170
55264551000154
55289619000150
40130939000276
55335066000124
55360575000107
55387945000108
55388153000140
55402909000168
55403261000144
55417468000178
55432212000130
55438707000176
55489312000100
55495910000184
55513950000101
55534647000195
55538905000101
55544328000160
55562098000162
55574129000103
55618279000163
55618553000102
52437257000109
55703027000132
55746594000176
55757277000155
51461688000148
40759865000746
55830540000194
55835108000196
55973753000175
55992404000109
56009545000113
56015916000170
52496012000152
56026284000140
56028278000121
56104479000160
50915679000117
56153977000101
15789367000537
56230236000179
56245730000107
56263696000101
56267306000163
56390969000170
56421657000187
56603717000182
56636916000197
56660107000110
56666726000112
56747414000133
56780267000101
56780948000161
56823998000189
23583042000440
56876966000141
06023259010016
56942247000181
56944514000150
56948626000189
57013068000122
57063051000180
57065052000163
57078480000120
57087443000189
57095107000188
57126437000193
55500157000259
57165062000170
57181214000129
57187632000123
52695393000107
57258446000138
57333917000125
57348277000127
57351202000103
57358671000146
57360321000114
57369579000181
57391346000185
57404726000107
57421770000125
57545293000100
57568514000165
57589188000172
57601582000189
57615268000155
44034649000107
43505694000202
57706534000155
57706839000167
57783886000104
57827490000111
57833060000102
57894327000171
57919205000192
57937547000135
57957959000137
57964650000174
30053077000514
58010995000151
58013573000130
58030270000125
58034735000116
58050798000166
58063963000114
58067347000131
58077815000159
39644980000281
58101037000196
58171519000112
58185145000194
58191380000179
58197899000164
09012033000207
58218768000116
58236666000123
58244837000166
58246418000163
57939967000401
58287255000167
58297586000188
58362881000170
58376375000130
58397864000179
58450801000139
58462818000106
58477022000127
13704844000327
58489602000134
58496567000180
58507321000167
58566949000133
58600654000136
58653356000104
58673174000103
58683614000103
58689205000106
58699769000120
58705273000111
58771324000103
58807150000191
58832860000171
58849849000114
58888696000114
58920548000130
58923976000116
58930459000174
58941015000134
58944686000159
58972954000146
58990806000154
59001874000106
59005510000102
59028895000115
25161576000323
59074165000150
45868279000168
59095207000130
59111012000136
59150536000136
59187993000103
59189463000196
42415966000997
59196144000108
59258567000105
59316472000109
58499981000143
59342416000130
59360799000170
59362275000118
59382848000175
59386996000168
59408513000189
59485186000169
59490639000145
53935531000132
59520236000100
36457686000272
59536515000153
59564334000130
59567874000178
59575362000153
58930787000170
59581218000120
59614646000101
52451535000263
59668508000105
59687338000106
59696133000197
59753666000163
59756865000125
59760590000101
59794407000180
59808490000108
59822975000148
59826477000173
59829670000168
59830551000125
59836300000158
59843328000112
02957321000295
59891095000123
59896094000171
59896965000157
59897985000142
59942617000179
59975811000150
60001714000146
60014090000100
60080585000129
60185844000186
60276459000144
60278893000163
54032954000105
60326372000134
60330116000110
33441755000261
58980514000130
60420566000102
60495185000184
60518830000137
60554824000135
60562331000147
60570957000103
60583592000143
14327411001091
60599645000114
60607031000137
60638496000155
60645320000120
60656243000104
60664397000148
60669449000179
57939967001807
60707871000171
60727530000168
52480671000109
60762894000189
60775091000169
60803959000197
60809056000113
60827365000116
60854381000106
60860654000117
60885678000120
60890799000160
60935555000157
60943907000116
60944516000116
60962740000130
06023259011098
61022081000115
61043476000102
61054352000114
61061168000100
61109836000113
61121200000197
61145005000105
61157769000102
61179190000140
61199925000106
61200940000119
61234941000184
48976434000158
61262843000150
61263304000136
61266646000100
52453398000204
61319937000119
61323967000107
61369694000123
61399401000150
61411890000119
61429430000118
61355144000155
61474627000179
61481066000135
61485308000169
61519414000116
61528229000198
61541889000109
61552454000160
61572332000135
61575332000199
61578719000107
41778326000202
52235915000180
61631379000122
61633523000160
61663085000182
61687068000185
57934984000103
60296002000100
61722840000152
61733930000149
47210062000191
61777337000102
61865207000113
61872621000150
61922144000190
61922982000163
61927970000121
61929946000121
61934743000123
61733266000138
53677604000133
51950619000106
59468367000187
46198080000132
61355041000195
46973581000149
61664825000103
44710262000115
48598000000161
49605444000140
50295243000172
52652545000186
55269072000120
60031874000138
59141491000133
53864348000193
46831902000170
60509976000116
54656288000186
58909534000115
55095257000166
61138074000183
61967242000143
58193483000330
62059087000120
62062944000140
62081172000194
62101089000130
62103594000113
62107322000191
62119806000150
62182698000160
62186649000104
62202696000196
62232989000116
62239226000105
62253228000140
62280463000101
62301678000161
62307958000187
62341296000161
62347907000189
62360692000136
62374299000100
62405557000160
05149046000271
62426336000178
10851899003125
62479015000131
62495719000106
62510757000182
62516793000153
62553096000172
62562271000198
62578723000120
62618741000198
62646356000154
62663669000110
62665774000199
62675552000157
62709547000118
62721126000102
62782201000145
62786668000163
62811329000190
62837808000185
62848930000157
62861490000178
62861659000190
62865070000160
62865151000160
62874788000112
62879530000109
62887370000140
62940573000152
62947010000196
32293719000316
62965969000154
62966010000133
62995192000170
63025962000115
63076413000170
63094840000180
63118470000174
63123077000179
63167809000122
63184534000135
63188222000108
63193677000103
63211485000182
63224234000132
63233206000181
63295856000151
63324285000136
63345138000142
63346840000120
63348645000130
63398984000120
63405358000114
63468360000132
63474814000188
63491297000155
63500978000132
63512493000169
63514325000102
63518272000106
63242748000110
63547047000190
63628849000124
63638155000178
63655703000178
63669414000128
63675061000179
63709118000103
63709993000195
63711028000157
63762188000125
63767597000114
63768990000122
63770356000124
63772740000166
63827010000115
63833862000115
92792530016212
92792530016484
63852480000139
62129597000126
63887468000160
63899950000110
63919346000108
63931515000125
63957296000153
63970051000166
63992276000113
64005278000134
62349913000175
64052594000167
03992299000520
64134937000132
64142191000109
64203316000163
64285148000100
64299749000164
64307863000199
64349744000107
64362997000102
64379674000121
64381768000135
64389329000179
64418170000173
64460572000136
64469424000182
64489721000190
64498457000150
64501106000151
64508215000109
64515981000192
64522479000109
64560131000106
64567825000175
64574500000110
64607185000180
64610965000189
64626982000104
64630342000178
64649830000127
64105189000160
64760178000113
64760631000191
64782935000150
64790891000100
64799271000131
64799610000180
64818223000143
64821079000102
64828599000139
64849471000151
64853454000198
64864121000164
33394138000252
64889586000170
64917278000100
64923572000125
64975727000177
65040330000156
65056476000190
65062571000104
65079676000168
65113298000191
65136518000100
65172415000198
65174200000106
65197084000140
65202317000156
46407043000278
65263036000103
65287497000116
65300564000195
65317058000109
65343041000126
65354563000123
65386094000124
65401400000154
65423129000158
65428481000186
65444524000117
65485313000122
65500645000139
65515681000176
65521915000198
65554722000133
65569197000120
65602669000107
65637458000100
14416914000304
65657189000135
65668247000126
65685361000164
65714183000152
65714771000196
65715041000100
08188573000364
65762026000112
65800191000111
65822792000125
65846887000189
65853682000120
65855021000134
65909501000130
65918606000156
11310320001640
65940669000109
65946860000168
65998261000198
65999220000116
66001106000118
66037355000163
66042125000192
66069341000121
66083832000127
65588563000198
66104402000144
66110550000171
66123097000138
66132535000124
66149801000121
66182831000130
66185980000152
66187864000172
66240526000157
66247029000180
66260532000176
66265860000165
66269966000137
34006534000651
66314783000196
66330673000118
66332444000132
66339621000102
66369480000170
66400210000185
66427363000116
66435811000123
66451720000181
66514275000151
66555256000173
66568305000102
